country,subnational1,subnational2,area_ha,extent_2000_ha,extent_2010_ha,gain_2000-2012_ha,Year,Tree_Cover_Loss_ha
India,Andaman and Nicobar,Nicobar Islands,172679,147634,144925,1587,2001,1236
India,Andaman and Nicobar,North and Middle Andaman,340652,310759,308793,2600,2001,117
India,Andaman and Nicobar,South Andaman,247753,226008,225722,1658,2001,57
India,Andhra Pradesh,Anantapur,1922649,517,111,14,2001,0
India,Andhra Pradesh,Chittoor,1516880,81831,56859,218,2001,57
India,Andhra Pradesh,East Godavari,1075476,310205,284237,537,2001,89
India,Andhra Pradesh,Guntur,1141089,23783,57053,211,2001,59
India,Andhra Pradesh,Krishna,861607,17233,32054,57,2001,15
India,Andhra Pradesh,Kurnool,1777836,59574,40932,15,2001,12
India,Andhra Pradesh,Nellore,1301782,20837,28123,480,2001,58
India,Andhra Pradesh,Prakasam,1779564,79027,62790,158,2001,53
India,Andhra Pradesh,Srikakulam,627635,32693,20281,49,2001,43
India,Andhra Pradesh,Visakhapatnam,1137192,300879,241668,501,2001,347
India,Andhra Pradesh,Vizianagaram,572603,49147,37843,36,2001,28
India,Andhra Pradesh,West Godavari,775702,60575,58435,159,2001,29
India,Andhra Pradesh,Y.S.R.,1514967,69611,78628,109,2001,47
India,Arunachal Pradesh,Anjaw,651942,398495,369756,869,2001,114
India,Arunachal Pradesh,Changlang,503616,438332,431075,2788,2001,595
India,Arunachal Pradesh,Dibang Valley,751403,391182,373790,461,2001,31
India,Arunachal Pradesh,East Kameng,409167,390145,385591,1758,2001,413
India,Arunachal Pradesh,East Siang,361698,290410,288417,3988,2001,679
India,Arunachal Pradesh,Kurung Kumey,572190,445717,424968,1687,2001,212
India,Arunachal Pradesh,Lohit,344025,271516,266067,3990,2001,544
India,Arunachal Pradesh,Longding,93352,78346,76441,3641,2001,778
India,Arunachal Pradesh,Lower Dibang Valley,556430,415248,395777,2827,2001,378
India,Arunachal Pradesh,Lower Subansiri,378817,360577,353607,3121,2001,628
India,Arunachal Pradesh,Namsai,42486,17668,16789,468,2001,134
India,Arunachal Pradesh,Papum Pare,353251,332915,327083,1728,2001,592
India,Arunachal Pradesh,Tawang,215022,101851,91644,88,2001,23
India,Arunachal Pradesh,Tirap,109276,100278,97211,1525,2001,479
India,Arunachal Pradesh,Upper Siang,701634,542210,539323,2566,2001,610
India,Arunachal Pradesh,Upper Subansiri,641172,508012,470378,3444,2001,417
India,Arunachal Pradesh,West Kameng,734287,551070,545555,897,2001,234
India,Arunachal Pradesh,West Siang,779775,673340,659039,11997,2001,1731
India,Assam,Baksa,239364,50158,45466,75,2001,12
India,Assam,Barpeta,227857,10844,13386,12,2001,11
India,Assam,Bongaigaon,112362,15343,13976,40,2001,9
India,Assam,Cachar,378676,219197,215588,598,2001,218
India,Assam,Chirang,118891,44423,42350,24,2001,8
India,Assam,Darrang,159926,7656,4845,26,2001,4
India,Assam,Dhemaji,253740,39030,37503,185,2001,70
India,Assam,Dhubri,278096,35918,17751,73,2001,133
India,Assam,Dibrugarh,339191,84744,77617,1595,2001,156
India,Assam,Dima Hasao,490917,434941,406980,6766,2001,931
India,Assam,Goalpara,190100,21348,19886,58,2001,32
India,Assam,Golaghat,352585,49848,45910,1026,2001,85
India,Assam,Hailakandi,133352,68651,62917,273,2001,167
India,Assam,Jorhat,283776,49292,45600,943,2001,366
India,Assam,Kamrup,330488,96479,91075,288,2001,71
India,Assam,Kamrup Metropolitan,79666,28785,22733,100,2001,62
India,Assam,Karbi Anglong,1042664,789948,763795,6958,2001,1925
India,Assam,Karimganj,183306,74681,67823,235,2001,85
India,Assam,Kokrajhar,328978,109051,92428,155,2001,72
India,Assam,Lakhimpur,295203,53192,50368,413,2001,79
India,Assam,Morigaon,155363,10518,9080,25,2001,8
India,Assam,Nagaon,399001,77488,72138,443,2001,323
India,Assam,Nalbari,107600,11154,12942,2,2001,1
India,Assam,Sivasagar,263352,66061,58876,1211,2001,278
India,Assam,Sonitpur,528686,98395,84143,2521,2001,976
India,Assam,Tinsukia,379304,170120,170440,5279,2001,542
India,Assam,Udalguri,196790,32871,19883,548,2001,38
India,Bihar,Araria,281932,561,922,4,2001,1
India,Bihar,Arwal,66615,392,1880,14,2001,1
India,Bihar,Aurangabad,328198,875,630,5,2001,0
India,Bihar,Banka,309145,51,10,0,2001,0
India,Bihar,Begusarai,193928,196,271,1,2001,0
India,Bihar,Bhagalpur,256033,66,498,6,2001,0
India,Bihar,Bhojpur,237388,5464,22320,279,2001,17
India,Bihar,Buxar,170992,2040,5315,96,2001,22
India,Bihar,Darbhanga,228940,969,2839,15,2001,1
India,Bihar,Gaya,496554,2110,2748,2,2001,0
India,Bihar,Gopalganj,204094,175,2320,12,2001,0
India,Bihar,Jamui,308302,8863,2972,0,2001,0
India,Bihar,Jehanabad,93892,169,297,3,2001,7
India,Bihar,Kaimur,335075,4156,7422,89,2001,1
India,Bihar,Katihar,306233,107,223,8,2001,0
India,Bihar,Khagaria,149147,67,103,1,2001,0
India,Bihar,Kishanganj,193427,624,158,27,2001,3
India,Bihar,Lakhisarai,133641,7420,2606,11,2001,0
India,Bihar,Madhepura,183827,64,219,3,2001,0
India,Bihar,Madhubani,344146,3316,7618,25,2001,1
India,Bihar,Munger,136969,13748,10808,56,2001,0
India,Bihar,Muzaffarpur,318646,437,5012,8,2001,0
India,Bihar,Nalanda,233710,439,1645,4,2001,6
India,Bihar,Nawada,248578,9253,10478,1,2001,0
India,Bihar,Pashchim Champaran,523188,80413,80361,123,2001,50
India,Bihar,Patna,320539,1515,8189,38,2001,14
India,Bihar,Purba Champaran,399105,710,4891,6,2001,2
India,Bihar,Purnia,324600,128,133,6,2001,0
India,Bihar,Rohtas,386837,6235,7191,116,2001,11
India,Bihar,Saharsa,168897,153,215,4,2001,0
India,Bihar,Samastipur,290579,137,388,1,2001,0
India,Bihar,Saran,264523,223,3009,6,2001,0
India,Bihar,Sheikhpura,60405,9,18,0,2001,0
India,Bihar,Sheohar,57459,302,1358,6,2001,0
India,Bihar,Sitamarhi,205458,584,3341,7,2001,0
India,Bihar,Siwan,222545,223,3506,14,2001,0
India,Bihar,Supaul,238732,1517,2457,18,2001,3
India,Bihar,Vaishali,200961,132,1190,3,2001,0
India,Chandigarh,Chandigarh,11812,702,935,10,2001,0
India,Chhattisgarh,Balod,275414,16919,25869,3,2001,3
India,Chhattisgarh,Baloda Bazar,468572,25143,46646,1,2001,66
India,Chhattisgarh,Balrampur,633124,115996,64274,6,2001,42
India,Chhattisgarh,Bastar,591945,130358,118812,8,2001,45
India,Chhattisgarh,Bemetara,286904,44,29,0,2001,2
India,Chhattisgarh,Bijapur,879329,540837,498772,158,2001,221
India,Chhattisgarh,Bilaspur,555476,52822,34569,2,2001,171
India,Chhattisgarh,Dantewada,298090,88405,78733,17,2001,17
India,Chhattisgarh,Dhamtari,406306,84698,87870,1,2001,27
India,Chhattisgarh,Durg,298982,30,22,0,2001,1
India,Chhattisgarh,Gariaband,422957,110487,99238,1,2001,126
India,Chhattisgarh,Janjgir-Champa,387475,812,532,0,2001,36
India,Chhattisgarh,Jashpur,582341,73535,52235,2,2001,17
India,Chhattisgarh,Kabeerdham,422230,68990,63598,13,2001,27
India,Chhattisgarh,Kondagaon,509911,101269,93982,6,2001,401
India,Chhattisgarh,Korba,660932,134282,84264,2,2001,118
India,Chhattisgarh,Koriya,663712,115888,79594,1,2001,9
India,Chhattisgarh,Mahasamund,475380,7215,13348,3,2001,26
India,Chhattisgarh,Mungeli,278450,74732,52071,3,2001,9
India,Chhattisgarh,Narayanpur,392992,271260,249478,446,2001,151
India,Chhattisgarh,Raigarh,708412,55534,39766,4,2001,203
India,Chhattisgarh,Raipur,353390,370,888,0,2001,2
India,Chhattisgarh,Rajnandgaon,806554,113121,117362,50,2001,370
India,Chhattisgarh,Sukma,525060,150881,108640,44,2001,56
India,Chhattisgarh,Surajpur,544120,70867,40372,1,2001,5
India,Chhattisgarh,Surguja,399359,51150,32745,1,2001,8
India,Chhattisgarh,Uttar Bastar Kanker,715735,207926,200686,55,2001,464
India,Dadra and Nagar Haveli,Dadra and Nagar Haveli,49152,457,259,0,2001,0
India,Daman and Diu,Daman,5831,17,3,0,2001,0
India,Daman and Diu,Diu,2523,0,0,0,2001,0
India,Goa,North Goa,170604,41915,26028,1,2001,0
India,Goa,South Goa,198964,104551,90798,89,2001,6
India,Gujarat,Ahmadabad,773436,60,8,0,2001,0
India,Gujarat,Amreli,735510,5,1,0,2001,0
India,Gujarat,Anand,287832,46,7,0,2001,0
India,Gujarat,Aravalli,325245,10,2,1,2001,0
India,Gujarat,Banas Kantha,1061522,121,10,0,2001,0
India,Gujarat,Bharuch,543453,105,9,0,2001,0
India,Gujarat,Bhavnagar,677448,95,19,0,2001,0
India,Gujarat,Botad,162060,0,0,0,2001,0
India,Gujarat,Chhota Udaipur,368590,52,26,0,2001,0
India,Gujarat,Dahod,385651,310,44,0,2001,3
India,Gujarat,Devbhumi Dwarka,456016,17,0,0,2001,0
India,Gujarat,Gandhinagar,172338,1,0,0,2001,0
India,Gujarat,Gir Somnath,170164,15,1,6,2001,0
India,Gujarat,Jamnagar,670502,34,0,0,2001,0
India,Gujarat,Junagadh,702843,487,174,1,2001,0
India,Gujarat,Kachchh,4220838,33,2,0,2001,0
India,Gujarat,Kheda,398303,30,1,0,2001,0
India,Gujarat,Mahesana,438831,2,0,0,2001,0
India,Gujarat,Mahisagar,233539,11,4,0,2001,0
India,Gujarat,Morbi,481031,12,1,0,2001,0
India,Gujarat,Narmada,256838,2533,447,0,2001,2
India,Gujarat,Navsari,218334,1297,1294,0,2001,0
India,Gujarat,Panch Mahals,267704,27,16,0,2001,0
India,Gujarat,Patan,601243,0,0,0,2001,0
India,Gujarat,Porbandar,231056,39,0,0,2001,0
India,Gujarat,Rajkot,760630,17,2,0,2001,0
India,Gujarat,Sabar Kantha,418769,132,29,0,2001,1
India,Gujarat,Surat,439791,623,281,0,2001,0
India,Gujarat,Surendranagar,920266,180,26,0,2001,0
India,Gujarat,Tapi,314442,1563,620,0,2001,1
India,Gujarat,The Dangs,171142,8716,2274,0,2001,1
India,Gujarat,Vadodara,405249,9,1,0,2001,0
India,Gujarat,Valsad,301394,1346,1722,0,2001,0
India,Haryana,Ambala,175294,1380,1576,18,2001,2
India,Haryana,Bhiwani,463529,56,11,0,2001,1
India,Haryana,Faridabad,125761,80,174,8,2001,0
India,Haryana,Fatehabad,239977,13,54,0,2001,0
India,Haryana,Gurgaon,128536,169,111,1,2001,1
India,Haryana,Hisar,416939,68,6,0,2001,2
India,Haryana,Jhajjar,211225,135,91,4,2001,4
India,Haryana,Jind,273318,248,78,1,2001,1
India,Haryana,Kaithal,230046,1056,928,1,2001,3
India,Haryana,Karnal,258463,21,7,0,2001,0
India,Haryana,Kurukshetra,183593,445,241,1,2001,2
India,Haryana,Mahendragarh,193665,8,2,0,2001,0
India,Haryana,Mewat,146554,104,138,1,2001,0
India,Haryana,Palwal,90451,89,31,0,2001,0
India,Haryana,Panchkula,73780,27504,25438,39,2001,5
India,Haryana,Panipat,122468,60,365,19,2001,0
India,Haryana,Rewari,125324,47,23,0,2001,0
India,Haryana,Rohtak,168545,79,54,1,2001,1
India,Haryana,Sirsa,423119,4,3,0,2001,0
India,Haryana,Sonipat,221338,63,200,6,2001,1
India,Haryana,Yamunanagar,130521,11018,10477,22,2001,1
India,Himachal Pradesh,Bilaspur,116606,34773,31610,25,2001,0
India,Himachal Pradesh,Chamba,646061,170243,123366,144,2001,40
India,Himachal Pradesh,Hamirpur,112145,49052,45948,54,2001,1
India,Himachal Pradesh,Kangra,570651,231326,216284,499,2001,77
India,Himachal Pradesh,Kinnaur,645578,27943,15186,13,2001,3
India,Himachal Pradesh,Kullu,550194,151529,111321,40,2001,163
India,Himachal Pradesh,Lahul & Spiti,1380877,2610,1146,13,2001,0
India,Himachal Pradesh,Mandi,394812,172547,157589,136,2001,19
India,Himachal Pradesh,Shimla,513204,216911,160881,34,2001,18
India,Himachal Pradesh,Sirmaur,280863,163102,155136,103,2001,8
India,Himachal Pradesh,Solan,195597,92486,78371,65,2001,4
India,Himachal Pradesh,Una,153760,54587,51087,52,2001,11
India,Jammu and Kashmir,Anantnag,270262,74418,54946,33,2001,1
India,Jammu and Kashmir,Badgam,117282,15438,13073,7,2001,1
India,Jammu and Kashmir,Bandipore,252774,47946,34308,14,2001,3
India,Jammu and Kashmir,Baramulla,239201,61349,54085,60,2001,3
India,Jammu and Kashmir,Doda,262526,109809,74548,68,2001,4
India,Jammu and Kashmir,Ganderbal,126196,25483,18496,13,2001,1
India,Jammu and Kashmir,Jammu,214895,22392,18948,26,2001,4
India,Jammu and Kashmir,Kargil,1477323,225,38,11,2001,0
India,Jammu and Kashmir,Kathua,261794,62001,56822,106,2001,5
India,Jammu and Kashmir,Kishtwar,767032,113304,73885,40,2001,15
India,Jammu and Kashmir,Kulgam,134333,25547,24919,33,2001,0
India,Jammu and Kashmir,Kupwara,274748,117992,99047,63,2001,7
India,Jammu and Kashmir,Leh (Ladakh),4908732,62,19,15,2001,1
India,Jammu and Kashmir,Poonch,167356,60015,53733,22,2001,6
India,Jammu and Kashmir,Pulwama,73389,12895,12422,16,2001,0
India,Jammu and Kashmir,Rajouri,254200,83983,69907,19,2001,24
India,Jammu and Kashmir,Ramban,90221,27560,22655,4,2001,2
India,Jammu and Kashmir,Reasi,208383,84644,76285,23,2001,16
India,Jammu and Kashmir,Samba,84362,6928,6182,5,2001,1
India,Jammu and Kashmir,Shupiyan,72418,18029,20804,18,2001,0
India,Jammu and Kashmir,Srinagar,62771,11936,9782,12,2001,0
India,Jammu and Kashmir,Udhampur,245808,91063,77516,68,2001,4
India,Jharkhand,Bokaro,286989,10615,6059,0,2001,1
India,Jharkhand,Chatra,375718,35924,33133,28,2001,7
India,Jharkhand,Deoghar,244100,59,4,0,2001,0
India,Jharkhand,Dhanbad,208382,674,186,0,2001,0
India,Jharkhand,Dumka,377426,3146,665,133,2001,123
India,Jharkhand,Garhwa,407829,29720,12630,28,2001,3
India,Jharkhand,Giridih,499661,8970,5408,1,2001,0
India,Jharkhand,Godda,224195,4067,1254,67,2001,227
India,Jharkhand,Gumla,536525,58922,27871,1,2001,19
India,Jharkhand,Hazaribagh,481712,41777,39730,5,2001,1
India,Jharkhand,Jamtara,180473,8,0,0,2001,2
India,Jharkhand,Khunti,277225,15381,1120,1,2001,0
India,Jharkhand,Kodarma,132242,18562,19552,1,2001,0
India,Jharkhand,Latehar,426444,102907,50236,19,2001,32
India,Jharkhand,Lohardaga,149986,25424,13408,3,2001,63
India,Jharkhand,Pakur,181513,1630,958,66,2001,67
India,Jharkhand,Palamu,445541,18227,12788,29,2001,2
India,Jharkhand,Pashchimi Singhbhum,723098,133283,79138,10,2001,51
India,Jharkhand,Purbi Singhbhum,357770,9110,2382,3,2001,7
India,Jharkhand,Ramgarh,134403,5646,3524,0,2001,0
India,Jharkhand,Ranchi,488387,9234,1856,0,2001,1
India,Jharkhand,Sahibganj,219886,3225,589,93,2001,35
India,Jharkhand,Saraikela-kharsawan,265341,8165,1240,1,2001,0
India,Jharkhand,Simdega,379142,11654,3014,0,2001,0
India,Karnataka,Bagalkot,655258,105,42,0,2001,0
India,Karnataka,Bangalore,217903,162,26,2,2001,0
India,Karnataka,Bangalore Rural,230303,137,33,1,2001,0
India,Karnataka,Belgaum,1333488,49040,38050,38,2001,1
India,Karnataka,Bellary,842531,1836,226,2,2001,0
India,Karnataka,Bidar,543342,52,16,0,2001,1
India,Karnataka,Bijapur,1048432,53,15,0,2001,0
India,Karnataka,Chamrajnagar,565361,116045,83039,42,2001,4
India,Karnataka,Chikballapura,422931,1462,988,3,2001,0
India,Karnataka,Chikmagalur,718838,323326,298783,1150,2001,239
India,Karnataka,Chitradurga,842881,416,8,0,2001,0
India,Karnataka,Dakshina Kannada,456123,281111,231209,638,2001,273
India,Karnataka,Davanagere,660862,6521,346,6,2001,42
India,Karnataka,Dharwad,426092,464,1153,19,2001,0
India,Karnataka,Gadag,463089,15,1,0,2001,0
India,Karnataka,Gulbarga,1096303,48,10,0,2001,0
India,Karnataka,Hassan,679084,84418,62102,312,2001,561
India,Karnataka,Haveri,479411,587,321,15,2001,1
India,Karnataka,Kodagu,409587,308610,267919,818,2001,145
India,Karnataka,Kolar,397159,344,231,1,2001,3
India,Karnataka,Koppal,555591,14,7,7,2001,0
India,Karnataka,Mandya,492564,774,182,11,2001,1
India,Karnataka,Mysore,629741,70536,49242,92,2001,22
India,Karnataka,Raichur,843615,61,51,21,2001,0
India,Karnataka,Ramanagara,350745,2928,356,3,2001,0
India,Karnataka,Shimoga,773369,212771,134060,1093,2001,340
India,Karnataka,Tumkur,1059196,1426,314,7,2001,0
India,Karnataka,Udupi,390213,180568,137247,402,2001,65
India,Karnataka,Uttara Kannada,1027612,632365,575803,389,2001,51
India,Karnataka,Yadgir,526289,10,2,4,2001,0
India,Kerala,Alappuzha,124519,51188,46506,57,2001,5
India,Kerala,Ernakulam,225002,142323,115571,955,2001,26
India,Kerala,Idukki,499006,422964,413423,3789,2001,191
India,Kerala,Kannur,277392,220056,195713,302,2001,61
India,Kerala,Kasaragod,195107,107422,81572,231,2001,148
India,Kerala,Kollam,240436,193294,179738,2383,2001,80
India,Kerala,Kottayam,210255,158914,131488,431,2001,18
India,Kerala,Kozhikode,227197,161134,131968,156,2001,14
India,Kerala,Malappuram,349994,174081,128652,191,2001,7
India,Kerala,Palakkad,447188,216046,180783,692,2001,18
India,Kerala,Pathanamthitta,263424,235819,214996,828,2001,117
India,Kerala,Thiruvananthapuram,204253,153498,127197,1845,2001,23
India,Kerala,Thrissur,294081,191936,170228,866,2001,15
India,Kerala,Wayanad,212196,169547,159045,655,2001,22
India,Lakshadweep,Lakshadweep,3482,0,0,0,2001,0
India,Madhya Pradesh,Agar Malwa,276772,11,3,0,2001,0
India,Madhya Pradesh,Alirajpur,333104,526,41,0,2001,5
India,Madhya Pradesh,Anuppur,202588,5151,2964,0,2001,0
India,Madhya Pradesh,Ashoknagar,472393,353,150,3,2001,1
India,Madhya Pradesh,Balaghat,924893,318150,284474,110,2001,175
India,Madhya Pradesh,Barwani,542445,191,26,0,2001,0
India,Madhya Pradesh,Betul,1006834,44619,12942,15,2001,42
India,Madhya Pradesh,Bhind,447252,37,29,5,2001,0
India,Madhya Pradesh,Bhopal,272180,411,388,1,2001,7
India,Madhya Pradesh,Burhanpur,319674,304,101,0,2001,1
India,Madhya Pradesh,Chhatarpur,871307,9432,10557,37,2001,0
India,Madhya Pradesh,Chhindwara,1180484,47596,33573,19,2001,32
India,Madhya Pradesh,Damoh,735338,4141,3718,2,2001,2
India,Madhya Pradesh,Datia,252254,13,5,0,2001,0
India,Madhya Pradesh,Dewas,695694,683,550,0,2001,2
India,Madhya Pradesh,Dhar,813433,45,48,0,2001,2
India,Madhya Pradesh,Dindori,648866,165015,140518,13,2001,28
India,Madhya Pradesh,East Nimar,744494,2848,672,0,2001,2
India,Madhya Pradesh,Guna,629701,209,67,0,2001,0
India,Madhya Pradesh,Gwalior,458064,63,10,0,2001,0
India,Madhya Pradesh,Harda,331452,2518,1267,0,2001,2
India,Madhya Pradesh,Hoshangabad,670862,79045,47640,16,2001,5
India,Madhya Pradesh,Indore,390867,572,403,0,2001,5
India,Madhya Pradesh,Jabalpur,401166,8857,5026,2,2001,71
India,Madhya Pradesh,Jhabua,342698,9,2,0,2001,0
India,Madhya Pradesh,Katni,616355,20446,11180,17,2001,27
India,Madhya Pradesh,Mandla,677220,93818,90165,22,2001,24
India,Madhya Pradesh,Mandsaur,563118,66,10,0,2001,2
India,Madhya Pradesh,Morena,498479,60,23,2,2001,0
India,Madhya Pradesh,Narsimhapur,514459,17516,13262,4,2001,20
India,Madhya Pradesh,Neemuch,415427,39,11,0,2001,0
India,Madhya Pradesh,Panna,711358,11942,7857,13,2001,0
India,Madhya Pradesh,Raisen,849516,17063,21246,30,2001,19
India,Madhya Pradesh,Rajgarh,612022,44,39,0,2001,0
India,Madhya Pradesh,Ratlam,481618,33,6,0,2001,0
India,Madhya Pradesh,Rewa,631423,2701,3804,1,2001,0
India,Madhya Pradesh,Sagar,1025228,8268,4206,4,2001,7
India,Madhya Pradesh,Satna,750261,10327,5053,28,2001,1
India,Madhya Pradesh,Sehore,656297,4726,5166,6,2001,1
India,Madhya Pradesh,Seoni,875671,60198,52693,10,2001,80
India,Madhya Pradesh,Shahdol,831826,36032,26519,4,2001,2
India,Madhya Pradesh,Shajapur,352411,38,6,0,2001,0
India,Madhya Pradesh,Sheopur,652461,400,40,0,2001,0
India,Madhya Pradesh,Shivpuri,1046628,407,84,1,2001,0
India,Madhya Pradesh,Sidhi,478016,43220,33835,10,2001,8
India,Madhya Pradesh,Singrauli,578643,24183,22954,3,2001,0
India,Madhya Pradesh,Tikamgarh,506638,22,12,1,2001,1
India,Madhya Pradesh,Ujjain,608217,73,8,0,2001,6
India,Madhya Pradesh,Umaria,372591,32574,20399,10,2001,39
India,Madhya Pradesh,Vidisha,730295,2580,2838,0,2001,9
India,Madhya Pradesh,West Nimar,804393,504,174,0,2001,0
India,Maharashtra,Ahmadnagar,1613065,2155,685,0,2001,0
India,Maharashtra,Akola,551391,121,42,0,2001,4
India,Maharashtra,Amravati,1218596,37188,22756,1,2001,149
India,Maharashtra,Aurangabad,1009310,139,70,0,2001,0
India,Maharashtra,Bhandara,470048,29630,22796,10,2001,33
India,Maharashtra,Bid,1141360,18,8,0,2001,0
India,Maharashtra,Buldana,960383,562,217,0,2001,1
India,Maharashtra,Chandrapur,1130866,38431,26245,6,2001,12
India,Maharashtra,Dhule,716652,292,76,0,2001,0
India,Maharashtra,Garhchiroli,1446063,565777,532217,86,2001,564
India,Maharashtra,Gondiya,463678,77177,66986,14,2001,27
India,Maharashtra,Hingoli,468553,51,13,0,2001,4
India,Maharashtra,Jalgaon,1174820,1357,485,0,2001,8
India,Maharashtra,Jalna,777897,9,3,0,2001,0
India,Maharashtra,Kolhapur,765441,64263,50160,19,2001,0
India,Maharashtra,Latur,723325,84,9,0,2001,4
India,Maharashtra,Mumbai City,6798,2,0,0,2001,0
India,Maharashtra,Mumbai Suburban,41216,913,1816,0,2001,0
India,Maharashtra,Nagpur,992630,17895,13709,2,2001,59
India,Maharashtra,Nanded,1058842,2209,2191,0,2001,14
India,Maharashtra,Nandurbar,593190,1224,128,0,2001,9
India,Maharashtra,Nashik,1550954,2520,769,1,2001,1
India,Maharashtra,Osmanabad,755003,31,8,0,2001,0
India,Maharashtra,Palghar,532756,12058,9783,1,2001,2
India,Maharashtra,Parbhani,632812,56,11,0,2001,2
India,Maharashtra,Pune,1560120,20505,7436,2,2001,5
India,Maharashtra,Raigarh,701070,28536,9898,3,2001,6
India,Maharashtra,Ratnagiri,846264,33833,24447,9,2001,1
India,Maharashtra,Sangli,853492,4437,5233,0,2001,0
India,Maharashtra,Satara,1046855,27561,26313,2,2001,0
India,Maharashtra,Sindhudurg,517121,96181,50568,62,2001,4
India,Maharashtra,Solapur,1486719,67,13,0,2001,0
India,Maharashtra,Thane,423883,6043,3295,1,2001,2
India,Maharashtra,Wardha,630912,578,35,0,2001,22
India,Maharashtra,Washim,519150,104,20,0,2001,6
India,Maharashtra,Yavatmal,1352653,1395,760,0,2001,14
India,Manipur,Bishnupur,48080,1740,2108,41,2001,2
India,Manipur,Chandel,318641,269516,271928,8411,2001,759
India,Manipur,Churachandpur,471866,405634,397101,9196,2001,1219
India,Manipur,Imphal East,59830,18726,19984,132,2001,32
India,Manipur,Imphal West,48793,4009,4525,57,2001,4
India,Manipur,Senapati,348452,241261,254278,1584,2001,310
India,Manipur,Tamenglong,419673,386378,366470,6339,2001,1061
India,Manipur,Thoubal,71407,6569,8341,90,2001,24
India,Manipur,Ukhrul,445329,369843,383303,7931,2001,922
India,Meghalaya,East Garo Hills,218567,179466,163589,2813,2001,616
India,Meghalaya,East Khasi Hills,286198,179569,180921,716,2001,378
India,Meghalaya,Jaintia Hills,382407,272720,268991,1754,2001,805
India,Meghalaya,North Garo Hills,61123,40202,33277,175,2001,89
India,Meghalaya,Ri Bhoi,238512,190725,179250,1685,2001,419
India,Meghalaya,South Garo Hills,184901,162994,155050,2463,2001,481
India,Meghalaya,South West Garo Hills,51848,24712,19344,485,2001,30
India,Meghalaya,South West Khasi Hills,142031,101167,99795,938,2001,495
India,Meghalaya,West Garo Hills,304369,219605,181181,3872,2001,648
India,Meghalaya,West Khasi Hills,381666,312728,311386,4233,2001,667
India,Mizoram,Aizawl,345326,318685,295653,4861,2001,566
India,Mizoram,Champhai,343485,298619,288526,12121,2001,2770
India,Mizoram,Kolasib,134891,125638,118388,885,2001,162
India,Mizoram,Lawangtlai,204674,176551,164321,660,2001,184
India,Mizoram,Lunglei,455319,422560,390114,2812,2001,284
India,Mizoram,Mamit,307947,293143,271709,1490,2001,363
India,Mizoram,Saiha,197696,179646,171250,965,2001,98
India,Mizoram,Serchhip,135837,117116,110274,2492,2001,528
India,NCT of Delhi,West,150220,263,122,2,2001,0
India,Nagaland,Dimapur,86683,48008,47284,567,2001,69
India,Nagaland,Kiphire,112226,76884,81496,2438,2001,633
India,Nagaland,Kohima,131049,113206,112344,1181,2001,338
India,Nagaland,Longleng,58857,46310,45195,3993,2001,1265
India,Nagaland,Mokokchung,160570,135765,136223,9544,2001,2901
India,Nagaland,Mon,216824,175757,171643,8986,2001,2028
India,Nagaland,Peren,168370,153322,150576,3445,2001,942
India,Nagaland,Phek,191044,138636,151738,1311,2001,281
India,Nagaland,Tuensang,214332,163570,160823,6000,2001,1775
India,Nagaland,Wokha,162641,134385,131483,3190,2001,1164
India,Nagaland,Zunheboto,157366,124499,128062,3311,2001,935
India,Odisha,Anugul,637420,147440,91636,6,2001,24
India,Odisha,Balangir,657722,21125,7843,4,2001,16
India,Odisha,Baleshwar,370526,8669,2339,6,2001,13
India,Odisha,Bargarh,580584,19856,11873,4,2001,36
India,Odisha,Bauda,312387,94961,69469,32,2001,27
India,Odisha,Bhadrak,245295,122,18,0,2001,0
India,Odisha,Cuttack,394435,20532,6500,0,2001,10
India,Odisha,Debagarh,281405,60859,46069,4,2001,4
India,Odisha,Dhenkanal,448128,34340,12465,2,2001,6
India,Odisha,Gajapati,406805,163314,117932,87,2001,98
India,Odisha,Ganjam,838046,161507,109710,36,2001,78
India,Odisha,Jagatsinghapur,167105,77,12,0,2001,1
India,Odisha,Jajapur,290367,4074,2310,0,2001,1
India,Odisha,Jharsuguda,212024,2842,3758,3,2001,0
India,Odisha,Kalahandi,791570,160738,107293,624,2001,498
India,Odisha,Kandhamal,806513,442907,364535,2967,2001,1273
India,Odisha,Kendrapara,248250,58,13,0,2001,0
India,Odisha,Kendujhar,832369,111738,67637,33,2001,67
India,Odisha,Khordha,275639,15903,4978,0,2001,9
India,Odisha,Koraput,858243,105476,88021,115,2001,65
India,Odisha,Malkangiri,583117,122556,79929,54,2001,142
India,Odisha,Mayurbhanj,1045106,220030,163423,8,2001,52
India,Odisha,Nabarangapur,530817,29098,20600,10,2001,104
India,Odisha,Nayagarh,389939,120024,62714,2,2001,29
India,Odisha,Nuapada,387082,32953,24937,1,2001,34
India,Odisha,Puri,350223,376,36,0,2001,1
India,Odisha,Rayagada,738185,215343,153190,295,2001,217
India,Odisha,Sambalpur,674416,168907,136091,9,2001,24
India,Odisha,Subarnapur,236169,5721,2533,0,2001,2
India,Odisha,Sundargarh,973917,188647,158696,17,2001,145
India,Puducherry,Karaikal,19216,35,308,2,2001,0
India,Puducherry,Mahe,12834,6855,4980,6,2001,1
India,Puducherry,Puducherry,19529,19,264,2,2001,0
India,Puducherry,Yanam,3154,2,5,0,2001,0
India,Punjab,Amritsar,261222,377,432,6,2001,2
India,Punjab,Barnala,148257,320,4,0,2001,10
India,Punjab,Bathinda,336278,139,7,0,2001,1
India,Punjab,Faridkot,144767,75,0,0,2001,1
India,Punjab,Fatehgarh Sahib,117323,202,191,1,2001,2
India,Punjab,Fazilka,271964,87,3,0,2001,1
India,Punjab,Firozpur,250041,642,145,1,2001,5
India,Punjab,Gurdaspur,257822,347,502,8,2001,5
India,Punjab,Hoshiarpur,336023,36187,35452,102,2001,2
India,Punjab,Jalandhar,260276,36,24,0,2001,1
India,Punjab,Kapurthala,165789,563,284,4,2001,3
India,Punjab,Ludhiana,356965,1649,860,6,2001,30
India,Punjab,Mansa,220700,33,18,0,2001,1
India,Punjab,Moga,230248,779,15,0,2001,9
India,Punjab,Muktsar,259888,35,2,0,2001,0
India,Punjab,Pathankot,99880,11476,11764,118,2001,2
India,Punjab,Patiala,333599,1592,2279,9,2001,8
India,Punjab,Rupnagar,138152,10695,8336,44,2001,7
India,Punjab,Sahibzada Ajit Singh Nagar,108846,7882,7151,18,2001,5
India,Punjab,Sangrur,360325,296,209,2,2001,6
India,Punjab,Shahid Bhagat Singh Nagar,129603,1155,1502,10,2001,1
India,Punjab,Tarn Taran,234611,133,163,3,2001,0
India,Rajasthan,Ajmer,864832,2,0,0,2001,0
India,Rajasthan,Alwar,829131,4301,1955,46,2001,1
India,Rajasthan,Banswara,448765,44,12,0,2001,0
India,Rajasthan,Baran,682336,75,3,0,2001,0
India,Rajasthan,Barmer,2831742,0,0,0,2001,0
India,Rajasthan,Bharatpur,505079,543,402,7,2001,0
India,Rajasthan,Bhilwara,1044866,8,1,0,2001,1
India,Rajasthan,Bikaner,2692523,0,0,0,2001,0
India,Rajasthan,Bundi,557361,18,0,0,2001,0
India,Rajasthan,Chittaurgarh,757295,38,1,2,2001,2
India,Rajasthan,Churu,1705000,0,0,0,2001,0
India,Rajasthan,Dausa,358982,21,32,7,2001,0
India,Rajasthan,Dhaulpur,302532,43,20,0,2001,0
India,Rajasthan,Dungarpur,377631,12,2,0,2001,0
India,Rajasthan,Ganganagar,1166503,18,0,0,2001,0
India,Rajasthan,Hanumangarh,890122,1,0,0,2001,0
India,Rajasthan,Jaipur,1124440,250,114,5,2001,1
India,Rajasthan,Jaisalmer,3857174,0,0,0,2001,0
India,Rajasthan,Jalor,1070386,0,0,0,2001,0
India,Rajasthan,Jhalawar,624795,16,3,0,2001,0
India,Rajasthan,Jhunjhunun,591310,12,1,0,2001,0
India,Rajasthan,Jodhpur,2280202,0,0,0,2001,0
India,Rajasthan,Karauli,518220,40,116,12,2001,0
India,Rajasthan,Kota,550289,41,2,0,2001,0
India,Rajasthan,Nagaur,1764675,0,0,0,2001,0
India,Rajasthan,Pali,1232336,32,15,0,2001,0
India,Rajasthan,Pratapgarh,429766,62,16,0,2001,0
India,Rajasthan,Rajsamand,459177,100,85,0,2001,1
India,Rajasthan,Sawai Madhopur,467033,63,1,0,2001,0
India,Rajasthan,Sikar,768138,15,1,0,2001,0
India,Rajasthan,Sirohi,513533,1992,324,0,2001,0
India,Rajasthan,Tonk,723904,3,0,0,2001,0
India,Rajasthan,Udaipur,1200020,4288,1011,0,2001,7
India,Sikkim,East Sikkim,94656,54725,57243,28,2001,3
India,Sikkim,North Sikkim,424153,101793,94756,14,2001,13
India,Sikkim,South Sikkim,73171,39736,43238,6,2001,9
India,Sikkim,West Sikkim,116327,54197,58525,22,2001,11
India,Tamil Nadu,Ariyalur,195050,179,123,6,2001,2
India,Tamil Nadu,Chennai,19496,24,49,0,2001,0
India,Tamil Nadu,Coimbatore,381876,106394,99049,630,2001,16
India,Tamil Nadu,Cuddalore,381529,567,3119,30,2001,3
India,Tamil Nadu,Dharmapuri,451289,60229,40216,20,2001,10
India,Tamil Nadu,Dindigul,605693,131707,117953,1393,2001,936
India,Tamil Nadu,Erode,597195,110441,75879,31,2001,3
India,Tamil Nadu,Kancheepuram,465580,884,432,2,2001,16
India,Tamil Nadu,Kanniyakumari,159095,94368,73746,729,2001,127
India,Tamil Nadu,Karur,288912,2034,1747,16,2001,3
India,Tamil Nadu,Krishnagiri,513456,22659,9827,20,2001,12
India,Tamil Nadu,Madurai,368763,20142,12710,87,2001,66
India,Tamil Nadu,Nagappattinam,240430,2545,5577,43,2001,47
India,Tamil Nadu,Namakkal,340077,26491,18764,75,2001,7
India,Tamil Nadu,Perambalur,175214,6038,4306,0,2001,5
India,Tamil Nadu,Pudukkottai,469005,429,2027,35,2001,4
India,Tamil Nadu,Ramanathapuram,426072,1106,1433,4,2001,3
India,Tamil Nadu,Salem,521044,69377,48800,162,2001,137
India,Tamil Nadu,Sivaganga,406634,719,2896,40,2001,6
India,Tamil Nadu,Thanjavur,339136,6027,5306,127,2001,48
India,Tamil Nadu,The Nilgiris,254621,161439,142481,976,2001,23
India,Tamil Nadu,Theni,284519,68470,59469,295,2001,28
India,Tamil Nadu,Thiruvallur,330691,878,6890,14,2001,5
India,Tamil Nadu,Thiruvarur,251518,5829,11729,55,2001,48
India,Tamil Nadu,Thoothukkudi,471255,7328,2740,17,2001,95
India,Tamil Nadu,Tiruchirappalli,450426,19990,12920,64,2001,40
India,Tamil Nadu,Tirunelveli,677048,122641,101337,292,2001,259
India,Tamil Nadu,Tiruppur,579045,35152,29946,129,2001,16
India,Tamil Nadu,Tiruvannamalai,618357,53147,39589,7,2001,42
India,Tamil Nadu,Vellore,606757,52516,36387,13,2001,84
India,Tamil Nadu,Viluppuram,729374,26944,21438,82,2001,35
India,Tamil Nadu,Virudunagar,428927,13827,9721,44,2001,24
India,Telangana,Adilabad,1604386,43451,45576,1,2001,191
India,Telangana,Hyderabad,17802,7,0,0,2001,0
India,Telangana,Karimnagar,1190025,33293,27498,4,2001,27
India,Telangana,Khammam,1610018,420082,323300,263,2001,352
India,Telangana,Mahbubnagar,1837327,16103,10164,7,2001,37
India,Telangana,Medak,975732,310,48,0,2001,25
India,Telangana,Nalgonda,1409411,393,362,55,2001,34
India,Telangana,Nizamabad,790786,5468,3355,0,2001,48
India,Telangana,Ranga Reddy,754836,86,8,0,2001,10
India,Telangana,Warangal,1280889,144423,93032,23,2001,300
India,Tripura,Dhalai,243285,196775,179288,243,2001,783
India,Tripura,Gomati,141064,92622,78803,92,2001,407
India,Tripura,Khowai,103448,64933,53587,77,2001,269
India,Tripura,North Tripura,131984,95513,85079,207,2001,312
India,Tripura,Sipahijala,102396,44035,31352,173,2001,83
India,Tripura,South Tripura,152454,84216,68592,115,2001,939
India,Tripura,Unokoti,77444,50734,41125,90,2001,257
India,Tripura,West Tripura,101551,40464,31891,180,2001,40
India,Uttar Pradesh,Agra,352635,1111,433,9,2001,1
India,Uttar Pradesh,Aligarh,386530,269,234,2,2001,1
India,Uttar Pradesh,Allahabad,514803,109,1798,87,2001,0
India,Uttar Pradesh,Ambedkar Nagar,232472,190,2167,34,2001,0
India,Uttar Pradesh,Amethi,330740,180,3026,42,2001,0
India,Uttar Pradesh,Amroha,251713,225,224,9,2001,2
India,Uttar Pradesh,Auraiya,217850,52,54,2,2001,1
India,Uttar Pradesh,Azamgarh,389662,399,3073,53,2001,2
India,Uttar Pradesh,Baghpat,133245,118,759,29,2001,1
India,Uttar Pradesh,Bahraich,368710,29878,23583,83,2001,3
India,Uttar Pradesh,Ballia,300802,152,3476,22,2001,0
India,Uttar Pradesh,Balrampur,336719,42532,40338,194,2001,3
India,Uttar Pradesh,Banda,451968,158,1145,3,2001,0
India,Uttar Pradesh,Barabanki,443233,439,1197,33,2001,2
India,Uttar Pradesh,Bareilly,378328,72,251,10,2001,0
India,Uttar Pradesh,Basti,251766,171,697,7,2001,0
India,Uttar Pradesh,Bijnor,431434,15649,15499,108,2001,6
India,Uttar Pradesh,Budaun,420899,86,113,4,2001,2
India,Uttar Pradesh,Bulandshahr,357886,101,37,3,2001,2
India,Uttar Pradesh,Chandauli,253552,1556,7401,189,2001,0
India,Uttar Pradesh,Chitrakoot,308393,5790,5255,26,2001,0
India,Uttar Pradesh,Deoria,255677,321,1221,10,2001,2
India,Uttar Pradesh,Etah,250079,120,115,2,2001,0
India,Uttar Pradesh,Etawah,215276,531,454,13,2001,0
India,Uttar Pradesh,Faizabad,209951,186,856,18,2001,0
India,Uttar Pradesh,Farrukhabad,218442,353,417,3,2001,21
India,Uttar Pradesh,Fatehpur,417684,14,65,2,2001,0
India,Uttar Pradesh,Firozabad,284638,426,155,4,2001,0
India,Uttar Pradesh,Gautam Buddha Nagar,138611,8,7,0,2001,0
India,Uttar Pradesh,Ghaziabad,87238,15,36,0,2001,0
India,Uttar Pradesh,Ghazipur,338598,527,9953,117,2001,1
India,Uttar Pradesh,Gonda,400797,3583,5474,28,2001,0
India,Uttar Pradesh,Gorakhpur,306670,1170,2561,17,2001,3
India,Uttar Pradesh,Hamirpur,426283,251,26,1,2001,0
India,Uttar Pradesh,Hapur,110314,33,25,1,2001,4
India,Uttar Pradesh,Hardoi,601016,1430,532,44,2001,124
India,Uttar Pradesh,Hathras,162087,113,52,1,2001,0
India,Uttar Pradesh,Jalaun,456365,32,4,0,2001,0
India,Uttar Pradesh,Jaunpur,403582,104,1442,23,2001,0
India,Uttar Pradesh,Jhansi,506579,161,35,0,2001,0
India,Uttar Pradesh,Kannauj,207454,139,16,3,2001,7
India,Uttar Pradesh,Kanpur Dehat,316373,26,84,4,2001,0
India,Uttar Pradesh,Kanpur Nagar,292815,65,55,1,2001,0
India,Uttar Pradesh,Kasganj,197603,280,150,2,2001,1
India,Uttar Pradesh,Kaushambi,210356,11,338,8,2001,0
India,Uttar Pradesh,Kushinagar,288811,531,749,2,2001,2
India,Uttar Pradesh,Lakhimpur Kheri,770148,94748,78902,302,2001,124
India,Uttar Pradesh,Lalitpur,504678,2496,623,4,2001,1
India,Uttar Pradesh,Lucknow,253976,1160,1453,103,2001,6
India,Uttar Pradesh,Maharajganj,318731,31937,35386,72,2001,6
India,Uttar Pradesh,Mahoba,283604,111,116,1,2001,0
India,Uttar Pradesh,Mainpuri,275040,148,137,4,2001,0
India,Uttar Pradesh,Mathura,337399,304,568,2,2001,0
India,Uttar Pradesh,Mau,206654,176,2088,15,2001,1
India,Uttar Pradesh,Meerut,260507,729,710,4,2001,1
India,Uttar Pradesh,Mirzapur,451742,76,126,2,2001,0
India,Uttar Pradesh,Moradabad,210602,62,167,8,2001,1
India,Uttar Pradesh,Muzaffarnagar,273061,336,1206,27,2001,0
India,Uttar Pradesh,Pilibhit,359157,51081,50411,89,2001,4
India,Uttar Pradesh,Pratapgarh,371568,115,984,17,2001,0
India,Uttar Pradesh,Rae Bareli,327076,73,496,10,2001,0
India,Uttar Pradesh,Rampur,257084,3333,3481,26,2001,5
India,Uttar Pradesh,Saharanpur,372025,19899,17358,50,2001,2
India,Uttar Pradesh,Sambhal,213644,19,1,0,2001,0
India,Uttar Pradesh,Sant Kabir Nagar,132684,182,964,16,2001,1
India,Uttar Pradesh,Sant Ravi Das Nagar,100916,16,181,8,2001,0
India,Uttar Pradesh,Shahjahanpur,465191,5698,5281,29,2001,22
India,Uttar Pradesh,Shamli,131834,222,327,10,2001,0
India,Uttar Pradesh,Shravasti,315223,29554,26449,126,2001,16
India,Uttar Pradesh,Siddharth Nagar,347860,721,2477,9,2001,2
India,Uttar Pradesh,Sitapur,578044,1843,905,175,2001,132
India,Uttar Pradesh,Sonbhadra,678916,4879,1358,2,2001,0
India,Uttar Pradesh,Sultanpur,246165,90,1438,16,2001,0
India,Uttar Pradesh,Unnao,459854,243,709,46,2001,6
India,Uttar Pradesh,Varanasi,155118,54,47,2,2001,0
India,Uttarakhand,Almora,310201,112210,83294,188,2001,4
India,Uttarakhand,Bageshwar,228123,79668,58991,4,2001,0
India,Uttarakhand,Chamoli,792867,192909,152828,19,2001,3
India,Uttarakhand,Champawat,168452,118482,115597,521,2001,25
India,Uttarakhand,Dehradun,306702,156029,150809,52,2001,5
India,Uttarakhand,Garhwal,545564,291677,261345,120,2001,7
India,Uttarakhand,Hardwar,238572,25703,24158,211,2001,1
India,Uttarakhand,Nainital,406379,297778,287829,3809,2001,226
India,Uttarakhand,Pithoragarh,732913,124243,89944,33,2001,2
India,Uttarakhand,Rudraprayag,121405,46549,38960,6,2001,2
India,Uttarakhand,Tehri Garhwal,438890,216898,212079,72,2001,8
India,Uttarakhand,Udham Singh Nagar,286233,54957,57103,955,2001,38
India,Uttarakhand,Uttarkashi,804550,231737,198289,63,2001,9
India,West Bengal,Alipurduar,280176,118440,83490,660,2001,101
India,West Bengal,Bankura,696472,423,15,27,2001,11
India,West Bengal,Barddhaman,704144,190,172,4,2001,0
India,West Bengal,Birbhum,455570,7,96,1,2001,0
India,West Bengal,Dakshin Dinajpur,211766,122,160,1,2001,1
India,West Bengal,Darjiling,314436,152184,156762,399,2001,55
India,West Bengal,Haora,144036,1435,922,2,2001,6
India,West Bengal,Hugli,315210,1188,244,0,2001,1
India,West Bengal,Jalpaiguri,338376,67359,49856,480,2001,58
India,West Bengal,Koch Bihar,338718,14449,8297,172,2001,5
India,West Bengal,Kolkata,9162,35,3,0,2001,0
India,West Bengal,Maldah,361110,212,147,10,2001,0
India,West Bengal,Murshidabad,541121,357,173,3,2001,1
India,West Bengal,Nadia,392088,2000,790,1,2001,3
India,West Bengal,North 24 Parganas,581554,35148,26531,0,2001,3
India,West Bengal,Pashchim Medinipur,940038,1560,174,72,2001,84
India,West Bengal,Purba Medinipur,398147,850,253,1,2001,7
India,West Bengal,Puruliya,625675,3124,117,1,2001,1
India,West Bengal,South 24 Parganas,552715,4568,3307,0,2001,0
India,West Bengal,Uttar Dinajpur,336010,4269,375,208,2001,51
India,Andaman and Nicobar,Nicobar Islands,172679,147634,144925,1587,2002,1499
India,Andaman and Nicobar,North and Middle Andaman,340652,310759,308793,2600,2002,208
India,Andaman and Nicobar,South Andaman,247753,226008,225722,1658,2002,180
India,Andhra Pradesh,Anantapur,1922649,517,111,14,2002,0
India,Andhra Pradesh,Chittoor,1516880,81831,56859,218,2002,21
India,Andhra Pradesh,East Godavari,1075476,310205,284237,537,2002,185
India,Andhra Pradesh,Guntur,1141089,23783,57053,211,2002,87
India,Andhra Pradesh,Krishna,861607,17233,32054,57,2002,11
India,Andhra Pradesh,Kurnool,1777836,59574,40932,15,2002,7
India,Andhra Pradesh,Nellore,1301782,20837,28123,480,2002,17
India,Andhra Pradesh,Prakasam,1779564,79027,62790,158,2002,46
India,Andhra Pradesh,Srikakulam,627635,32693,20281,49,2002,10
India,Andhra Pradesh,Visakhapatnam,1137192,300879,241668,501,2002,210
India,Andhra Pradesh,Vizianagaram,572603,49147,37843,36,2002,20
India,Andhra Pradesh,West Godavari,775702,60575,58435,159,2002,50
India,Andhra Pradesh,Y.S.R.,1514967,69611,78628,109,2002,12
India,Arunachal Pradesh,Anjaw,651942,398495,369756,869,2002,65
India,Arunachal Pradesh,Changlang,503616,438332,431075,2788,2002,413
India,Arunachal Pradesh,Dibang Valley,751403,391182,373790,461,2002,48
India,Arunachal Pradesh,East Kameng,409167,390145,385591,1758,2002,164
India,Arunachal Pradesh,East Siang,361698,290410,288417,3988,2002,602
India,Arunachal Pradesh,Kurung Kumey,572190,445717,424968,1687,2002,146
India,Arunachal Pradesh,Lohit,344025,271516,266067,3990,2002,403
India,Arunachal Pradesh,Longding,93352,78346,76441,3641,2002,516
India,Arunachal Pradesh,Lower Dibang Valley,556430,415248,395777,2827,2002,476
India,Arunachal Pradesh,Lower Subansiri,378817,360577,353607,3121,2002,530
India,Arunachal Pradesh,Namsai,42486,17668,16789,468,2002,61
India,Arunachal Pradesh,Papum Pare,353251,332915,327083,1728,2002,486
India,Arunachal Pradesh,Tawang,215022,101851,91644,88,2002,16
India,Arunachal Pradesh,Tirap,109276,100278,97211,1525,2002,171
India,Arunachal Pradesh,Upper Siang,701634,542210,539323,2566,2002,421
India,Arunachal Pradesh,Upper Subansiri,641172,508012,470378,3444,2002,449
India,Arunachal Pradesh,West Kameng,734287,551070,545555,897,2002,163
India,Arunachal Pradesh,West Siang,779775,673340,659039,11997,2002,1873
India,Assam,Baksa,239364,50158,45466,75,2002,8
India,Assam,Barpeta,227857,10844,13386,12,2002,9
India,Assam,Bongaigaon,112362,15343,13976,40,2002,10
India,Assam,Cachar,378676,219197,215588,598,2002,153
India,Assam,Chirang,118891,44423,42350,24,2002,4
India,Assam,Darrang,159926,7656,4845,26,2002,6
India,Assam,Dhemaji,253740,39030,37503,185,2002,47
India,Assam,Dhubri,278096,35918,17751,73,2002,494
India,Assam,Dibrugarh,339191,84744,77617,1595,2002,156
India,Assam,Dima Hasao,490917,434941,406980,6766,2002,959
India,Assam,Goalpara,190100,21348,19886,58,2002,24
India,Assam,Golaghat,352585,49848,45910,1026,2002,82
India,Assam,Hailakandi,133352,68651,62917,273,2002,46
India,Assam,Jorhat,283776,49292,45600,943,2002,140
India,Assam,Kamrup,330488,96479,91075,288,2002,73
India,Assam,Kamrup Metropolitan,79666,28785,22733,100,2002,19
India,Assam,Karbi Anglong,1042664,789948,763795,6958,2002,2664
India,Assam,Karimganj,183306,74681,67823,235,2002,59
India,Assam,Kokrajhar,328978,109051,92428,155,2002,129
India,Assam,Lakhimpur,295203,53192,50368,413,2002,92
India,Assam,Morigaon,155363,10518,9080,25,2002,9
India,Assam,Nagaon,399001,77488,72138,443,2002,405
India,Assam,Nalbari,107600,11154,12942,2,2002,1
India,Assam,Sivasagar,263352,66061,58876,1211,2002,126
India,Assam,Sonitpur,528686,98395,84143,2521,2002,1864
India,Assam,Tinsukia,379304,170120,170440,5279,2002,439
India,Assam,Udalguri,196790,32871,19883,548,2002,36
India,Bihar,Araria,281932,561,922,4,2002,1
India,Bihar,Arwal,66615,392,1880,14,2002,0
India,Bihar,Aurangabad,328198,875,630,5,2002,0
India,Bihar,Banka,309145,51,10,0,2002,0
India,Bihar,Begusarai,193928,196,271,1,2002,0
India,Bihar,Bhagalpur,256033,66,498,6,2002,0
India,Bihar,Bhojpur,237388,5464,22320,279,2002,1
India,Bihar,Buxar,170992,2040,5315,96,2002,4
India,Bihar,Darbhanga,228940,969,2839,15,2002,1
India,Bihar,Gaya,496554,2110,2748,2,2002,0
India,Bihar,Gopalganj,204094,175,2320,12,2002,1
India,Bihar,Jamui,308302,8863,2972,0,2002,3
India,Bihar,Jehanabad,93892,169,297,3,2002,3
India,Bihar,Kaimur,335075,4156,7422,89,2002,1
India,Bihar,Katihar,306233,107,223,8,2002,0
India,Bihar,Khagaria,149147,67,103,1,2002,0
India,Bihar,Kishanganj,193427,624,158,27,2002,3
India,Bihar,Lakhisarai,133641,7420,2606,11,2002,2
India,Bihar,Madhepura,183827,64,219,3,2002,0
India,Bihar,Madhubani,344146,3316,7618,25,2002,3
India,Bihar,Munger,136969,13748,10808,56,2002,1
India,Bihar,Muzaffarpur,318646,437,5012,8,2002,0
India,Bihar,Nalanda,233710,439,1645,4,2002,1
India,Bihar,Nawada,248578,9253,10478,1,2002,0
India,Bihar,Pashchim Champaran,523188,80413,80361,123,2002,10
India,Bihar,Patna,320539,1515,8189,38,2002,0
India,Bihar,Purba Champaran,399105,710,4891,6,2002,1
India,Bihar,Purnia,324600,128,133,6,2002,0
India,Bihar,Rohtas,386837,6235,7191,116,2002,1
India,Bihar,Saharsa,168897,153,215,4,2002,0
India,Bihar,Samastipur,290579,137,388,1,2002,0
India,Bihar,Saran,264523,223,3009,6,2002,0
India,Bihar,Sheikhpura,60405,9,18,0,2002,0
India,Bihar,Sheohar,57459,302,1358,6,2002,0
India,Bihar,Sitamarhi,205458,584,3341,7,2002,0
India,Bihar,Siwan,222545,223,3506,14,2002,0
India,Bihar,Supaul,238732,1517,2457,18,2002,2
India,Bihar,Vaishali,200961,132,1190,3,2002,0
India,Chandigarh,Chandigarh,11812,702,935,10,2002,0
India,Chhattisgarh,Balod,275414,16919,25869,3,2002,1
India,Chhattisgarh,Baloda Bazar,468572,25143,46646,1,2002,17
India,Chhattisgarh,Balrampur,633124,115996,64274,6,2002,1
India,Chhattisgarh,Bastar,591945,130358,118812,8,2002,113
India,Chhattisgarh,Bemetara,286904,44,29,0,2002,1
India,Chhattisgarh,Bijapur,879329,540837,498772,158,2002,185
India,Chhattisgarh,Bilaspur,555476,52822,34569,2,2002,18
India,Chhattisgarh,Dantewada,298090,88405,78733,17,2002,134
India,Chhattisgarh,Dhamtari,406306,84698,87870,1,2002,23
India,Chhattisgarh,Durg,298982,30,22,0,2002,0
India,Chhattisgarh,Gariaband,422957,110487,99238,1,2002,87
India,Chhattisgarh,Janjgir-Champa,387475,812,532,0,2002,2
India,Chhattisgarh,Jashpur,582341,73535,52235,2,2002,1
India,Chhattisgarh,Kabeerdham,422230,68990,63598,13,2002,5
India,Chhattisgarh,Kondagaon,509911,101269,93982,6,2002,281
India,Chhattisgarh,Korba,660932,134282,84264,2,2002,6
India,Chhattisgarh,Koriya,663712,115888,79594,1,2002,0
India,Chhattisgarh,Mahasamund,475380,7215,13348,3,2002,15
India,Chhattisgarh,Mungeli,278450,74732,52071,3,2002,3
India,Chhattisgarh,Narayanpur,392992,271260,249478,446,2002,480
India,Chhattisgarh,Raigarh,708412,55534,39766,4,2002,8
India,Chhattisgarh,Raipur,353390,370,888,0,2002,1
India,Chhattisgarh,Rajnandgaon,806554,113121,117362,50,2002,217
India,Chhattisgarh,Sukma,525060,150881,108640,44,2002,228
India,Chhattisgarh,Surajpur,544120,70867,40372,1,2002,1
India,Chhattisgarh,Surguja,399359,51150,32745,1,2002,1
India,Chhattisgarh,Uttar Bastar Kanker,715735,207926,200686,55,2002,203
India,Dadra and Nagar Haveli,Dadra and Nagar Haveli,49152,457,259,0,2002,0
India,Daman and Diu,Daman,5831,17,3,0,2002,0
India,Daman and Diu,Diu,2523,0,0,0,2002,0
India,Goa,North Goa,170604,41915,26028,1,2002,1
India,Goa,South Goa,198964,104551,90798,89,2002,4
India,Gujarat,Ahmadabad,773436,60,8,0,2002,0
India,Gujarat,Amreli,735510,5,1,0,2002,0
India,Gujarat,Anand,287832,46,7,0,2002,0
India,Gujarat,Aravalli,325245,10,2,1,2002,0
India,Gujarat,Banas Kantha,1061522,121,10,0,2002,0
India,Gujarat,Bharuch,543453,105,9,0,2002,0
India,Gujarat,Bhavnagar,677448,95,19,0,2002,0
India,Gujarat,Botad,162060,0,0,0,2002,0
India,Gujarat,Chhota Udaipur,368590,52,26,0,2002,1
India,Gujarat,Dahod,385651,310,44,0,2002,0
India,Gujarat,Devbhumi Dwarka,456016,17,0,0,2002,0
India,Gujarat,Gandhinagar,172338,1,0,0,2002,0
India,Gujarat,Gir Somnath,170164,15,1,6,2002,0
India,Gujarat,Jamnagar,670502,34,0,0,2002,0
India,Gujarat,Junagadh,702843,487,174,1,2002,0
India,Gujarat,Kachchh,4220838,33,2,0,2002,0
India,Gujarat,Kheda,398303,30,1,0,2002,0
India,Gujarat,Mahesana,438831,2,0,0,2002,0
India,Gujarat,Mahisagar,233539,11,4,0,2002,0
India,Gujarat,Morbi,481031,12,1,0,2002,0
India,Gujarat,Narmada,256838,2533,447,0,2002,0
India,Gujarat,Navsari,218334,1297,1294,0,2002,0
India,Gujarat,Panch Mahals,267704,27,16,0,2002,0
India,Gujarat,Patan,601243,0,0,0,2002,0
India,Gujarat,Porbandar,231056,39,0,0,2002,0
India,Gujarat,Rajkot,760630,17,2,0,2002,0
India,Gujarat,Sabar Kantha,418769,132,29,0,2002,0
India,Gujarat,Surat,439791,623,281,0,2002,0
India,Gujarat,Surendranagar,920266,180,26,0,2002,0
India,Gujarat,Tapi,314442,1563,620,0,2002,0
India,Gujarat,The Dangs,171142,8716,2274,0,2002,0
India,Gujarat,Vadodara,405249,9,1,0,2002,0
India,Gujarat,Valsad,301394,1346,1722,0,2002,0
India,Haryana,Ambala,175294,1380,1576,18,2002,4
India,Haryana,Bhiwani,463529,56,11,0,2002,0
India,Haryana,Faridabad,125761,80,174,8,2002,1
India,Haryana,Fatehabad,239977,13,54,0,2002,0
India,Haryana,Gurgaon,128536,169,111,1,2002,0
India,Haryana,Hisar,416939,68,6,0,2002,0
India,Haryana,Jhajjar,211225,135,91,4,2002,0
India,Haryana,Jind,273318,248,78,1,2002,0
India,Haryana,Kaithal,230046,1056,928,1,2002,1
India,Haryana,Karnal,258463,21,7,0,2002,0
India,Haryana,Kurukshetra,183593,445,241,1,2002,3
India,Haryana,Mahendragarh,193665,8,2,0,2002,0
India,Haryana,Mewat,146554,104,138,1,2002,0
India,Haryana,Palwal,90451,89,31,0,2002,0
India,Haryana,Panchkula,73780,27504,25438,39,2002,3
India,Haryana,Panipat,122468,60,365,19,2002,0
India,Haryana,Rewari,125324,47,23,0,2002,0
India,Haryana,Rohtak,168545,79,54,1,2002,0
India,Haryana,Sirsa,423119,4,3,0,2002,0
India,Haryana,Sonipat,221338,63,200,6,2002,0
India,Haryana,Yamunanagar,130521,11018,10477,22,2002,3
India,Himachal Pradesh,Bilaspur,116606,34773,31610,25,2002,1
India,Himachal Pradesh,Chamba,646061,170243,123366,144,2002,135
India,Himachal Pradesh,Hamirpur,112145,49052,45948,54,2002,1
India,Himachal Pradesh,Kangra,570651,231326,216284,499,2002,40
India,Himachal Pradesh,Kinnaur,645578,27943,15186,13,2002,17
India,Himachal Pradesh,Kullu,550194,151529,111321,40,2002,30
India,Himachal Pradesh,Lahul & Spiti,1380877,2610,1146,13,2002,0
India,Himachal Pradesh,Mandi,394812,172547,157589,136,2002,5
India,Himachal Pradesh,Shimla,513204,216911,160881,34,2002,84
India,Himachal Pradesh,Sirmaur,280863,163102,155136,103,2002,16
India,Himachal Pradesh,Solan,195597,92486,78371,65,2002,6
India,Himachal Pradesh,Una,153760,54587,51087,52,2002,3
India,Jammu and Kashmir,Anantnag,270262,74418,54946,33,2002,6
India,Jammu and Kashmir,Badgam,117282,15438,13073,7,2002,0
India,Jammu and Kashmir,Bandipore,252774,47946,34308,14,2002,0
India,Jammu and Kashmir,Baramulla,239201,61349,54085,60,2002,2
India,Jammu and Kashmir,Doda,262526,109809,74548,68,2002,40
India,Jammu and Kashmir,Ganderbal,126196,25483,18496,13,2002,1
India,Jammu and Kashmir,Jammu,214895,22392,18948,26,2002,3
India,Jammu and Kashmir,Kargil,1477323,225,38,11,2002,0
India,Jammu and Kashmir,Kathua,261794,62001,56822,106,2002,158
India,Jammu and Kashmir,Kishtwar,767032,113304,73885,40,2002,31
India,Jammu and Kashmir,Kulgam,134333,25547,24919,33,2002,17
India,Jammu and Kashmir,Kupwara,274748,117992,99047,63,2002,2
India,Jammu and Kashmir,Leh (Ladakh),4908732,62,19,15,2002,0
India,Jammu and Kashmir,Poonch,167356,60015,53733,22,2002,9
India,Jammu and Kashmir,Pulwama,73389,12895,12422,16,2002,1
India,Jammu and Kashmir,Rajouri,254200,83983,69907,19,2002,7
India,Jammu and Kashmir,Ramban,90221,27560,22655,4,2002,5
India,Jammu and Kashmir,Reasi,208383,84644,76285,23,2002,16
India,Jammu and Kashmir,Samba,84362,6928,6182,5,2002,9
India,Jammu and Kashmir,Shupiyan,72418,18029,20804,18,2002,2
India,Jammu and Kashmir,Srinagar,62771,11936,9782,12,2002,0
India,Jammu and Kashmir,Udhampur,245808,91063,77516,68,2002,90
India,Jharkhand,Bokaro,286989,10615,6059,0,2002,0
India,Jharkhand,Chatra,375718,35924,33133,28,2002,2
India,Jharkhand,Deoghar,244100,59,4,0,2002,0
India,Jharkhand,Dhanbad,208382,674,186,0,2002,0
India,Jharkhand,Dumka,377426,3146,665,133,2002,2
India,Jharkhand,Garhwa,407829,29720,12630,28,2002,1
India,Jharkhand,Giridih,499661,8970,5408,1,2002,0
India,Jharkhand,Godda,224195,4067,1254,67,2002,4
India,Jharkhand,Gumla,536525,58922,27871,1,2002,1
India,Jharkhand,Hazaribagh,481712,41777,39730,5,2002,2
India,Jharkhand,Jamtara,180473,8,0,0,2002,0
India,Jharkhand,Khunti,277225,15381,1120,1,2002,2
India,Jharkhand,Kodarma,132242,18562,19552,1,2002,2
India,Jharkhand,Latehar,426444,102907,50236,19,2002,6
India,Jharkhand,Lohardaga,149986,25424,13408,3,2002,1
India,Jharkhand,Pakur,181513,1630,958,66,2002,5
India,Jharkhand,Palamu,445541,18227,12788,29,2002,1
India,Jharkhand,Pashchimi Singhbhum,723098,133283,79138,10,2002,54
India,Jharkhand,Purbi Singhbhum,357770,9110,2382,3,2002,2
India,Jharkhand,Ramgarh,134403,5646,3524,0,2002,0
India,Jharkhand,Ranchi,488387,9234,1856,0,2002,0
India,Jharkhand,Sahibganj,219886,3225,589,93,2002,3
India,Jharkhand,Saraikela-kharsawan,265341,8165,1240,1,2002,3
India,Jharkhand,Simdega,379142,11654,3014,0,2002,0
India,Karnataka,Bagalkot,655258,105,42,0,2002,0
India,Karnataka,Bangalore,217903,162,26,2,2002,0
India,Karnataka,Bangalore Rural,230303,137,33,1,2002,1
India,Karnataka,Belgaum,1333488,49040,38050,38,2002,0
India,Karnataka,Bellary,842531,1836,226,2,2002,0
India,Karnataka,Bidar,543342,52,16,0,2002,2
India,Karnataka,Bijapur,1048432,53,15,0,2002,0
India,Karnataka,Chamrajnagar,565361,116045,83039,42,2002,3
India,Karnataka,Chikballapura,422931,1462,988,3,2002,0
India,Karnataka,Chikmagalur,718838,323326,298783,1150,2002,271
India,Karnataka,Chitradurga,842881,416,8,0,2002,0
India,Karnataka,Dakshina Kannada,456123,281111,231209,638,2002,179
India,Karnataka,Davanagere,660862,6521,346,6,2002,0
India,Karnataka,Dharwad,426092,464,1153,19,2002,1
India,Karnataka,Gadag,463089,15,1,0,2002,0
India,Karnataka,Gulbarga,1096303,48,10,0,2002,0
India,Karnataka,Hassan,679084,84418,62102,312,2002,147
India,Karnataka,Haveri,479411,587,321,15,2002,1
India,Karnataka,Kodagu,409587,308610,267919,818,2002,53
India,Karnataka,Kolar,397159,344,231,1,2002,2
India,Karnataka,Koppal,555591,14,7,7,2002,0
India,Karnataka,Mandya,492564,774,182,11,2002,0
India,Karnataka,Mysore,629741,70536,49242,92,2002,2
India,Karnataka,Raichur,843615,61,51,21,2002,0
India,Karnataka,Ramanagara,350745,2928,356,3,2002,0
India,Karnataka,Shimoga,773369,212771,134060,1093,2002,195
India,Karnataka,Tumkur,1059196,1426,314,7,2002,0
India,Karnataka,Udupi,390213,180568,137247,402,2002,83
India,Karnataka,Uttara Kannada,1027612,632365,575803,389,2002,66
India,Karnataka,Yadgir,526289,10,2,4,2002,0
India,Kerala,Alappuzha,124519,51188,46506,57,2002,8
India,Kerala,Ernakulam,225002,142323,115571,955,2002,48
India,Kerala,Idukki,499006,422964,413423,3789,2002,215
India,Kerala,Kannur,277392,220056,195713,302,2002,112
India,Kerala,Kasaragod,195107,107422,81572,231,2002,77
India,Kerala,Kollam,240436,193294,179738,2383,2002,225
India,Kerala,Kottayam,210255,158914,131488,431,2002,46
India,Kerala,Kozhikode,227197,161134,131968,156,2002,26
India,Kerala,Malappuram,349994,174081,128652,191,2002,20
India,Kerala,Palakkad,447188,216046,180783,692,2002,44
India,Kerala,Pathanamthitta,263424,235819,214996,828,2002,63
India,Kerala,Thiruvananthapuram,204253,153498,127197,1845,2002,77
India,Kerala,Thrissur,294081,191936,170228,866,2002,53
India,Kerala,Wayanad,212196,169547,159045,655,2002,17
India,Lakshadweep,Lakshadweep,3482,0,0,0,2002,0
India,Madhya Pradesh,Agar Malwa,276772,11,3,0,2002,0
India,Madhya Pradesh,Alirajpur,333104,526,41,0,2002,2
India,Madhya Pradesh,Anuppur,202588,5151,2964,0,2002,0
India,Madhya Pradesh,Ashoknagar,472393,353,150,3,2002,0
India,Madhya Pradesh,Balaghat,924893,318150,284474,110,2002,123
India,Madhya Pradesh,Barwani,542445,191,26,0,2002,0
India,Madhya Pradesh,Betul,1006834,44619,12942,15,2002,13
India,Madhya Pradesh,Bhind,447252,37,29,5,2002,0
India,Madhya Pradesh,Bhopal,272180,411,388,1,2002,1
India,Madhya Pradesh,Burhanpur,319674,304,101,0,2002,0
India,Madhya Pradesh,Chhatarpur,871307,9432,10557,37,2002,0
India,Madhya Pradesh,Chhindwara,1180484,47596,33573,19,2002,9
India,Madhya Pradesh,Damoh,735338,4141,3718,2,2002,2
India,Madhya Pradesh,Datia,252254,13,5,0,2002,0
India,Madhya Pradesh,Dewas,695694,683,550,0,2002,1
India,Madhya Pradesh,Dhar,813433,45,48,0,2002,0
India,Madhya Pradesh,Dindori,648866,165015,140518,13,2002,1
India,Madhya Pradesh,East Nimar,744494,2848,672,0,2002,2
India,Madhya Pradesh,Guna,629701,209,67,0,2002,0
India,Madhya Pradesh,Gwalior,458064,63,10,0,2002,0
India,Madhya Pradesh,Harda,331452,2518,1267,0,2002,0
India,Madhya Pradesh,Hoshangabad,670862,79045,47640,16,2002,0
India,Madhya Pradesh,Indore,390867,572,403,0,2002,0
India,Madhya Pradesh,Jabalpur,401166,8857,5026,2,2002,74
India,Madhya Pradesh,Jhabua,342698,9,2,0,2002,0
India,Madhya Pradesh,Katni,616355,20446,11180,17,2002,30
India,Madhya Pradesh,Mandla,677220,93818,90165,22,2002,21
India,Madhya Pradesh,Mandsaur,563118,66,10,0,2002,0
India,Madhya Pradesh,Morena,498479,60,23,2,2002,0
India,Madhya Pradesh,Narsimhapur,514459,17516,13262,4,2002,6
India,Madhya Pradesh,Neemuch,415427,39,11,0,2002,1
India,Madhya Pradesh,Panna,711358,11942,7857,13,2002,2
India,Madhya Pradesh,Raisen,849516,17063,21246,30,2002,7
India,Madhya Pradesh,Rajgarh,612022,44,39,0,2002,0
India,Madhya Pradesh,Ratlam,481618,33,6,0,2002,1
India,Madhya Pradesh,Rewa,631423,2701,3804,1,2002,0
India,Madhya Pradesh,Sagar,1025228,8268,4206,4,2002,2
India,Madhya Pradesh,Satna,750261,10327,5053,28,2002,2
India,Madhya Pradesh,Sehore,656297,4726,5166,6,2002,0
India,Madhya Pradesh,Seoni,875671,60198,52693,10,2002,44
India,Madhya Pradesh,Shahdol,831826,36032,26519,4,2002,2
India,Madhya Pradesh,Shajapur,352411,38,6,0,2002,0
India,Madhya Pradesh,Sheopur,652461,400,40,0,2002,0
India,Madhya Pradesh,Shivpuri,1046628,407,84,1,2002,1
India,Madhya Pradesh,Sidhi,478016,43220,33835,10,2002,0
India,Madhya Pradesh,Singrauli,578643,24183,22954,3,2002,0
India,Madhya Pradesh,Tikamgarh,506638,22,12,1,2002,0
India,Madhya Pradesh,Ujjain,608217,73,8,0,2002,0
India,Madhya Pradesh,Umaria,372591,32574,20399,10,2002,35
India,Madhya Pradesh,Vidisha,730295,2580,2838,0,2002,1
India,Madhya Pradesh,West Nimar,804393,504,174,0,2002,0
India,Maharashtra,Ahmadnagar,1613065,2155,685,0,2002,0
India,Maharashtra,Akola,551391,121,42,0,2002,1
India,Maharashtra,Amravati,1218596,37188,22756,1,2002,28
India,Maharashtra,Aurangabad,1009310,139,70,0,2002,0
India,Maharashtra,Bhandara,470048,29630,22796,10,2002,45
India,Maharashtra,Bid,1141360,18,8,0,2002,0
India,Maharashtra,Buldana,960383,562,217,0,2002,0
India,Maharashtra,Chandrapur,1130866,38431,26245,6,2002,167
India,Maharashtra,Dhule,716652,292,76,0,2002,0
India,Maharashtra,Garhchiroli,1446063,565777,532217,86,2002,298
India,Maharashtra,Gondiya,463678,77177,66986,14,2002,63
India,Maharashtra,Hingoli,468553,51,13,0,2002,0
India,Maharashtra,Jalgaon,1174820,1357,485,0,2002,1
India,Maharashtra,Jalna,777897,9,3,0,2002,0
India,Maharashtra,Kolhapur,765441,64263,50160,19,2002,4
India,Maharashtra,Latur,723325,84,9,0,2002,2
India,Maharashtra,Mumbai City,6798,2,0,0,2002,0
India,Maharashtra,Mumbai Suburban,41216,913,1816,0,2002,0
India,Maharashtra,Nagpur,992630,17895,13709,2,2002,50
India,Maharashtra,Nanded,1058842,2209,2191,0,2002,3
India,Maharashtra,Nandurbar,593190,1224,128,0,2002,0
India,Maharashtra,Nashik,1550954,2520,769,1,2002,1
India,Maharashtra,Osmanabad,755003,31,8,0,2002,0
India,Maharashtra,Palghar,532756,12058,9783,1,2002,0
India,Maharashtra,Parbhani,632812,56,11,0,2002,1
India,Maharashtra,Pune,1560120,20505,7436,2,2002,1
India,Maharashtra,Raigarh,701070,28536,9898,3,2002,2
India,Maharashtra,Ratnagiri,846264,33833,24447,9,2002,2
India,Maharashtra,Sangli,853492,4437,5233,0,2002,0
India,Maharashtra,Satara,1046855,27561,26313,2,2002,1
India,Maharashtra,Sindhudurg,517121,96181,50568,62,2002,9
India,Maharashtra,Solapur,1486719,67,13,0,2002,0
India,Maharashtra,Thane,423883,6043,3295,1,2002,0
India,Maharashtra,Wardha,630912,578,35,0,2002,3
India,Maharashtra,Washim,519150,104,20,0,2002,2
India,Maharashtra,Yavatmal,1352653,1395,760,0,2002,4
India,Manipur,Bishnupur,48080,1740,2108,41,2002,10
India,Manipur,Chandel,318641,269516,271928,8411,2002,834
India,Manipur,Churachandpur,471866,405634,397101,9196,2002,1157
India,Manipur,Imphal East,59830,18726,19984,132,2002,11
India,Manipur,Imphal West,48793,4009,4525,57,2002,7
India,Manipur,Senapati,348452,241261,254278,1584,2002,224
India,Manipur,Tamenglong,419673,386378,366470,6339,2002,999
India,Manipur,Thoubal,71407,6569,8341,90,2002,17
India,Manipur,Ukhrul,445329,369843,383303,7931,2002,980
India,Meghalaya,East Garo Hills,218567,179466,163589,2813,2002,652
India,Meghalaya,East Khasi Hills,286198,179569,180921,716,2002,239
India,Meghalaya,Jaintia Hills,382407,272720,268991,1754,2002,607
India,Meghalaya,North Garo Hills,61123,40202,33277,175,2002,71
India,Meghalaya,Ri Bhoi,238512,190725,179250,1685,2002,281
India,Meghalaya,South Garo Hills,184901,162994,155050,2463,2002,332
India,Meghalaya,South West Garo Hills,51848,24712,19344,485,2002,37
India,Meghalaya,South West Khasi Hills,142031,101167,99795,938,2002,369
India,Meghalaya,West Garo Hills,304369,219605,181181,3872,2002,595
India,Meghalaya,West Khasi Hills,381666,312728,311386,4233,2002,504
India,Mizoram,Aizawl,345326,318685,295653,4861,2002,532
India,Mizoram,Champhai,343485,298619,288526,12121,2002,2603
India,Mizoram,Kolasib,134891,125638,118388,885,2002,93
India,Mizoram,Lawangtlai,204674,176551,164321,660,2002,108
India,Mizoram,Lunglei,455319,422560,390114,2812,2002,341
India,Mizoram,Mamit,307947,293143,271709,1490,2002,195
India,Mizoram,Saiha,197696,179646,171250,965,2002,150
India,Mizoram,Serchhip,135837,117116,110274,2492,2002,443
India,NCT of Delhi,West,150220,263,122,2,2002,0
India,Nagaland,Dimapur,86683,48008,47284,567,2002,124
India,Nagaland,Kiphire,112226,76884,81496,2438,2002,732
India,Nagaland,Kohima,131049,113206,112344,1181,2002,229
India,Nagaland,Longleng,58857,46310,45195,3993,2002,611
India,Nagaland,Mokokchung,160570,135765,136223,9544,2002,1015
India,Nagaland,Mon,216824,175757,171643,8986,2002,1430
India,Nagaland,Peren,168370,153322,150576,3445,2002,806
India,Nagaland,Phek,191044,138636,151738,1311,2002,410
India,Nagaland,Tuensang,214332,163570,160823,6000,2002,1383
India,Nagaland,Wokha,162641,134385,131483,3190,2002,602
India,Nagaland,Zunheboto,157366,124499,128062,3311,2002,417
India,Odisha,Anugul,637420,147440,91636,6,2002,48
India,Odisha,Balangir,657722,21125,7843,4,2002,10
India,Odisha,Baleshwar,370526,8669,2339,6,2002,5
India,Odisha,Bargarh,580584,19856,11873,4,2002,18
India,Odisha,Bauda,312387,94961,69469,32,2002,16
India,Odisha,Bhadrak,245295,122,18,0,2002,0
India,Odisha,Cuttack,394435,20532,6500,0,2002,8
India,Odisha,Debagarh,281405,60859,46069,4,2002,27
India,Odisha,Dhenkanal,448128,34340,12465,2,2002,13
India,Odisha,Gajapati,406805,163314,117932,87,2002,176
India,Odisha,Ganjam,838046,161507,109710,36,2002,78
India,Odisha,Jagatsinghapur,167105,77,12,0,2002,0
India,Odisha,Jajapur,290367,4074,2310,0,2002,7
India,Odisha,Jharsuguda,212024,2842,3758,3,2002,1
India,Odisha,Kalahandi,791570,160738,107293,624,2002,672
India,Odisha,Kandhamal,806513,442907,364535,2967,2002,1272
India,Odisha,Kendrapara,248250,58,13,0,2002,0
India,Odisha,Kendujhar,832369,111738,67637,33,2002,320
India,Odisha,Khordha,275639,15903,4978,0,2002,5
India,Odisha,Koraput,858243,105476,88021,115,2002,52
India,Odisha,Malkangiri,583117,122556,79929,54,2002,296
India,Odisha,Mayurbhanj,1045106,220030,163423,8,2002,90
India,Odisha,Nabarangapur,530817,29098,20600,10,2002,331
India,Odisha,Nayagarh,389939,120024,62714,2,2002,22
India,Odisha,Nuapada,387082,32953,24937,1,2002,30
India,Odisha,Puri,350223,376,36,0,2002,0
India,Odisha,Rayagada,738185,215343,153190,295,2002,370
India,Odisha,Sambalpur,674416,168907,136091,9,2002,8
India,Odisha,Subarnapur,236169,5721,2533,0,2002,2
India,Odisha,Sundargarh,973917,188647,158696,17,2002,98
India,Puducherry,Karaikal,19216,35,308,2,2002,0
India,Puducherry,Mahe,12834,6855,4980,6,2002,1
India,Puducherry,Puducherry,19529,19,264,2,2002,0
India,Puducherry,Yanam,3154,2,5,0,2002,0
India,Punjab,Amritsar,261222,377,432,6,2002,0
India,Punjab,Barnala,148257,320,4,0,2002,1
India,Punjab,Bathinda,336278,139,7,0,2002,0
India,Punjab,Faridkot,144767,75,0,0,2002,0
India,Punjab,Fatehgarh Sahib,117323,202,191,1,2002,1
India,Punjab,Fazilka,271964,87,3,0,2002,0
India,Punjab,Firozpur,250041,642,145,1,2002,3
India,Punjab,Gurdaspur,257822,347,502,8,2002,1
India,Punjab,Hoshiarpur,336023,36187,35452,102,2002,6
India,Punjab,Jalandhar,260276,36,24,0,2002,0
India,Punjab,Kapurthala,165789,563,284,4,2002,2
India,Punjab,Ludhiana,356965,1649,860,6,2002,6
India,Punjab,Mansa,220700,33,18,0,2002,0
India,Punjab,Moga,230248,779,15,0,2002,1
India,Punjab,Muktsar,259888,35,2,0,2002,0
India,Punjab,Pathankot,99880,11476,11764,118,2002,28
India,Punjab,Patiala,333599,1592,2279,9,2002,6
India,Punjab,Rupnagar,138152,10695,8336,44,2002,12
India,Punjab,Sahibzada Ajit Singh Nagar,108846,7882,7151,18,2002,3
India,Punjab,Sangrur,360325,296,209,2,2002,1
India,Punjab,Shahid Bhagat Singh Nagar,129603,1155,1502,10,2002,6
India,Punjab,Tarn Taran,234611,133,163,3,2002,1
India,Rajasthan,Ajmer,864832,2,0,0,2002,0
India,Rajasthan,Alwar,829131,4301,1955,46,2002,2
India,Rajasthan,Banswara,448765,44,12,0,2002,0
India,Rajasthan,Baran,682336,75,3,0,2002,0
India,Rajasthan,Barmer,2831742,0,0,0,2002,0
India,Rajasthan,Bharatpur,505079,543,402,7,2002,4
India,Rajasthan,Bhilwara,1044866,8,1,0,2002,0
India,Rajasthan,Bikaner,2692523,0,0,0,2002,0
India,Rajasthan,Bundi,557361,18,0,0,2002,0
India,Rajasthan,Chittaurgarh,757295,38,1,2,2002,2
India,Rajasthan,Churu,1705000,0,0,0,2002,0
India,Rajasthan,Dausa,358982,21,32,7,2002,0
India,Rajasthan,Dhaulpur,302532,43,20,0,2002,1
India,Rajasthan,Dungarpur,377631,12,2,0,2002,0
India,Rajasthan,Ganganagar,1166503,18,0,0,2002,0
India,Rajasthan,Hanumangarh,890122,1,0,0,2002,0
India,Rajasthan,Jaipur,1124440,250,114,5,2002,0
India,Rajasthan,Jaisalmer,3857174,0,0,0,2002,0
India,Rajasthan,Jalor,1070386,0,0,0,2002,0
India,Rajasthan,Jhalawar,624795,16,3,0,2002,0
India,Rajasthan,Jhunjhunun,591310,12,1,0,2002,0
India,Rajasthan,Jodhpur,2280202,0,0,0,2002,0
India,Rajasthan,Karauli,518220,40,116,12,2002,0
India,Rajasthan,Kota,550289,41,2,0,2002,0
India,Rajasthan,Nagaur,1764675,0,0,0,2002,0
India,Rajasthan,Pali,1232336,32,15,0,2002,0
India,Rajasthan,Pratapgarh,429766,62,16,0,2002,0
India,Rajasthan,Rajsamand,459177,100,85,0,2002,0
India,Rajasthan,Sawai Madhopur,467033,63,1,0,2002,0
India,Rajasthan,Sikar,768138,15,1,0,2002,0
India,Rajasthan,Sirohi,513533,1992,324,0,2002,0
India,Rajasthan,Tonk,723904,3,0,0,2002,0
India,Rajasthan,Udaipur,1200020,4288,1011,0,2002,5
India,Sikkim,East Sikkim,94656,54725,57243,28,2002,3
India,Sikkim,North Sikkim,424153,101793,94756,14,2002,2
India,Sikkim,South Sikkim,73171,39736,43238,6,2002,2
India,Sikkim,West Sikkim,116327,54197,58525,22,2002,2
India,Tamil Nadu,Ariyalur,195050,179,123,6,2002,10
India,Tamil Nadu,Chennai,19496,24,49,0,2002,0
India,Tamil Nadu,Coimbatore,381876,106394,99049,630,2002,29
India,Tamil Nadu,Cuddalore,381529,567,3119,30,2002,2
India,Tamil Nadu,Dharmapuri,451289,60229,40216,20,2002,6
India,Tamil Nadu,Dindigul,605693,131707,117953,1393,2002,114
India,Tamil Nadu,Erode,597195,110441,75879,31,2002,6
India,Tamil Nadu,Kancheepuram,465580,884,432,2,2002,12
India,Tamil Nadu,Kanniyakumari,159095,94368,73746,729,2002,64
India,Tamil Nadu,Karur,288912,2034,1747,16,2002,1
India,Tamil Nadu,Krishnagiri,513456,22659,9827,20,2002,7
India,Tamil Nadu,Madurai,368763,20142,12710,87,2002,107
India,Tamil Nadu,Nagappattinam,240430,2545,5577,43,2002,123
India,Tamil Nadu,Namakkal,340077,26491,18764,75,2002,4
India,Tamil Nadu,Perambalur,175214,6038,4306,0,2002,1
India,Tamil Nadu,Pudukkottai,469005,429,2027,35,2002,3
India,Tamil Nadu,Ramanathapuram,426072,1106,1433,4,2002,1
India,Tamil Nadu,Salem,521044,69377,48800,162,2002,13
India,Tamil Nadu,Sivaganga,406634,719,2896,40,2002,1
India,Tamil Nadu,Thanjavur,339136,6027,5306,127,2002,117
India,Tamil Nadu,The Nilgiris,254621,161439,142481,976,2002,54
India,Tamil Nadu,Theni,284519,68470,59469,295,2002,46
India,Tamil Nadu,Thiruvallur,330691,878,6890,14,2002,3
India,Tamil Nadu,Thiruvarur,251518,5829,11729,55,2002,139
India,Tamil Nadu,Thoothukkudi,471255,7328,2740,17,2002,11
India,Tamil Nadu,Tiruchirappalli,450426,19990,12920,64,2002,20
India,Tamil Nadu,Tirunelveli,677048,122641,101337,292,2002,207
India,Tamil Nadu,Tiruppur,579045,35152,29946,129,2002,27
India,Tamil Nadu,Tiruvannamalai,618357,53147,39589,7,2002,12
India,Tamil Nadu,Vellore,606757,52516,36387,13,2002,14
India,Tamil Nadu,Viluppuram,729374,26944,21438,82,2002,15
India,Tamil Nadu,Virudunagar,428927,13827,9721,44,2002,7
India,Telangana,Adilabad,1604386,43451,45576,1,2002,31
India,Telangana,Hyderabad,17802,7,0,0,2002,0
India,Telangana,Karimnagar,1190025,33293,27498,4,2002,8
India,Telangana,Khammam,1610018,420082,323300,263,2002,843
India,Telangana,Mahbubnagar,1837327,16103,10164,7,2002,10
India,Telangana,Medak,975732,310,48,0,2002,7
India,Telangana,Nalgonda,1409411,393,362,55,2002,9
India,Telangana,Nizamabad,790786,5468,3355,0,2002,41
India,Telangana,Ranga Reddy,754836,86,8,0,2002,1
India,Telangana,Warangal,1280889,144423,93032,23,2002,60
India,Tripura,Dhalai,243285,196775,179288,243,2002,432
India,Tripura,Gomati,141064,92622,78803,92,2002,344
India,Tripura,Khowai,103448,64933,53587,77,2002,75
India,Tripura,North Tripura,131984,95513,85079,207,2002,63
India,Tripura,Sipahijala,102396,44035,31352,173,2002,108
India,Tripura,South Tripura,152454,84216,68592,115,2002,704
India,Tripura,Unokoti,77444,50734,41125,90,2002,52
India,Tripura,West Tripura,101551,40464,31891,180,2002,110
India,Uttar Pradesh,Agra,352635,1111,433,9,2002,1
India,Uttar Pradesh,Aligarh,386530,269,234,2,2002,1
India,Uttar Pradesh,Allahabad,514803,109,1798,87,2002,0
India,Uttar Pradesh,Ambedkar Nagar,232472,190,2167,34,2002,1
India,Uttar Pradesh,Amethi,330740,180,3026,42,2002,0
India,Uttar Pradesh,Amroha,251713,225,224,9,2002,0
India,Uttar Pradesh,Auraiya,217850,52,54,2,2002,0
India,Uttar Pradesh,Azamgarh,389662,399,3073,53,2002,2
India,Uttar Pradesh,Baghpat,133245,118,759,29,2002,0
India,Uttar Pradesh,Bahraich,368710,29878,23583,83,2002,1
India,Uttar Pradesh,Ballia,300802,152,3476,22,2002,1
India,Uttar Pradesh,Balrampur,336719,42532,40338,194,2002,2
India,Uttar Pradesh,Banda,451968,158,1145,3,2002,0
India,Uttar Pradesh,Barabanki,443233,439,1197,33,2002,1
India,Uttar Pradesh,Bareilly,378328,72,251,10,2002,0
India,Uttar Pradesh,Basti,251766,171,697,7,2002,2
India,Uttar Pradesh,Bijnor,431434,15649,15499,108,2002,9
India,Uttar Pradesh,Budaun,420899,86,113,4,2002,1
India,Uttar Pradesh,Bulandshahr,357886,101,37,3,2002,1
India,Uttar Pradesh,Chandauli,253552,1556,7401,189,2002,1
India,Uttar Pradesh,Chitrakoot,308393,5790,5255,26,2002,0
India,Uttar Pradesh,Deoria,255677,321,1221,10,2002,12
India,Uttar Pradesh,Etah,250079,120,115,2,2002,0
India,Uttar Pradesh,Etawah,215276,531,454,13,2002,0
India,Uttar Pradesh,Faizabad,209951,186,856,18,2002,1
India,Uttar Pradesh,Farrukhabad,218442,353,417,3,2002,0
India,Uttar Pradesh,Fatehpur,417684,14,65,2,2002,0
India,Uttar Pradesh,Firozabad,284638,426,155,4,2002,1
India,Uttar Pradesh,Gautam Buddha Nagar,138611,8,7,0,2002,0
India,Uttar Pradesh,Ghaziabad,87238,15,36,0,2002,0
India,Uttar Pradesh,Ghazipur,338598,527,9953,117,2002,1
India,Uttar Pradesh,Gonda,400797,3583,5474,28,2002,0
India,Uttar Pradesh,Gorakhpur,306670,1170,2561,17,2002,12
India,Uttar Pradesh,Hamirpur,426283,251,26,1,2002,0
India,Uttar Pradesh,Hapur,110314,33,25,1,2002,0
India,Uttar Pradesh,Hardoi,601016,1430,532,44,2002,11
India,Uttar Pradesh,Hathras,162087,113,52,1,2002,0
India,Uttar Pradesh,Jalaun,456365,32,4,0,2002,0
India,Uttar Pradesh,Jaunpur,403582,104,1442,23,2002,0
India,Uttar Pradesh,Jhansi,506579,161,35,0,2002,0
India,Uttar Pradesh,Kannauj,207454,139,16,3,2002,1
India,Uttar Pradesh,Kanpur Dehat,316373,26,84,4,2002,0
India,Uttar Pradesh,Kanpur Nagar,292815,65,55,1,2002,1
India,Uttar Pradesh,Kasganj,197603,280,150,2,2002,3
India,Uttar Pradesh,Kaushambi,210356,11,338,8,2002,0
India,Uttar Pradesh,Kushinagar,288811,531,749,2,2002,0
India,Uttar Pradesh,Lakhimpur Kheri,770148,94748,78902,302,2002,28
India,Uttar Pradesh,Lalitpur,504678,2496,623,4,2002,1
India,Uttar Pradesh,Lucknow,253976,1160,1453,103,2002,7
India,Uttar Pradesh,Maharajganj,318731,31937,35386,72,2002,3
India,Uttar Pradesh,Mahoba,283604,111,116,1,2002,1
India,Uttar Pradesh,Mainpuri,275040,148,137,4,2002,0
India,Uttar Pradesh,Mathura,337399,304,568,2,2002,0
India,Uttar Pradesh,Mau,206654,176,2088,15,2002,2
India,Uttar Pradesh,Meerut,260507,729,710,4,2002,1
India,Uttar Pradesh,Mirzapur,451742,76,126,2,2002,0
India,Uttar Pradesh,Moradabad,210602,62,167,8,2002,0
India,Uttar Pradesh,Muzaffarnagar,273061,336,1206,27,2002,0
India,Uttar Pradesh,Pilibhit,359157,51081,50411,89,2002,3
India,Uttar Pradesh,Pratapgarh,371568,115,984,17,2002,0
India,Uttar Pradesh,Rae Bareli,327076,73,496,10,2002,1
India,Uttar Pradesh,Rampur,257084,3333,3481,26,2002,1
India,Uttar Pradesh,Saharanpur,372025,19899,17358,50,2002,1
India,Uttar Pradesh,Sambhal,213644,19,1,0,2002,0
India,Uttar Pradesh,Sant Kabir Nagar,132684,182,964,16,2002,5
India,Uttar Pradesh,Sant Ravi Das Nagar,100916,16,181,8,2002,0
India,Uttar Pradesh,Shahjahanpur,465191,5698,5281,29,2002,2
India,Uttar Pradesh,Shamli,131834,222,327,10,2002,0
India,Uttar Pradesh,Shravasti,315223,29554,26449,126,2002,2
India,Uttar Pradesh,Siddharth Nagar,347860,721,2477,9,2002,3
India,Uttar Pradesh,Sitapur,578044,1843,905,175,2002,15
India,Uttar Pradesh,Sonbhadra,678916,4879,1358,2,2002,0
India,Uttar Pradesh,Sultanpur,246165,90,1438,16,2002,0
India,Uttar Pradesh,Unnao,459854,243,709,46,2002,3
India,Uttar Pradesh,Varanasi,155118,54,47,2,2002,1
India,Uttarakhand,Almora,310201,112210,83294,188,2002,4
India,Uttarakhand,Bageshwar,228123,79668,58991,4,2002,1
India,Uttarakhand,Chamoli,792867,192909,152828,19,2002,3
India,Uttarakhand,Champawat,168452,118482,115597,521,2002,27
India,Uttarakhand,Dehradun,306702,156029,150809,52,2002,30
India,Uttarakhand,Garhwal,545564,291677,261345,120,2002,17
India,Uttarakhand,Hardwar,238572,25703,24158,211,2002,4
India,Uttarakhand,Nainital,406379,297778,287829,3809,2002,132
India,Uttarakhand,Pithoragarh,732913,124243,89944,33,2002,10
India,Uttarakhand,Rudraprayag,121405,46549,38960,6,2002,0
India,Uttarakhand,Tehri Garhwal,438890,216898,212079,72,2002,115
India,Uttarakhand,Udham Singh Nagar,286233,54957,57103,955,2002,27
India,Uttarakhand,Uttarkashi,804550,231737,198289,63,2002,164
India,West Bengal,Alipurduar,280176,118440,83490,660,2002,213
India,West Bengal,Bankura,696472,423,15,27,2002,1
India,West Bengal,Barddhaman,704144,190,172,4,2002,0
India,West Bengal,Birbhum,455570,7,96,1,2002,0
India,West Bengal,Dakshin Dinajpur,211766,122,160,1,2002,1
India,West Bengal,Darjiling,314436,152184,156762,399,2002,54
India,West Bengal,Haora,144036,1435,922,2,2002,1
India,West Bengal,Hugli,315210,1188,244,0,2002,1
India,West Bengal,Jalpaiguri,338376,67359,49856,480,2002,20
India,West Bengal,Koch Bihar,338718,14449,8297,172,2002,23
India,West Bengal,Kolkata,9162,35,3,0,2002,0
India,West Bengal,Maldah,361110,212,147,10,2002,9
India,West Bengal,Murshidabad,541121,357,173,3,2002,7
India,West Bengal,Nadia,392088,2000,790,1,2002,2
India,West Bengal,North 24 Parganas,581554,35148,26531,0,2002,2
India,West Bengal,Pashchim Medinipur,940038,1560,174,72,2002,4
India,West Bengal,Purba Medinipur,398147,850,253,1,2002,4
India,West Bengal,Puruliya,625675,3124,117,1,2002,12
India,West Bengal,South 24 Parganas,552715,4568,3307,0,2002,0
India,West Bengal,Uttar Dinajpur,336010,4269,375,208,2002,5
India,Andaman and Nicobar,Nicobar Islands,172679,147634,144925,1587,2003,1391
India,Andaman and Nicobar,North and Middle Andaman,340652,310759,308793,2600,2003,159
India,Andaman and Nicobar,South Andaman,247753,226008,225722,1658,2003,80
India,Andhra Pradesh,Anantapur,1922649,517,111,14,2003,1
India,Andhra Pradesh,Chittoor,1516880,81831,56859,218,2003,24
India,Andhra Pradesh,East Godavari,1075476,310205,284237,537,2003,194
India,Andhra Pradesh,Guntur,1141089,23783,57053,211,2003,75
India,Andhra Pradesh,Krishna,861607,17233,32054,57,2003,25
India,Andhra Pradesh,Kurnool,1777836,59574,40932,15,2003,11
India,Andhra Pradesh,Nellore,1301782,20837,28123,480,2003,19
India,Andhra Pradesh,Prakasam,1779564,79027,62790,158,2003,20
India,Andhra Pradesh,Srikakulam,627635,32693,20281,49,2003,57
India,Andhra Pradesh,Visakhapatnam,1137192,300879,241668,501,2003,797
India,Andhra Pradesh,Vizianagaram,572603,49147,37843,36,2003,165
India,Andhra Pradesh,West Godavari,775702,60575,58435,159,2003,103
India,Andhra Pradesh,Y.S.R.,1514967,69611,78628,109,2003,9
India,Arunachal Pradesh,Anjaw,651942,398495,369756,869,2003,87
India,Arunachal Pradesh,Changlang,503616,438332,431075,2788,2003,572
India,Arunachal Pradesh,Dibang Valley,751403,391182,373790,461,2003,30
India,Arunachal Pradesh,East Kameng,409167,390145,385591,1758,2003,244
India,Arunachal Pradesh,East Siang,361698,290410,288417,3988,2003,680
India,Arunachal Pradesh,Kurung Kumey,572190,445717,424968,1687,2003,191
India,Arunachal Pradesh,Lohit,344025,271516,266067,3990,2003,595
India,Arunachal Pradesh,Longding,93352,78346,76441,3641,2003,368
India,Arunachal Pradesh,Lower Dibang Valley,556430,415248,395777,2827,2003,605
India,Arunachal Pradesh,Lower Subansiri,378817,360577,353607,3121,2003,262
India,Arunachal Pradesh,Namsai,42486,17668,16789,468,2003,90
India,Arunachal Pradesh,Papum Pare,353251,332915,327083,1728,2003,341
India,Arunachal Pradesh,Tawang,215022,101851,91644,88,2003,9
India,Arunachal Pradesh,Tirap,109276,100278,97211,1525,2003,164
India,Arunachal Pradesh,Upper Siang,701634,542210,539323,2566,2003,480
India,Arunachal Pradesh,Upper Subansiri,641172,508012,470378,3444,2003,315
India,Arunachal Pradesh,West Kameng,734287,551070,545555,897,2003,159
India,Arunachal Pradesh,West Siang,779775,673340,659039,11997,2003,1209
India,Assam,Baksa,239364,50158,45466,75,2003,23
India,Assam,Barpeta,227857,10844,13386,12,2003,2
India,Assam,Bongaigaon,112362,15343,13976,40,2003,4
India,Assam,Cachar,378676,219197,215588,598,2003,211
India,Assam,Chirang,118891,44423,42350,24,2003,4
India,Assam,Darrang,159926,7656,4845,26,2003,2
India,Assam,Dhemaji,253740,39030,37503,185,2003,63
India,Assam,Dhubri,278096,35918,17751,73,2003,5
India,Assam,Dibrugarh,339191,84744,77617,1595,2003,276
India,Assam,Dima Hasao,490917,434941,406980,6766,2003,635
India,Assam,Goalpara,190100,21348,19886,58,2003,6
India,Assam,Golaghat,352585,49848,45910,1026,2003,56
India,Assam,Hailakandi,133352,68651,62917,273,2003,48
India,Assam,Jorhat,283776,49292,45600,943,2003,43
India,Assam,Kamrup,330488,96479,91075,288,2003,33
India,Assam,Kamrup Metropolitan,79666,28785,22733,100,2003,5
India,Assam,Karbi Anglong,1042664,789948,763795,6958,2003,1301
India,Assam,Karimganj,183306,74681,67823,235,2003,39
India,Assam,Kokrajhar,328978,109051,92428,155,2003,53
India,Assam,Lakhimpur,295203,53192,50368,413,2003,87
India,Assam,Morigaon,155363,10518,9080,25,2003,2
India,Assam,Nagaon,399001,77488,72138,443,2003,712
India,Assam,Nalbari,107600,11154,12942,2,2003,1
India,Assam,Sivasagar,263352,66061,58876,1211,2003,91
India,Assam,Sonitpur,528686,98395,84143,2521,2003,1092
India,Assam,Tinsukia,379304,170120,170440,5279,2003,560
India,Assam,Udalguri,196790,32871,19883,548,2003,112
India,Bihar,Araria,281932,561,922,4,2003,0
India,Bihar,Arwal,66615,392,1880,14,2003,0
India,Bihar,Aurangabad,328198,875,630,5,2003,0
India,Bihar,Banka,309145,51,10,0,2003,0
India,Bihar,Begusarai,193928,196,271,1,2003,0
India,Bihar,Bhagalpur,256033,66,498,6,2003,1
India,Bihar,Bhojpur,237388,5464,22320,279,2003,0
India,Bihar,Buxar,170992,2040,5315,96,2003,1
India,Bihar,Darbhanga,228940,969,2839,15,2003,0
India,Bihar,Gaya,496554,2110,2748,2,2003,0
India,Bihar,Gopalganj,204094,175,2320,12,2003,0
India,Bihar,Jamui,308302,8863,2972,0,2003,0
India,Bihar,Jehanabad,93892,169,297,3,2003,0
India,Bihar,Kaimur,335075,4156,7422,89,2003,1
India,Bihar,Katihar,306233,107,223,8,2003,1
India,Bihar,Khagaria,149147,67,103,1,2003,1
India,Bihar,Kishanganj,193427,624,158,27,2003,2
India,Bihar,Lakhisarai,133641,7420,2606,11,2003,0
India,Bihar,Madhepura,183827,64,219,3,2003,0
India,Bihar,Madhubani,344146,3316,7618,25,2003,0
India,Bihar,Munger,136969,13748,10808,56,2003,0
India,Bihar,Muzaffarpur,318646,437,5012,8,2003,0
India,Bihar,Nalanda,233710,439,1645,4,2003,0
India,Bihar,Nawada,248578,9253,10478,1,2003,0
India,Bihar,Pashchim Champaran,523188,80413,80361,123,2003,20
India,Bihar,Patna,320539,1515,8189,38,2003,0
India,Bihar,Purba Champaran,399105,710,4891,6,2003,0
India,Bihar,Purnia,324600,128,133,6,2003,0
India,Bihar,Rohtas,386837,6235,7191,116,2003,0
India,Bihar,Saharsa,168897,153,215,4,2003,0
India,Bihar,Samastipur,290579,137,388,1,2003,0
India,Bihar,Saran,264523,223,3009,6,2003,0
India,Bihar,Sheikhpura,60405,9,18,0,2003,0
India,Bihar,Sheohar,57459,302,1358,6,2003,0
India,Bihar,Sitamarhi,205458,584,3341,7,2003,0
India,Bihar,Siwan,222545,223,3506,14,2003,0
India,Bihar,Supaul,238732,1517,2457,18,2003,1
India,Bihar,Vaishali,200961,132,1190,3,2003,0
India,Chandigarh,Chandigarh,11812,702,935,10,2003,0
India,Chhattisgarh,Balod,275414,16919,25869,3,2003,1
India,Chhattisgarh,Baloda Bazar,468572,25143,46646,1,2003,10
India,Chhattisgarh,Balrampur,633124,115996,64274,6,2003,7
India,Chhattisgarh,Bastar,591945,130358,118812,8,2003,107
India,Chhattisgarh,Bemetara,286904,44,29,0,2003,1
India,Chhattisgarh,Bijapur,879329,540837,498772,158,2003,197
India,Chhattisgarh,Bilaspur,555476,52822,34569,2,2003,15
India,Chhattisgarh,Dantewada,298090,88405,78733,17,2003,53
India,Chhattisgarh,Dhamtari,406306,84698,87870,1,2003,13
India,Chhattisgarh,Durg,298982,30,22,0,2003,0
India,Chhattisgarh,Gariaband,422957,110487,99238,1,2003,24
India,Chhattisgarh,Janjgir-Champa,387475,812,532,0,2003,1
India,Chhattisgarh,Jashpur,582341,73535,52235,2,2003,3
India,Chhattisgarh,Kabeerdham,422230,68990,63598,13,2003,16
India,Chhattisgarh,Kondagaon,509911,101269,93982,6,2003,14
India,Chhattisgarh,Korba,660932,134282,84264,2,2003,6
India,Chhattisgarh,Koriya,663712,115888,79594,1,2003,2
India,Chhattisgarh,Mahasamund,475380,7215,13348,3,2003,8
India,Chhattisgarh,Mungeli,278450,74732,52071,3,2003,9
India,Chhattisgarh,Narayanpur,392992,271260,249478,446,2003,229
India,Chhattisgarh,Raigarh,708412,55534,39766,4,2003,43
India,Chhattisgarh,Raipur,353390,370,888,0,2003,0
India,Chhattisgarh,Rajnandgaon,806554,113121,117362,50,2003,245
India,Chhattisgarh,Sukma,525060,150881,108640,44,2003,110
India,Chhattisgarh,Surajpur,544120,70867,40372,1,2003,1
India,Chhattisgarh,Surguja,399359,51150,32745,1,2003,3
India,Chhattisgarh,Uttar Bastar Kanker,715735,207926,200686,55,2003,171
India,Dadra and Nagar Haveli,Dadra and Nagar Haveli,49152,457,259,0,2003,0
India,Daman and Diu,Daman,5831,17,3,0,2003,0
India,Daman and Diu,Diu,2523,0,0,0,2003,0
India,Goa,North Goa,170604,41915,26028,1,2003,2
India,Goa,South Goa,198964,104551,90798,89,2003,8
India,Gujarat,Ahmadabad,773436,60,8,0,2003,0
India,Gujarat,Amreli,735510,5,1,0,2003,0
India,Gujarat,Anand,287832,46,7,0,2003,0
India,Gujarat,Aravalli,325245,10,2,1,2003,0
India,Gujarat,Banas Kantha,1061522,121,10,0,2003,0
India,Gujarat,Bharuch,543453,105,9,0,2003,0
India,Gujarat,Bhavnagar,677448,95,19,0,2003,0
India,Gujarat,Botad,162060,0,0,0,2003,0
India,Gujarat,Chhota Udaipur,368590,52,26,0,2003,0
India,Gujarat,Dahod,385651,310,44,0,2003,0
India,Gujarat,Devbhumi Dwarka,456016,17,0,0,2003,0
India,Gujarat,Gandhinagar,172338,1,0,0,2003,0
India,Gujarat,Gir Somnath,170164,15,1,6,2003,0
India,Gujarat,Jamnagar,670502,34,0,0,2003,0
India,Gujarat,Junagadh,702843,487,174,1,2003,0
India,Gujarat,Kachchh,4220838,33,2,0,2003,0
India,Gujarat,Kheda,398303,30,1,0,2003,0
India,Gujarat,Mahesana,438831,2,0,0,2003,0
India,Gujarat,Mahisagar,233539,11,4,0,2003,0
India,Gujarat,Morbi,481031,12,1,0,2003,0
India,Gujarat,Narmada,256838,2533,447,0,2003,1
India,Gujarat,Navsari,218334,1297,1294,0,2003,0
India,Gujarat,Panch Mahals,267704,27,16,0,2003,0
India,Gujarat,Patan,601243,0,0,0,2003,0
India,Gujarat,Porbandar,231056,39,0,0,2003,0
India,Gujarat,Rajkot,760630,17,2,0,2003,0
India,Gujarat,Sabar Kantha,418769,132,29,0,2003,0
India,Gujarat,Surat,439791,623,281,0,2003,0
India,Gujarat,Surendranagar,920266,180,26,0,2003,0
India,Gujarat,Tapi,314442,1563,620,0,2003,0
India,Gujarat,The Dangs,171142,8716,2274,0,2003,0
India,Gujarat,Vadodara,405249,9,1,0,2003,0
India,Gujarat,Valsad,301394,1346,1722,0,2003,0
India,Haryana,Ambala,175294,1380,1576,18,2003,6
India,Haryana,Bhiwani,463529,56,11,0,2003,0
India,Haryana,Faridabad,125761,80,174,8,2003,0
India,Haryana,Fatehabad,239977,13,54,0,2003,0
India,Haryana,Gurgaon,128536,169,111,1,2003,0
India,Haryana,Hisar,416939,68,6,0,2003,0
India,Haryana,Jhajjar,211225,135,91,4,2003,0
India,Haryana,Jind,273318,248,78,1,2003,2
India,Haryana,Kaithal,230046,1056,928,1,2003,0
India,Haryana,Karnal,258463,21,7,0,2003,0
India,Haryana,Kurukshetra,183593,445,241,1,2003,1
India,Haryana,Mahendragarh,193665,8,2,0,2003,0
India,Haryana,Mewat,146554,104,138,1,2003,0
India,Haryana,Palwal,90451,89,31,0,2003,0
India,Haryana,Panchkula,73780,27504,25438,39,2003,2
India,Haryana,Panipat,122468,60,365,19,2003,0
India,Haryana,Rewari,125324,47,23,0,2003,0
India,Haryana,Rohtak,168545,79,54,1,2003,0
India,Haryana,Sirsa,423119,4,3,0,2003,0
India,Haryana,Sonipat,221338,63,200,6,2003,0
India,Haryana,Yamunanagar,130521,11018,10477,22,2003,3
India,Himachal Pradesh,Bilaspur,116606,34773,31610,25,2003,1
India,Himachal Pradesh,Chamba,646061,170243,123366,144,2003,6
India,Himachal Pradesh,Hamirpur,112145,49052,45948,54,2003,1
India,Himachal Pradesh,Kangra,570651,231326,216284,499,2003,10
India,Himachal Pradesh,Kinnaur,645578,27943,15186,13,2003,1
India,Himachal Pradesh,Kullu,550194,151529,111321,40,2003,50
India,Himachal Pradesh,Lahul & Spiti,1380877,2610,1146,13,2003,0
India,Himachal Pradesh,Mandi,394812,172547,157589,136,2003,5
India,Himachal Pradesh,Shimla,513204,216911,160881,34,2003,5
India,Himachal Pradesh,Sirmaur,280863,163102,155136,103,2003,3
India,Himachal Pradesh,Solan,195597,92486,78371,65,2003,4
India,Himachal Pradesh,Una,153760,54587,51087,52,2003,4
India,Jammu and Kashmir,Anantnag,270262,74418,54946,33,2003,6
India,Jammu and Kashmir,Badgam,117282,15438,13073,7,2003,12
India,Jammu and Kashmir,Bandipore,252774,47946,34308,14,2003,6
India,Jammu and Kashmir,Baramulla,239201,61349,54085,60,2003,12
India,Jammu and Kashmir,Doda,262526,109809,74548,68,2003,4
India,Jammu and Kashmir,Ganderbal,126196,25483,18496,13,2003,5
India,Jammu and Kashmir,Jammu,214895,22392,18948,26,2003,13
India,Jammu and Kashmir,Kargil,1477323,225,38,11,2003,0
India,Jammu and Kashmir,Kathua,261794,62001,56822,106,2003,5
India,Jammu and Kashmir,Kishtwar,767032,113304,73885,40,2003,3
India,Jammu and Kashmir,Kulgam,134333,25547,24919,33,2003,3
India,Jammu and Kashmir,Kupwara,274748,117992,99047,63,2003,8
India,Jammu and Kashmir,Leh (Ladakh),4908732,62,19,15,2003,0
India,Jammu and Kashmir,Poonch,167356,60015,53733,22,2003,3
India,Jammu and Kashmir,Pulwama,73389,12895,12422,16,2003,1
India,Jammu and Kashmir,Rajouri,254200,83983,69907,19,2003,54
India,Jammu and Kashmir,Ramban,90221,27560,22655,4,2003,1
India,Jammu and Kashmir,Reasi,208383,84644,76285,23,2003,18
India,Jammu and Kashmir,Samba,84362,6928,6182,5,2003,3
India,Jammu and Kashmir,Shupiyan,72418,18029,20804,18,2003,3
India,Jammu and Kashmir,Srinagar,62771,11936,9782,12,2003,1
India,Jammu and Kashmir,Udhampur,245808,91063,77516,68,2003,3
India,Jharkhand,Bokaro,286989,10615,6059,0,2003,0
India,Jharkhand,Chatra,375718,35924,33133,28,2003,1
India,Jharkhand,Deoghar,244100,59,4,0,2003,0
India,Jharkhand,Dhanbad,208382,674,186,0,2003,0
India,Jharkhand,Dumka,377426,3146,665,133,2003,0
India,Jharkhand,Garhwa,407829,29720,12630,28,2003,1
India,Jharkhand,Giridih,499661,8970,5408,1,2003,0
India,Jharkhand,Godda,224195,4067,1254,67,2003,1
India,Jharkhand,Gumla,536525,58922,27871,1,2003,2
India,Jharkhand,Hazaribagh,481712,41777,39730,5,2003,1
India,Jharkhand,Jamtara,180473,8,0,0,2003,0
India,Jharkhand,Khunti,277225,15381,1120,1,2003,1
India,Jharkhand,Kodarma,132242,18562,19552,1,2003,0
India,Jharkhand,Latehar,426444,102907,50236,19,2003,5
India,Jharkhand,Lohardaga,149986,25424,13408,3,2003,3
India,Jharkhand,Pakur,181513,1630,958,66,2003,2
India,Jharkhand,Palamu,445541,18227,12788,29,2003,0
India,Jharkhand,Pashchimi Singhbhum,723098,133283,79138,10,2003,19
India,Jharkhand,Purbi Singhbhum,357770,9110,2382,3,2003,1
India,Jharkhand,Ramgarh,134403,5646,3524,0,2003,0
India,Jharkhand,Ranchi,488387,9234,1856,0,2003,0
India,Jharkhand,Sahibganj,219886,3225,589,93,2003,4
India,Jharkhand,Saraikela-kharsawan,265341,8165,1240,1,2003,0
India,Jharkhand,Simdega,379142,11654,3014,0,2003,0
India,Karnataka,Bagalkot,655258,105,42,0,2003,0
India,Karnataka,Bangalore,217903,162,26,2,2003,0
India,Karnataka,Bangalore Rural,230303,137,33,1,2003,1
India,Karnataka,Belgaum,1333488,49040,38050,38,2003,2
India,Karnataka,Bellary,842531,1836,226,2,2003,0
India,Karnataka,Bidar,543342,52,16,0,2003,1
India,Karnataka,Bijapur,1048432,53,15,0,2003,0
India,Karnataka,Chamrajnagar,565361,116045,83039,42,2003,6
India,Karnataka,Chikballapura,422931,1462,988,3,2003,0
India,Karnataka,Chikmagalur,718838,323326,298783,1150,2003,264
India,Karnataka,Chitradurga,842881,416,8,0,2003,1
India,Karnataka,Dakshina Kannada,456123,281111,231209,638,2003,163
India,Karnataka,Davanagere,660862,6521,346,6,2003,17
India,Karnataka,Dharwad,426092,464,1153,19,2003,1
India,Karnataka,Gadag,463089,15,1,0,2003,0
India,Karnataka,Gulbarga,1096303,48,10,0,2003,0
India,Karnataka,Hassan,679084,84418,62102,312,2003,175
India,Karnataka,Haveri,479411,587,321,15,2003,2
India,Karnataka,Kodagu,409587,308610,267919,818,2003,249
India,Karnataka,Kolar,397159,344,231,1,2003,3
India,Karnataka,Koppal,555591,14,7,7,2003,0
India,Karnataka,Mandya,492564,774,182,11,2003,2
India,Karnataka,Mysore,629741,70536,49242,92,2003,32
India,Karnataka,Raichur,843615,61,51,21,2003,1
India,Karnataka,Ramanagara,350745,2928,356,3,2003,1
India,Karnataka,Shimoga,773369,212771,134060,1093,2003,154
India,Karnataka,Tumkur,1059196,1426,314,7,2003,0
India,Karnataka,Udupi,390213,180568,137247,402,2003,90
India,Karnataka,Uttara Kannada,1027612,632365,575803,389,2003,63
India,Karnataka,Yadgir,526289,10,2,4,2003,0
India,Kerala,Alappuzha,124519,51188,46506,57,2003,8
India,Kerala,Ernakulam,225002,142323,115571,955,2003,62
India,Kerala,Idukki,499006,422964,413423,3789,2003,805
India,Kerala,Kannur,277392,220056,195713,302,2003,77
India,Kerala,Kasaragod,195107,107422,81572,231,2003,23
India,Kerala,Kollam,240436,193294,179738,2383,2003,184
India,Kerala,Kottayam,210255,158914,131488,431,2003,108
India,Kerala,Kozhikode,227197,161134,131968,156,2003,19
India,Kerala,Malappuram,349994,174081,128652,191,2003,18
India,Kerala,Palakkad,447188,216046,180783,692,2003,72
India,Kerala,Pathanamthitta,263424,235819,214996,828,2003,223
India,Kerala,Thiruvananthapuram,204253,153498,127197,1845,2003,90
India,Kerala,Thrissur,294081,191936,170228,866,2003,47
India,Kerala,Wayanad,212196,169547,159045,655,2003,43
India,Lakshadweep,Lakshadweep,3482,0,0,0,2003,0
India,Madhya Pradesh,Agar Malwa,276772,11,3,0,2003,0
India,Madhya Pradesh,Alirajpur,333104,526,41,0,2003,0
India,Madhya Pradesh,Anuppur,202588,5151,2964,0,2003,0
India,Madhya Pradesh,Ashoknagar,472393,353,150,3,2003,1
India,Madhya Pradesh,Balaghat,924893,318150,284474,110,2003,152
India,Madhya Pradesh,Barwani,542445,191,26,0,2003,0
India,Madhya Pradesh,Betul,1006834,44619,12942,15,2003,8
India,Madhya Pradesh,Bhind,447252,37,29,5,2003,0
India,Madhya Pradesh,Bhopal,272180,411,388,1,2003,0
India,Madhya Pradesh,Burhanpur,319674,304,101,0,2003,0
India,Madhya Pradesh,Chhatarpur,871307,9432,10557,37,2003,0
India,Madhya Pradesh,Chhindwara,1180484,47596,33573,19,2003,2
India,Madhya Pradesh,Damoh,735338,4141,3718,2,2003,0
India,Madhya Pradesh,Datia,252254,13,5,0,2003,0
India,Madhya Pradesh,Dewas,695694,683,550,0,2003,0
India,Madhya Pradesh,Dhar,813433,45,48,0,2003,0
India,Madhya Pradesh,Dindori,648866,165015,140518,13,2003,8
India,Madhya Pradesh,East Nimar,744494,2848,672,0,2003,6
India,Madhya Pradesh,Guna,629701,209,67,0,2003,0
India,Madhya Pradesh,Gwalior,458064,63,10,0,2003,0
India,Madhya Pradesh,Harda,331452,2518,1267,0,2003,0
India,Madhya Pradesh,Hoshangabad,670862,79045,47640,16,2003,2
India,Madhya Pradesh,Indore,390867,572,403,0,2003,0
India,Madhya Pradesh,Jabalpur,401166,8857,5026,2,2003,41
India,Madhya Pradesh,Jhabua,342698,9,2,0,2003,0
India,Madhya Pradesh,Katni,616355,20446,11180,17,2003,17
India,Madhya Pradesh,Mandla,677220,93818,90165,22,2003,22
India,Madhya Pradesh,Mandsaur,563118,66,10,0,2003,0
India,Madhya Pradesh,Morena,498479,60,23,2,2003,0
India,Madhya Pradesh,Narsimhapur,514459,17516,13262,4,2003,2
India,Madhya Pradesh,Neemuch,415427,39,11,0,2003,0
India,Madhya Pradesh,Panna,711358,11942,7857,13,2003,1
India,Madhya Pradesh,Raisen,849516,17063,21246,30,2003,5
India,Madhya Pradesh,Rajgarh,612022,44,39,0,2003,0
India,Madhya Pradesh,Ratlam,481618,33,6,0,2003,0
India,Madhya Pradesh,Rewa,631423,2701,3804,1,2003,0
India,Madhya Pradesh,Sagar,1025228,8268,4206,4,2003,1
India,Madhya Pradesh,Satna,750261,10327,5053,28,2003,0
India,Madhya Pradesh,Sehore,656297,4726,5166,6,2003,0
India,Madhya Pradesh,Seoni,875671,60198,52693,10,2003,46
India,Madhya Pradesh,Shahdol,831826,36032,26519,4,2003,1
India,Madhya Pradesh,Shajapur,352411,38,6,0,2003,0
India,Madhya Pradesh,Sheopur,652461,400,40,0,2003,0
India,Madhya Pradesh,Shivpuri,1046628,407,84,1,2003,2
India,Madhya Pradesh,Sidhi,478016,43220,33835,10,2003,0
India,Madhya Pradesh,Singrauli,578643,24183,22954,3,2003,0
India,Madhya Pradesh,Tikamgarh,506638,22,12,1,2003,0
India,Madhya Pradesh,Ujjain,608217,73,8,0,2003,0
India,Madhya Pradesh,Umaria,372591,32574,20399,10,2003,23
India,Madhya Pradesh,Vidisha,730295,2580,2838,0,2003,0
India,Madhya Pradesh,West Nimar,804393,504,174,0,2003,0
India,Maharashtra,Ahmadnagar,1613065,2155,685,0,2003,0
India,Maharashtra,Akola,551391,121,42,0,2003,0
India,Maharashtra,Amravati,1218596,37188,22756,1,2003,8
India,Maharashtra,Aurangabad,1009310,139,70,0,2003,0
India,Maharashtra,Bhandara,470048,29630,22796,10,2003,38
India,Maharashtra,Bid,1141360,18,8,0,2003,0
India,Maharashtra,Buldana,960383,562,217,0,2003,0
India,Maharashtra,Chandrapur,1130866,38431,26245,6,2003,156
India,Maharashtra,Dhule,716652,292,76,0,2003,0
India,Maharashtra,Garhchiroli,1446063,565777,532217,86,2003,254
India,Maharashtra,Gondiya,463678,77177,66986,14,2003,4
India,Maharashtra,Hingoli,468553,51,13,0,2003,0
India,Maharashtra,Jalgaon,1174820,1357,485,0,2003,3
India,Maharashtra,Jalna,777897,9,3,0,2003,0
India,Maharashtra,Kolhapur,765441,64263,50160,19,2003,1
India,Maharashtra,Latur,723325,84,9,0,2003,0
India,Maharashtra,Mumbai City,6798,2,0,0,2003,0
India,Maharashtra,Mumbai Suburban,41216,913,1816,0,2003,0
India,Maharashtra,Nagpur,992630,17895,13709,2,2003,37
India,Maharashtra,Nanded,1058842,2209,2191,0,2003,2
India,Maharashtra,Nandurbar,593190,1224,128,0,2003,0
India,Maharashtra,Nashik,1550954,2520,769,1,2003,0
India,Maharashtra,Osmanabad,755003,31,8,0,2003,0
India,Maharashtra,Palghar,532756,12058,9783,1,2003,2
India,Maharashtra,Parbhani,632812,56,11,0,2003,2
India,Maharashtra,Pune,1560120,20505,7436,2,2003,1
India,Maharashtra,Raigarh,701070,28536,9898,3,2003,1
India,Maharashtra,Ratnagiri,846264,33833,24447,9,2003,0
India,Maharashtra,Sangli,853492,4437,5233,0,2003,0
India,Maharashtra,Satara,1046855,27561,26313,2,2003,0
India,Maharashtra,Sindhudurg,517121,96181,50568,62,2003,5
India,Maharashtra,Solapur,1486719,67,13,0,2003,0
India,Maharashtra,Thane,423883,6043,3295,1,2003,0
India,Maharashtra,Wardha,630912,578,35,0,2003,1
India,Maharashtra,Washim,519150,104,20,0,2003,1
India,Maharashtra,Yavatmal,1352653,1395,760,0,2003,2
India,Manipur,Bishnupur,48080,1740,2108,41,2003,21
India,Manipur,Chandel,318641,269516,271928,8411,2003,1108
India,Manipur,Churachandpur,471866,405634,397101,9196,2003,988
India,Manipur,Imphal East,59830,18726,19984,132,2003,22
India,Manipur,Imphal West,48793,4009,4525,57,2003,1
India,Manipur,Senapati,348452,241261,254278,1584,2003,331
India,Manipur,Tamenglong,419673,386378,366470,6339,2003,997
India,Manipur,Thoubal,71407,6569,8341,90,2003,64
India,Manipur,Ukhrul,445329,369843,383303,7931,2003,1297
India,Meghalaya,East Garo Hills,218567,179466,163589,2813,2003,277
India,Meghalaya,East Khasi Hills,286198,179569,180921,716,2003,110
India,Meghalaya,Jaintia Hills,382407,272720,268991,1754,2003,550
India,Meghalaya,North Garo Hills,61123,40202,33277,175,2003,29
India,Meghalaya,Ri Bhoi,238512,190725,179250,1685,2003,326
India,Meghalaya,South Garo Hills,184901,162994,155050,2463,2003,187
India,Meghalaya,South West Garo Hills,51848,24712,19344,485,2003,3
India,Meghalaya,South West Khasi Hills,142031,101167,99795,938,2003,153
India,Meghalaya,West Garo Hills,304369,219605,181181,3872,2003,163
India,Meghalaya,West Khasi Hills,381666,312728,311386,4233,2003,437
India,Mizoram,Aizawl,345326,318685,295653,4861,2003,608
India,Mizoram,Champhai,343485,298619,288526,12121,2003,2060
India,Mizoram,Kolasib,134891,125638,118388,885,2003,134
India,Mizoram,Lawangtlai,204674,176551,164321,660,2003,125
India,Mizoram,Lunglei,455319,422560,390114,2812,2003,290
India,Mizoram,Mamit,307947,293143,271709,1490,2003,197
India,Mizoram,Saiha,197696,179646,171250,965,2003,172
India,Mizoram,Serchhip,135837,117116,110274,2492,2003,305
India,NCT of Delhi,West,150220,263,122,2,2003,0
India,Nagaland,Dimapur,86683,48008,47284,567,2003,70
India,Nagaland,Kiphire,112226,76884,81496,2438,2003,348
India,Nagaland,Kohima,131049,113206,112344,1181,2003,239
India,Nagaland,Longleng,58857,46310,45195,3993,2003,656
India,Nagaland,Mokokchung,160570,135765,136223,9544,2003,1715
India,Nagaland,Mon,216824,175757,171643,8986,2003,863
India,Nagaland,Peren,168370,153322,150576,3445,2003,517
India,Nagaland,Phek,191044,138636,151738,1311,2003,195
India,Nagaland,Tuensang,214332,163570,160823,6000,2003,1009
India,Nagaland,Wokha,162641,134385,131483,3190,2003,819
India,Nagaland,Zunheboto,157366,124499,128062,3311,2003,731
India,Odisha,Anugul,637420,147440,91636,6,2003,29
India,Odisha,Balangir,657722,21125,7843,4,2003,12
India,Odisha,Baleshwar,370526,8669,2339,6,2003,4
India,Odisha,Bargarh,580584,19856,11873,4,2003,12
India,Odisha,Bauda,312387,94961,69469,32,2003,11
India,Odisha,Bhadrak,245295,122,18,0,2003,0
India,Odisha,Cuttack,394435,20532,6500,0,2003,26
India,Odisha,Debagarh,281405,60859,46069,4,2003,4
India,Odisha,Dhenkanal,448128,34340,12465,2,2003,17
India,Odisha,Gajapati,406805,163314,117932,87,2003,119
India,Odisha,Ganjam,838046,161507,109710,36,2003,100
India,Odisha,Jagatsinghapur,167105,77,12,0,2003,0
India,Odisha,Jajapur,290367,4074,2310,0,2003,0
India,Odisha,Jharsuguda,212024,2842,3758,3,2003,0
India,Odisha,Kalahandi,791570,160738,107293,624,2003,722
India,Odisha,Kandhamal,806513,442907,364535,2967,2003,1644
India,Odisha,Kendrapara,248250,58,13,0,2003,0
India,Odisha,Kendujhar,832369,111738,67637,33,2003,121
India,Odisha,Khordha,275639,15903,4978,0,2003,4
India,Odisha,Koraput,858243,105476,88021,115,2003,544
India,Odisha,Malkangiri,583117,122556,79929,54,2003,356
India,Odisha,Mayurbhanj,1045106,220030,163423,8,2003,11
India,Odisha,Nabarangapur,530817,29098,20600,10,2003,74
India,Odisha,Nayagarh,389939,120024,62714,2,2003,29
India,Odisha,Nuapada,387082,32953,24937,1,2003,8
India,Odisha,Puri,350223,376,36,0,2003,0
India,Odisha,Rayagada,738185,215343,153190,295,2003,1425
India,Odisha,Sambalpur,674416,168907,136091,9,2003,43
India,Odisha,Subarnapur,236169,5721,2533,0,2003,0
India,Odisha,Sundargarh,973917,188647,158696,17,2003,66
India,Puducherry,Karaikal,19216,35,308,2,2003,0
India,Puducherry,Mahe,12834,6855,4980,6,2003,1
India,Puducherry,Puducherry,19529,19,264,2,2003,0
India,Puducherry,Yanam,3154,2,5,0,2003,0
India,Punjab,Amritsar,261222,377,432,6,2003,0
India,Punjab,Barnala,148257,320,4,0,2003,2
India,Punjab,Bathinda,336278,139,7,0,2003,0
India,Punjab,Faridkot,144767,75,0,0,2003,1
India,Punjab,Fatehgarh Sahib,117323,202,191,1,2003,1
India,Punjab,Fazilka,271964,87,3,0,2003,1
India,Punjab,Firozpur,250041,642,145,1,2003,5
India,Punjab,Gurdaspur,257822,347,502,8,2003,0
India,Punjab,Hoshiarpur,336023,36187,35452,102,2003,5
India,Punjab,Jalandhar,260276,36,24,0,2003,0
India,Punjab,Kapurthala,165789,563,284,4,2003,2
India,Punjab,Ludhiana,356965,1649,860,6,2003,20
India,Punjab,Mansa,220700,33,18,0,2003,0
India,Punjab,Moga,230248,779,15,0,2003,12
India,Punjab,Muktsar,259888,35,2,0,2003,1
India,Punjab,Pathankot,99880,11476,11764,118,2003,2
India,Punjab,Patiala,333599,1592,2279,9,2003,5
India,Punjab,Rupnagar,138152,10695,8336,44,2003,20
India,Punjab,Sahibzada Ajit Singh Nagar,108846,7882,7151,18,2003,3
India,Punjab,Sangrur,360325,296,209,2,2003,2
India,Punjab,Shahid Bhagat Singh Nagar,129603,1155,1502,10,2003,2
India,Punjab,Tarn Taran,234611,133,163,3,2003,0
India,Rajasthan,Ajmer,864832,2,0,0,2003,0
India,Rajasthan,Alwar,829131,4301,1955,46,2003,0
India,Rajasthan,Banswara,448765,44,12,0,2003,0
India,Rajasthan,Baran,682336,75,3,0,2003,0
India,Rajasthan,Barmer,2831742,0,0,0,2003,0
India,Rajasthan,Bharatpur,505079,543,402,7,2003,0
India,Rajasthan,Bhilwara,1044866,8,1,0,2003,0
India,Rajasthan,Bikaner,2692523,0,0,0,2003,0
India,Rajasthan,Bundi,557361,18,0,0,2003,0
India,Rajasthan,Chittaurgarh,757295,38,1,2,2003,0
India,Rajasthan,Churu,1705000,0,0,0,2003,0
India,Rajasthan,Dausa,358982,21,32,7,2003,0
India,Rajasthan,Dhaulpur,302532,43,20,0,2003,0
India,Rajasthan,Dungarpur,377631,12,2,0,2003,0
India,Rajasthan,Ganganagar,1166503,18,0,0,2003,1
India,Rajasthan,Hanumangarh,890122,1,0,0,2003,0
India,Rajasthan,Jaipur,1124440,250,114,5,2003,0
India,Rajasthan,Jaisalmer,3857174,0,0,0,2003,0
India,Rajasthan,Jalor,1070386,0,0,0,2003,0
India,Rajasthan,Jhalawar,624795,16,3,0,2003,0
India,Rajasthan,Jhunjhunun,591310,12,1,0,2003,0
India,Rajasthan,Jodhpur,2280202,0,0,0,2003,0
India,Rajasthan,Karauli,518220,40,116,12,2003,0
India,Rajasthan,Kota,550289,41,2,0,2003,0
India,Rajasthan,Nagaur,1764675,0,0,0,2003,0
India,Rajasthan,Pali,1232336,32,15,0,2003,0
India,Rajasthan,Pratapgarh,429766,62,16,0,2003,0
India,Rajasthan,Rajsamand,459177,100,85,0,2003,0
India,Rajasthan,Sawai Madhopur,467033,63,1,0,2003,0
India,Rajasthan,Sikar,768138,15,1,0,2003,0
India,Rajasthan,Sirohi,513533,1992,324,0,2003,1
India,Rajasthan,Tonk,723904,3,0,0,2003,0
India,Rajasthan,Udaipur,1200020,4288,1011,0,2003,11
India,Sikkim,East Sikkim,94656,54725,57243,28,2003,3
India,Sikkim,North Sikkim,424153,101793,94756,14,2003,6
India,Sikkim,South Sikkim,73171,39736,43238,6,2003,2
India,Sikkim,West Sikkim,116327,54197,58525,22,2003,5
India,Tamil Nadu,Ariyalur,195050,179,123,6,2003,0
India,Tamil Nadu,Chennai,19496,24,49,0,2003,0
India,Tamil Nadu,Coimbatore,381876,106394,99049,630,2003,47
India,Tamil Nadu,Cuddalore,381529,567,3119,30,2003,1
India,Tamil Nadu,Dharmapuri,451289,60229,40216,20,2003,2
India,Tamil Nadu,Dindigul,605693,131707,117953,1393,2003,46
India,Tamil Nadu,Erode,597195,110441,75879,31,2003,22
India,Tamil Nadu,Kancheepuram,465580,884,432,2,2003,7
India,Tamil Nadu,Kanniyakumari,159095,94368,73746,729,2003,108
India,Tamil Nadu,Karur,288912,2034,1747,16,2003,0
India,Tamil Nadu,Krishnagiri,513456,22659,9827,20,2003,3
India,Tamil Nadu,Madurai,368763,20142,12710,87,2003,36
India,Tamil Nadu,Nagappattinam,240430,2545,5577,43,2003,7
India,Tamil Nadu,Namakkal,340077,26491,18764,75,2003,4
India,Tamil Nadu,Perambalur,175214,6038,4306,0,2003,0
India,Tamil Nadu,Pudukkottai,469005,429,2027,35,2003,1
India,Tamil Nadu,Ramanathapuram,426072,1106,1433,4,2003,1
India,Tamil Nadu,Salem,521044,69377,48800,162,2003,6
India,Tamil Nadu,Sivaganga,406634,719,2896,40,2003,0
India,Tamil Nadu,Thanjavur,339136,6027,5306,127,2003,5
India,Tamil Nadu,The Nilgiris,254621,161439,142481,976,2003,83
India,Tamil Nadu,Theni,284519,68470,59469,295,2003,27
India,Tamil Nadu,Thiruvallur,330691,878,6890,14,2003,2
India,Tamil Nadu,Thiruvarur,251518,5829,11729,55,2003,4
India,Tamil Nadu,Thoothukkudi,471255,7328,2740,17,2003,17
India,Tamil Nadu,Tiruchirappalli,450426,19990,12920,64,2003,6
India,Tamil Nadu,Tirunelveli,677048,122641,101337,292,2003,77
India,Tamil Nadu,Tiruppur,579045,35152,29946,129,2003,15
India,Tamil Nadu,Tiruvannamalai,618357,53147,39589,7,2003,16
India,Tamil Nadu,Vellore,606757,52516,36387,13,2003,30
India,Tamil Nadu,Viluppuram,729374,26944,21438,82,2003,4
India,Tamil Nadu,Virudunagar,428927,13827,9721,44,2003,9
India,Telangana,Adilabad,1604386,43451,45576,1,2003,77
India,Telangana,Hyderabad,17802,7,0,0,2003,0
India,Telangana,Karimnagar,1190025,33293,27498,4,2003,26
India,Telangana,Khammam,1610018,420082,323300,263,2003,861
India,Telangana,Mahbubnagar,1837327,16103,10164,7,2003,27
India,Telangana,Medak,975732,310,48,0,2003,7
India,Telangana,Nalgonda,1409411,393,362,55,2003,4
India,Telangana,Nizamabad,790786,5468,3355,0,2003,48
India,Telangana,Ranga Reddy,754836,86,8,0,2003,1
India,Telangana,Warangal,1280889,144423,93032,23,2003,209
India,Tripura,Dhalai,243285,196775,179288,243,2003,221
India,Tripura,Gomati,141064,92622,78803,92,2003,286
India,Tripura,Khowai,103448,64933,53587,77,2003,62
India,Tripura,North Tripura,131984,95513,85079,207,2003,87
India,Tripura,Sipahijala,102396,44035,31352,173,2003,137
India,Tripura,South Tripura,152454,84216,68592,115,2003,313
India,Tripura,Unokoti,77444,50734,41125,90,2003,59
India,Tripura,West Tripura,101551,40464,31891,180,2003,52
India,Uttar Pradesh,Agra,352635,1111,433,9,2003,1
India,Uttar Pradesh,Aligarh,386530,269,234,2,2003,0
India,Uttar Pradesh,Allahabad,514803,109,1798,87,2003,0
India,Uttar Pradesh,Ambedkar Nagar,232472,190,2167,34,2003,0
India,Uttar Pradesh,Amethi,330740,180,3026,42,2003,0
India,Uttar Pradesh,Amroha,251713,225,224,9,2003,0
India,Uttar Pradesh,Auraiya,217850,52,54,2,2003,0
India,Uttar Pradesh,Azamgarh,389662,399,3073,53,2003,4
India,Uttar Pradesh,Baghpat,133245,118,759,29,2003,0
India,Uttar Pradesh,Bahraich,368710,29878,23583,83,2003,0
India,Uttar Pradesh,Ballia,300802,152,3476,22,2003,1
India,Uttar Pradesh,Balrampur,336719,42532,40338,194,2003,3
India,Uttar Pradesh,Banda,451968,158,1145,3,2003,0
India,Uttar Pradesh,Barabanki,443233,439,1197,33,2003,0
India,Uttar Pradesh,Bareilly,378328,72,251,10,2003,0
India,Uttar Pradesh,Basti,251766,171,697,7,2003,0
India,Uttar Pradesh,Bijnor,431434,15649,15499,108,2003,5
India,Uttar Pradesh,Budaun,420899,86,113,4,2003,1
India,Uttar Pradesh,Bulandshahr,357886,101,37,3,2003,0
India,Uttar Pradesh,Chandauli,253552,1556,7401,189,2003,1
India,Uttar Pradesh,Chitrakoot,308393,5790,5255,26,2003,0
India,Uttar Pradesh,Deoria,255677,321,1221,10,2003,5
India,Uttar Pradesh,Etah,250079,120,115,2,2003,0
India,Uttar Pradesh,Etawah,215276,531,454,13,2003,0
India,Uttar Pradesh,Faizabad,209951,186,856,18,2003,0
India,Uttar Pradesh,Farrukhabad,218442,353,417,3,2003,3
India,Uttar Pradesh,Fatehpur,417684,14,65,2,2003,0
India,Uttar Pradesh,Firozabad,284638,426,155,4,2003,0
India,Uttar Pradesh,Gautam Buddha Nagar,138611,8,7,0,2003,0
India,Uttar Pradesh,Ghaziabad,87238,15,36,0,2003,0
India,Uttar Pradesh,Ghazipur,338598,527,9953,117,2003,2
India,Uttar Pradesh,Gonda,400797,3583,5474,28,2003,1
India,Uttar Pradesh,Gorakhpur,306670,1170,2561,17,2003,5
India,Uttar Pradesh,Hamirpur,426283,251,26,1,2003,0
India,Uttar Pradesh,Hapur,110314,33,25,1,2003,1
India,Uttar Pradesh,Hardoi,601016,1430,532,44,2003,4
India,Uttar Pradesh,Hathras,162087,113,52,1,2003,0
India,Uttar Pradesh,Jalaun,456365,32,4,0,2003,0
India,Uttar Pradesh,Jaunpur,403582,104,1442,23,2003,0
India,Uttar Pradesh,Jhansi,506579,161,35,0,2003,0
India,Uttar Pradesh,Kannauj,207454,139,16,3,2003,2
India,Uttar Pradesh,Kanpur Dehat,316373,26,84,4,2003,0
India,Uttar Pradesh,Kanpur Nagar,292815,65,55,1,2003,1
India,Uttar Pradesh,Kasganj,197603,280,150,2,2003,1
India,Uttar Pradesh,Kaushambi,210356,11,338,8,2003,0
India,Uttar Pradesh,Kushinagar,288811,531,749,2,2003,2
India,Uttar Pradesh,Lakhimpur Kheri,770148,94748,78902,302,2003,15
India,Uttar Pradesh,Lalitpur,504678,2496,623,4,2003,0
India,Uttar Pradesh,Lucknow,253976,1160,1453,103,2003,7
India,Uttar Pradesh,Maharajganj,318731,31937,35386,72,2003,6
India,Uttar Pradesh,Mahoba,283604,111,116,1,2003,0
India,Uttar Pradesh,Mainpuri,275040,148,137,4,2003,1
India,Uttar Pradesh,Mathura,337399,304,568,2,2003,0
India,Uttar Pradesh,Mau,206654,176,2088,15,2003,4
India,Uttar Pradesh,Meerut,260507,729,710,4,2003,0
India,Uttar Pradesh,Mirzapur,451742,76,126,2,2003,1
India,Uttar Pradesh,Moradabad,210602,62,167,8,2003,0
India,Uttar Pradesh,Muzaffarnagar,273061,336,1206,27,2003,0
India,Uttar Pradesh,Pilibhit,359157,51081,50411,89,2003,2
India,Uttar Pradesh,Pratapgarh,371568,115,984,17,2003,0
India,Uttar Pradesh,Rae Bareli,327076,73,496,10,2003,0
India,Uttar Pradesh,Rampur,257084,3333,3481,26,2003,1
India,Uttar Pradesh,Saharanpur,372025,19899,17358,50,2003,1
India,Uttar Pradesh,Sambhal,213644,19,1,0,2003,0
India,Uttar Pradesh,Sant Kabir Nagar,132684,182,964,16,2003,1
India,Uttar Pradesh,Sant Ravi Das Nagar,100916,16,181,8,2003,0
India,Uttar Pradesh,Shahjahanpur,465191,5698,5281,29,2003,4
India,Uttar Pradesh,Shamli,131834,222,327,10,2003,0
India,Uttar Pradesh,Shravasti,315223,29554,26449,126,2003,1
India,Uttar Pradesh,Siddharth Nagar,347860,721,2477,9,2003,1
India,Uttar Pradesh,Sitapur,578044,1843,905,175,2003,10
India,Uttar Pradesh,Sonbhadra,678916,4879,1358,2,2003,1
India,Uttar Pradesh,Sultanpur,246165,90,1438,16,2003,0
India,Uttar Pradesh,Unnao,459854,243,709,46,2003,3
India,Uttar Pradesh,Varanasi,155118,54,47,2,2003,1
India,Uttarakhand,Almora,310201,112210,83294,188,2003,4
India,Uttarakhand,Bageshwar,228123,79668,58991,4,2003,4
India,Uttarakhand,Chamoli,792867,192909,152828,19,2003,3
India,Uttarakhand,Champawat,168452,118482,115597,521,2003,19
India,Uttarakhand,Dehradun,306702,156029,150809,52,2003,5
India,Uttarakhand,Garhwal,545564,291677,261345,120,2003,7
India,Uttarakhand,Hardwar,238572,25703,24158,211,2003,7
India,Uttarakhand,Nainital,406379,297778,287829,3809,2003,124
India,Uttarakhand,Pithoragarh,732913,124243,89944,33,2003,5
India,Uttarakhand,Rudraprayag,121405,46549,38960,6,2003,1
India,Uttarakhand,Tehri Garhwal,438890,216898,212079,72,2003,13
India,Uttarakhand,Udham Singh Nagar,286233,54957,57103,955,2003,47
India,Uttarakhand,Uttarkashi,804550,231737,198289,63,2003,30
India,West Bengal,Alipurduar,280176,118440,83490,660,2003,137
India,West Bengal,Bankura,696472,423,15,27,2003,0
India,West Bengal,Barddhaman,704144,190,172,4,2003,0
India,West Bengal,Birbhum,455570,7,96,1,2003,0
India,West Bengal,Dakshin Dinajpur,211766,122,160,1,2003,0
India,West Bengal,Darjiling,314436,152184,156762,399,2003,15
India,West Bengal,Haora,144036,1435,922,2,2003,0
India,West Bengal,Hugli,315210,1188,244,0,2003,0
India,West Bengal,Jalpaiguri,338376,67359,49856,480,2003,22
India,West Bengal,Koch Bihar,338718,14449,8297,172,2003,4
India,West Bengal,Kolkata,9162,35,3,0,2003,0
India,West Bengal,Maldah,361110,212,147,10,2003,1
India,West Bengal,Murshidabad,541121,357,173,3,2003,1
India,West Bengal,Nadia,392088,2000,790,1,2003,1
India,West Bengal,North 24 Parganas,581554,35148,26531,0,2003,0
India,West Bengal,Pashchim Medinipur,940038,1560,174,72,2003,4
India,West Bengal,Purba Medinipur,398147,850,253,1,2003,0
India,West Bengal,Puruliya,625675,3124,117,1,2003,5
India,West Bengal,South 24 Parganas,552715,4568,3307,0,2003,0
India,West Bengal,Uttar Dinajpur,336010,4269,375,208,2003,2
India,Andaman and Nicobar,Nicobar Islands,172679,147634,144925,1587,2004,66
India,Andaman and Nicobar,North and Middle Andaman,340652,310759,308793,2600,2004,84
India,Andaman and Nicobar,South Andaman,247753,226008,225722,1658,2004,61
India,Andhra Pradesh,Anantapur,1922649,517,111,14,2004,1
India,Andhra Pradesh,Chittoor,1516880,81831,56859,218,2004,24
India,Andhra Pradesh,East Godavari,1075476,310205,284237,537,2004,372
India,Andhra Pradesh,Guntur,1141089,23783,57053,211,2004,23
India,Andhra Pradesh,Krishna,861607,17233,32054,57,2004,31
India,Andhra Pradesh,Kurnool,1777836,59574,40932,15,2004,4
India,Andhra Pradesh,Nellore,1301782,20837,28123,480,2004,24
India,Andhra Pradesh,Prakasam,1779564,79027,62790,158,2004,16
India,Andhra Pradesh,Srikakulam,627635,32693,20281,49,2004,62
India,Andhra Pradesh,Visakhapatnam,1137192,300879,241668,501,2004,544
India,Andhra Pradesh,Vizianagaram,572603,49147,37843,36,2004,66
India,Andhra Pradesh,West Godavari,775702,60575,58435,159,2004,118
India,Andhra Pradesh,Y.S.R.,1514967,69611,78628,109,2004,14
India,Arunachal Pradesh,Anjaw,651942,398495,369756,869,2004,245
India,Arunachal Pradesh,Changlang,503616,438332,431075,2788,2004,811
India,Arunachal Pradesh,Dibang Valley,751403,391182,373790,461,2004,33
India,Arunachal Pradesh,East Kameng,409167,390145,385591,1758,2004,714
India,Arunachal Pradesh,East Siang,361698,290410,288417,3988,2004,1322
India,Arunachal Pradesh,Kurung Kumey,572190,445717,424968,1687,2004,126
India,Arunachal Pradesh,Lohit,344025,271516,266067,3990,2004,2131
India,Arunachal Pradesh,Longding,93352,78346,76441,3641,2004,862
India,Arunachal Pradesh,Lower Dibang Valley,556430,415248,395777,2827,2004,1526
India,Arunachal Pradesh,Lower Subansiri,378817,360577,353607,3121,2004,487
India,Arunachal Pradesh,Namsai,42486,17668,16789,468,2004,132
India,Arunachal Pradesh,Papum Pare,353251,332915,327083,1728,2004,500
India,Arunachal Pradesh,Tawang,215022,101851,91644,88,2004,28
India,Arunachal Pradesh,Tirap,109276,100278,97211,1525,2004,306
India,Arunachal Pradesh,Upper Siang,701634,542210,539323,2566,2004,526
India,Arunachal Pradesh,Upper Subansiri,641172,508012,470378,3444,2004,590
India,Arunachal Pradesh,West Kameng,734287,551070,545555,897,2004,305
India,Arunachal Pradesh,West Siang,779775,673340,659039,11997,2004,2147
India,Assam,Baksa,239364,50158,45466,75,2004,77
India,Assam,Barpeta,227857,10844,13386,12,2004,9
India,Assam,Bongaigaon,112362,15343,13976,40,2004,11
India,Assam,Cachar,378676,219197,215588,598,2004,236
India,Assam,Chirang,118891,44423,42350,24,2004,46
India,Assam,Darrang,159926,7656,4845,26,2004,17
India,Assam,Dhemaji,253740,39030,37503,185,2004,175
India,Assam,Dhubri,278096,35918,17751,73,2004,43
India,Assam,Dibrugarh,339191,84744,77617,1595,2004,390
India,Assam,Dima Hasao,490917,434941,406980,6766,2004,1575
India,Assam,Goalpara,190100,21348,19886,58,2004,46
India,Assam,Golaghat,352585,49848,45910,1026,2004,137
India,Assam,Hailakandi,133352,68651,62917,273,2004,109
India,Assam,Jorhat,283776,49292,45600,943,2004,440
India,Assam,Kamrup,330488,96479,91075,288,2004,80
India,Assam,Kamrup Metropolitan,79666,28785,22733,100,2004,42
India,Assam,Karbi Anglong,1042664,789948,763795,6958,2004,2695
India,Assam,Karimganj,183306,74681,67823,235,2004,241
India,Assam,Kokrajhar,328978,109051,92428,155,2004,272
India,Assam,Lakhimpur,295203,53192,50368,413,2004,119
India,Assam,Morigaon,155363,10518,9080,25,2004,30
India,Assam,Nagaon,399001,77488,72138,443,2004,1210
India,Assam,Nalbari,107600,11154,12942,2,2004,1
India,Assam,Sivasagar,263352,66061,58876,1211,2004,303
India,Assam,Sonitpur,528686,98395,84143,2521,2004,3136
India,Assam,Tinsukia,379304,170120,170440,5279,2004,758
India,Assam,Udalguri,196790,32871,19883,548,2004,646
India,Bihar,Araria,281932,561,922,4,2004,1
India,Bihar,Arwal,66615,392,1880,14,2004,1
India,Bihar,Aurangabad,328198,875,630,5,2004,0
India,Bihar,Banka,309145,51,10,0,2004,0
India,Bihar,Begusarai,193928,196,271,1,2004,0
India,Bihar,Bhagalpur,256033,66,498,6,2004,2
India,Bihar,Bhojpur,237388,5464,22320,279,2004,1
India,Bihar,Buxar,170992,2040,5315,96,2004,8
India,Bihar,Darbhanga,228940,969,2839,15,2004,1
India,Bihar,Gaya,496554,2110,2748,2,2004,0
India,Bihar,Gopalganj,204094,175,2320,12,2004,1
India,Bihar,Jamui,308302,8863,2972,0,2004,0
India,Bihar,Jehanabad,93892,169,297,3,2004,4
India,Bihar,Kaimur,335075,4156,7422,89,2004,3
India,Bihar,Katihar,306233,107,223,8,2004,2
India,Bihar,Khagaria,149147,67,103,1,2004,0
India,Bihar,Kishanganj,193427,624,158,27,2004,3
India,Bihar,Lakhisarai,133641,7420,2606,11,2004,11
India,Bihar,Madhepura,183827,64,219,3,2004,0
India,Bihar,Madhubani,344146,3316,7618,25,2004,2
India,Bihar,Munger,136969,13748,10808,56,2004,7
India,Bihar,Muzaffarpur,318646,437,5012,8,2004,1
India,Bihar,Nalanda,233710,439,1645,4,2004,6
India,Bihar,Nawada,248578,9253,10478,1,2004,0
India,Bihar,Pashchim Champaran,523188,80413,80361,123,2004,8
India,Bihar,Patna,320539,1515,8189,38,2004,3
India,Bihar,Purba Champaran,399105,710,4891,6,2004,0
India,Bihar,Purnia,324600,128,133,6,2004,1
India,Bihar,Rohtas,386837,6235,7191,116,2004,2
India,Bihar,Saharsa,168897,153,215,4,2004,0
India,Bihar,Samastipur,290579,137,388,1,2004,0
India,Bihar,Saran,264523,223,3009,6,2004,0
India,Bihar,Sheikhpura,60405,9,18,0,2004,0
India,Bihar,Sheohar,57459,302,1358,6,2004,0
India,Bihar,Sitamarhi,205458,584,3341,7,2004,0
India,Bihar,Siwan,222545,223,3506,14,2004,1
India,Bihar,Supaul,238732,1517,2457,18,2004,1
India,Bihar,Vaishali,200961,132,1190,3,2004,0
India,Chandigarh,Chandigarh,11812,702,935,10,2004,1
India,Chhattisgarh,Balod,275414,16919,25869,3,2004,3
India,Chhattisgarh,Baloda Bazar,468572,25143,46646,1,2004,63
India,Chhattisgarh,Balrampur,633124,115996,64274,6,2004,18
India,Chhattisgarh,Bastar,591945,130358,118812,8,2004,139
India,Chhattisgarh,Bemetara,286904,44,29,0,2004,1
India,Chhattisgarh,Bijapur,879329,540837,498772,158,2004,177
India,Chhattisgarh,Bilaspur,555476,52822,34569,2,2004,96
India,Chhattisgarh,Dantewada,298090,88405,78733,17,2004,51
India,Chhattisgarh,Dhamtari,406306,84698,87870,1,2004,71
India,Chhattisgarh,Durg,298982,30,22,0,2004,0
India,Chhattisgarh,Gariaband,422957,110487,99238,1,2004,191
India,Chhattisgarh,Janjgir-Champa,387475,812,532,0,2004,2
India,Chhattisgarh,Jashpur,582341,73535,52235,2,2004,3
India,Chhattisgarh,Kabeerdham,422230,68990,63598,13,2004,41
India,Chhattisgarh,Kondagaon,509911,101269,93982,6,2004,139
India,Chhattisgarh,Korba,660932,134282,84264,2,2004,34
India,Chhattisgarh,Koriya,663712,115888,79594,1,2004,2
India,Chhattisgarh,Mahasamund,475380,7215,13348,3,2004,14
India,Chhattisgarh,Mungeli,278450,74732,52071,3,2004,36
India,Chhattisgarh,Narayanpur,392992,271260,249478,446,2004,184
India,Chhattisgarh,Raigarh,708412,55534,39766,4,2004,50
India,Chhattisgarh,Raipur,353390,370,888,0,2004,1
India,Chhattisgarh,Rajnandgaon,806554,113121,117362,50,2004,232
India,Chhattisgarh,Sukma,525060,150881,108640,44,2004,123
India,Chhattisgarh,Surajpur,544120,70867,40372,1,2004,7
India,Chhattisgarh,Surguja,399359,51150,32745,1,2004,8
India,Chhattisgarh,Uttar Bastar Kanker,715735,207926,200686,55,2004,597
India,Dadra and Nagar Haveli,Dadra and Nagar Haveli,49152,457,259,0,2004,0
India,Daman and Diu,Daman,5831,17,3,0,2004,0
India,Daman and Diu,Diu,2523,0,0,0,2004,0
India,Goa,North Goa,170604,41915,26028,1,2004,0
India,Goa,South Goa,198964,104551,90798,89,2004,13
India,Gujarat,Ahmadabad,773436,60,8,0,2004,0
India,Gujarat,Amreli,735510,5,1,0,2004,0
India,Gujarat,Anand,287832,46,7,0,2004,0
India,Gujarat,Aravalli,325245,10,2,1,2004,0
India,Gujarat,Banas Kantha,1061522,121,10,0,2004,0
India,Gujarat,Bharuch,543453,105,9,0,2004,0
India,Gujarat,Bhavnagar,677448,95,19,0,2004,0
India,Gujarat,Botad,162060,0,0,0,2004,0
India,Gujarat,Chhota Udaipur,368590,52,26,0,2004,0
India,Gujarat,Dahod,385651,310,44,0,2004,0
India,Gujarat,Devbhumi Dwarka,456016,17,0,0,2004,0
India,Gujarat,Gandhinagar,172338,1,0,0,2004,0
India,Gujarat,Gir Somnath,170164,15,1,6,2004,0
India,Gujarat,Jamnagar,670502,34,0,0,2004,0
India,Gujarat,Junagadh,702843,487,174,1,2004,0
India,Gujarat,Kachchh,4220838,33,2,0,2004,0
India,Gujarat,Kheda,398303,30,1,0,2004,0
India,Gujarat,Mahesana,438831,2,0,0,2004,0
India,Gujarat,Mahisagar,233539,11,4,0,2004,0
India,Gujarat,Morbi,481031,12,1,0,2004,0
India,Gujarat,Narmada,256838,2533,447,0,2004,0
India,Gujarat,Navsari,218334,1297,1294,0,2004,0
India,Gujarat,Panch Mahals,267704,27,16,0,2004,0
India,Gujarat,Patan,601243,0,0,0,2004,0
India,Gujarat,Porbandar,231056,39,0,0,2004,0
India,Gujarat,Rajkot,760630,17,2,0,2004,0
India,Gujarat,Sabar Kantha,418769,132,29,0,2004,0
India,Gujarat,Surat,439791,623,281,0,2004,0
India,Gujarat,Surendranagar,920266,180,26,0,2004,0
India,Gujarat,Tapi,314442,1563,620,0,2004,0
India,Gujarat,The Dangs,171142,8716,2274,0,2004,2
India,Gujarat,Vadodara,405249,9,1,0,2004,0
India,Gujarat,Valsad,301394,1346,1722,0,2004,0
India,Haryana,Ambala,175294,1380,1576,18,2004,6
India,Haryana,Bhiwani,463529,56,11,0,2004,2
India,Haryana,Faridabad,125761,80,174,8,2004,3
India,Haryana,Fatehabad,239977,13,54,0,2004,0
India,Haryana,Gurgaon,128536,169,111,1,2004,1
India,Haryana,Hisar,416939,68,6,0,2004,0
India,Haryana,Jhajjar,211225,135,91,4,2004,0
India,Haryana,Jind,273318,248,78,1,2004,0
India,Haryana,Kaithal,230046,1056,928,1,2004,1
India,Haryana,Karnal,258463,21,7,0,2004,0
India,Haryana,Kurukshetra,183593,445,241,1,2004,1
India,Haryana,Mahendragarh,193665,8,2,0,2004,0
India,Haryana,Mewat,146554,104,138,1,2004,0
India,Haryana,Palwal,90451,89,31,0,2004,2
India,Haryana,Panchkula,73780,27504,25438,39,2004,28
India,Haryana,Panipat,122468,60,365,19,2004,0
India,Haryana,Rewari,125324,47,23,0,2004,0
India,Haryana,Rohtak,168545,79,54,1,2004,0
India,Haryana,Sirsa,423119,4,3,0,2004,0
India,Haryana,Sonipat,221338,63,200,6,2004,0
India,Haryana,Yamunanagar,130521,11018,10477,22,2004,4
India,Himachal Pradesh,Bilaspur,116606,34773,31610,25,2004,23
India,Himachal Pradesh,Chamba,646061,170243,123366,144,2004,40
India,Himachal Pradesh,Hamirpur,112145,49052,45948,54,2004,21
India,Himachal Pradesh,Kangra,570651,231326,216284,499,2004,77
India,Himachal Pradesh,Kinnaur,645578,27943,15186,13,2004,10
India,Himachal Pradesh,Kullu,550194,151529,111321,40,2004,179
India,Himachal Pradesh,Lahul & Spiti,1380877,2610,1146,13,2004,0
India,Himachal Pradesh,Mandi,394812,172547,157589,136,2004,116
India,Himachal Pradesh,Shimla,513204,216911,160881,34,2004,91
India,Himachal Pradesh,Sirmaur,280863,163102,155136,103,2004,59
India,Himachal Pradesh,Solan,195597,92486,78371,65,2004,77
India,Himachal Pradesh,Una,153760,54587,51087,52,2004,24
India,Jammu and Kashmir,Anantnag,270262,74418,54946,33,2004,23
India,Jammu and Kashmir,Badgam,117282,15438,13073,7,2004,1
India,Jammu and Kashmir,Bandipore,252774,47946,34308,14,2004,14
India,Jammu and Kashmir,Baramulla,239201,61349,54085,60,2004,40
India,Jammu and Kashmir,Doda,262526,109809,74548,68,2004,84
India,Jammu and Kashmir,Ganderbal,126196,25483,18496,13,2004,8
India,Jammu and Kashmir,Jammu,214895,22392,18948,26,2004,21
India,Jammu and Kashmir,Kargil,1477323,225,38,11,2004,0
India,Jammu and Kashmir,Kathua,261794,62001,56822,106,2004,29
India,Jammu and Kashmir,Kishtwar,767032,113304,73885,40,2004,65
India,Jammu and Kashmir,Kulgam,134333,25547,24919,33,2004,12
India,Jammu and Kashmir,Kupwara,274748,117992,99047,63,2004,41
India,Jammu and Kashmir,Leh (Ladakh),4908732,62,19,15,2004,0
India,Jammu and Kashmir,Poonch,167356,60015,53733,22,2004,22
India,Jammu and Kashmir,Pulwama,73389,12895,12422,16,2004,2
India,Jammu and Kashmir,Rajouri,254200,83983,69907,19,2004,253
India,Jammu and Kashmir,Ramban,90221,27560,22655,4,2004,11
India,Jammu and Kashmir,Reasi,208383,84644,76285,23,2004,122
India,Jammu and Kashmir,Samba,84362,6928,6182,5,2004,12
India,Jammu and Kashmir,Shupiyan,72418,18029,20804,18,2004,76
India,Jammu and Kashmir,Srinagar,62771,11936,9782,12,2004,1
India,Jammu and Kashmir,Udhampur,245808,91063,77516,68,2004,52
India,Jharkhand,Bokaro,286989,10615,6059,0,2004,1
India,Jharkhand,Chatra,375718,35924,33133,28,2004,7
India,Jharkhand,Deoghar,244100,59,4,0,2004,0
India,Jharkhand,Dhanbad,208382,674,186,0,2004,0
India,Jharkhand,Dumka,377426,3146,665,133,2004,13
India,Jharkhand,Garhwa,407829,29720,12630,28,2004,2
India,Jharkhand,Giridih,499661,8970,5408,1,2004,0
India,Jharkhand,Godda,224195,4067,1254,67,2004,9
India,Jharkhand,Gumla,536525,58922,27871,1,2004,10
India,Jharkhand,Hazaribagh,481712,41777,39730,5,2004,5
India,Jharkhand,Jamtara,180473,8,0,0,2004,0
India,Jharkhand,Khunti,277225,15381,1120,1,2004,1
India,Jharkhand,Kodarma,132242,18562,19552,1,2004,1
India,Jharkhand,Latehar,426444,102907,50236,19,2004,17
India,Jharkhand,Lohardaga,149986,25424,13408,3,2004,30
India,Jharkhand,Pakur,181513,1630,958,66,2004,3
India,Jharkhand,Palamu,445541,18227,12788,29,2004,2
India,Jharkhand,Pashchimi Singhbhum,723098,133283,79138,10,2004,74
India,Jharkhand,Purbi Singhbhum,357770,9110,2382,3,2004,3
India,Jharkhand,Ramgarh,134403,5646,3524,0,2004,0
India,Jharkhand,Ranchi,488387,9234,1856,0,2004,0
India,Jharkhand,Sahibganj,219886,3225,589,93,2004,3
India,Jharkhand,Saraikela-kharsawan,265341,8165,1240,1,2004,1
India,Jharkhand,Simdega,379142,11654,3014,0,2004,0
India,Karnataka,Bagalkot,655258,105,42,0,2004,0
India,Karnataka,Bangalore,217903,162,26,2,2004,0
India,Karnataka,Bangalore Rural,230303,137,33,1,2004,0
India,Karnataka,Belgaum,1333488,49040,38050,38,2004,2
India,Karnataka,Bellary,842531,1836,226,2,2004,3
India,Karnataka,Bidar,543342,52,16,0,2004,0
India,Karnataka,Bijapur,1048432,53,15,0,2004,0
India,Karnataka,Chamrajnagar,565361,116045,83039,42,2004,6
India,Karnataka,Chikballapura,422931,1462,988,3,2004,0
India,Karnataka,Chikmagalur,718838,323326,298783,1150,2004,299
India,Karnataka,Chitradurga,842881,416,8,0,2004,0
India,Karnataka,Dakshina Kannada,456123,281111,231209,638,2004,294
India,Karnataka,Davanagere,660862,6521,346,6,2004,4
India,Karnataka,Dharwad,426092,464,1153,19,2004,0
India,Karnataka,Gadag,463089,15,1,0,2004,0
India,Karnataka,Gulbarga,1096303,48,10,0,2004,0
India,Karnataka,Hassan,679084,84418,62102,312,2004,167
India,Karnataka,Haveri,479411,587,321,15,2004,1
India,Karnataka,Kodagu,409587,308610,267919,818,2004,143
India,Karnataka,Kolar,397159,344,231,1,2004,1
India,Karnataka,Koppal,555591,14,7,7,2004,0
India,Karnataka,Mandya,492564,774,182,11,2004,2
India,Karnataka,Mysore,629741,70536,49242,92,2004,9
India,Karnataka,Raichur,843615,61,51,21,2004,1
India,Karnataka,Ramanagara,350745,2928,356,3,2004,2
India,Karnataka,Shimoga,773369,212771,134060,1093,2004,288
India,Karnataka,Tumkur,1059196,1426,314,7,2004,2
India,Karnataka,Udupi,390213,180568,137247,402,2004,85
India,Karnataka,Uttara Kannada,1027612,632365,575803,389,2004,70
India,Karnataka,Yadgir,526289,10,2,4,2004,0
India,Kerala,Alappuzha,124519,51188,46506,57,2004,14
India,Kerala,Ernakulam,225002,142323,115571,955,2004,117
India,Kerala,Idukki,499006,422964,413423,3789,2004,423
India,Kerala,Kannur,277392,220056,195713,302,2004,101
India,Kerala,Kasaragod,195107,107422,81572,231,2004,79
India,Kerala,Kollam,240436,193294,179738,2383,2004,233
India,Kerala,Kottayam,210255,158914,131488,431,2004,109
India,Kerala,Kozhikode,227197,161134,131968,156,2004,13
India,Kerala,Malappuram,349994,174081,128652,191,2004,44
India,Kerala,Palakkad,447188,216046,180783,692,2004,60
India,Kerala,Pathanamthitta,263424,235819,214996,828,2004,140
India,Kerala,Thiruvananthapuram,204253,153498,127197,1845,2004,142
India,Kerala,Thrissur,294081,191936,170228,866,2004,53
India,Kerala,Wayanad,212196,169547,159045,655,2004,54
India,Lakshadweep,Lakshadweep,3482,0,0,0,2004,0
India,Madhya Pradesh,Agar Malwa,276772,11,3,0,2004,0
India,Madhya Pradesh,Alirajpur,333104,526,41,0,2004,13
India,Madhya Pradesh,Anuppur,202588,5151,2964,0,2004,0
India,Madhya Pradesh,Ashoknagar,472393,353,150,3,2004,0
India,Madhya Pradesh,Balaghat,924893,318150,284474,110,2004,221
India,Madhya Pradesh,Barwani,542445,191,26,0,2004,0
India,Madhya Pradesh,Betul,1006834,44619,12942,15,2004,47
India,Madhya Pradesh,Bhind,447252,37,29,5,2004,0
India,Madhya Pradesh,Bhopal,272180,411,388,1,2004,0
India,Madhya Pradesh,Burhanpur,319674,304,101,0,2004,0
India,Madhya Pradesh,Chhatarpur,871307,9432,10557,37,2004,0
India,Madhya Pradesh,Chhindwara,1180484,47596,33573,19,2004,3
India,Madhya Pradesh,Damoh,735338,4141,3718,2,2004,1
India,Madhya Pradesh,Datia,252254,13,5,0,2004,1
India,Madhya Pradesh,Dewas,695694,683,550,0,2004,3
India,Madhya Pradesh,Dhar,813433,45,48,0,2004,1
India,Madhya Pradesh,Dindori,648866,165015,140518,13,2004,10
India,Madhya Pradesh,East Nimar,744494,2848,672,0,2004,6
India,Madhya Pradesh,Guna,629701,209,67,0,2004,0
India,Madhya Pradesh,Gwalior,458064,63,10,0,2004,2
India,Madhya Pradesh,Harda,331452,2518,1267,0,2004,1
India,Madhya Pradesh,Hoshangabad,670862,79045,47640,16,2004,2
India,Madhya Pradesh,Indore,390867,572,403,0,2004,0
India,Madhya Pradesh,Jabalpur,401166,8857,5026,2,2004,58
India,Madhya Pradesh,Jhabua,342698,9,2,0,2004,0
India,Madhya Pradesh,Katni,616355,20446,11180,17,2004,21
India,Madhya Pradesh,Mandla,677220,93818,90165,22,2004,13
India,Madhya Pradesh,Mandsaur,563118,66,10,0,2004,1
India,Madhya Pradesh,Morena,498479,60,23,2,2004,1
India,Madhya Pradesh,Narsimhapur,514459,17516,13262,4,2004,4
India,Madhya Pradesh,Neemuch,415427,39,11,0,2004,1
India,Madhya Pradesh,Panna,711358,11942,7857,13,2004,0
India,Madhya Pradesh,Raisen,849516,17063,21246,30,2004,2
India,Madhya Pradesh,Rajgarh,612022,44,39,0,2004,0
India,Madhya Pradesh,Ratlam,481618,33,6,0,2004,0
India,Madhya Pradesh,Rewa,631423,2701,3804,1,2004,0
India,Madhya Pradesh,Sagar,1025228,8268,4206,4,2004,1
India,Madhya Pradesh,Satna,750261,10327,5053,28,2004,3
India,Madhya Pradesh,Sehore,656297,4726,5166,6,2004,0
India,Madhya Pradesh,Seoni,875671,60198,52693,10,2004,67
India,Madhya Pradesh,Shahdol,831826,36032,26519,4,2004,0
India,Madhya Pradesh,Shajapur,352411,38,6,0,2004,0
India,Madhya Pradesh,Sheopur,652461,400,40,0,2004,0
India,Madhya Pradesh,Shivpuri,1046628,407,84,1,2004,5
India,Madhya Pradesh,Sidhi,478016,43220,33835,10,2004,0
India,Madhya Pradesh,Singrauli,578643,24183,22954,3,2004,0
India,Madhya Pradesh,Tikamgarh,506638,22,12,1,2004,0
India,Madhya Pradesh,Ujjain,608217,73,8,0,2004,0
India,Madhya Pradesh,Umaria,372591,32574,20399,10,2004,38
India,Madhya Pradesh,Vidisha,730295,2580,2838,0,2004,0
India,Madhya Pradesh,West Nimar,804393,504,174,0,2004,0
India,Maharashtra,Ahmadnagar,1613065,2155,685,0,2004,1
India,Maharashtra,Akola,551391,121,42,0,2004,0
India,Maharashtra,Amravati,1218596,37188,22756,1,2004,10
India,Maharashtra,Aurangabad,1009310,139,70,0,2004,0
India,Maharashtra,Bhandara,470048,29630,22796,10,2004,249
India,Maharashtra,Bid,1141360,18,8,0,2004,0
India,Maharashtra,Buldana,960383,562,217,0,2004,0
India,Maharashtra,Chandrapur,1130866,38431,26245,6,2004,473
India,Maharashtra,Dhule,716652,292,76,0,2004,0
India,Maharashtra,Garhchiroli,1446063,565777,532217,86,2004,637
India,Maharashtra,Gondiya,463678,77177,66986,14,2004,63
India,Maharashtra,Hingoli,468553,51,13,0,2004,1
India,Maharashtra,Jalgaon,1174820,1357,485,0,2004,1
India,Maharashtra,Jalna,777897,9,3,0,2004,0
India,Maharashtra,Kolhapur,765441,64263,50160,19,2004,6
India,Maharashtra,Latur,723325,84,9,0,2004,0
India,Maharashtra,Mumbai City,6798,2,0,0,2004,0
India,Maharashtra,Mumbai Suburban,41216,913,1816,0,2004,0
India,Maharashtra,Nagpur,992630,17895,13709,2,2004,46
India,Maharashtra,Nanded,1058842,2209,2191,0,2004,6
India,Maharashtra,Nandurbar,593190,1224,128,0,2004,2
India,Maharashtra,Nashik,1550954,2520,769,1,2004,1
India,Maharashtra,Osmanabad,755003,31,8,0,2004,0
India,Maharashtra,Palghar,532756,12058,9783,1,2004,1
India,Maharashtra,Parbhani,632812,56,11,0,2004,0
India,Maharashtra,Pune,1560120,20505,7436,2,2004,3
India,Maharashtra,Raigarh,701070,28536,9898,3,2004,4
India,Maharashtra,Ratnagiri,846264,33833,24447,9,2004,1
India,Maharashtra,Sangli,853492,4437,5233,0,2004,0
India,Maharashtra,Satara,1046855,27561,26313,2,2004,1
India,Maharashtra,Sindhudurg,517121,96181,50568,62,2004,18
India,Maharashtra,Solapur,1486719,67,13,0,2004,0
India,Maharashtra,Thane,423883,6043,3295,1,2004,1
India,Maharashtra,Wardha,630912,578,35,0,2004,3
India,Maharashtra,Washim,519150,104,20,0,2004,2
India,Maharashtra,Yavatmal,1352653,1395,760,0,2004,14
India,Manipur,Bishnupur,48080,1740,2108,41,2004,23
India,Manipur,Chandel,318641,269516,271928,8411,2004,790
India,Manipur,Churachandpur,471866,405634,397101,9196,2004,1481
India,Manipur,Imphal East,59830,18726,19984,132,2004,22
India,Manipur,Imphal West,48793,4009,4525,57,2004,7
India,Manipur,Senapati,348452,241261,254278,1584,2004,497
India,Manipur,Tamenglong,419673,386378,366470,6339,2004,887
India,Manipur,Thoubal,71407,6569,8341,90,2004,49
India,Manipur,Ukhrul,445329,369843,383303,7931,2004,1496
India,Meghalaya,East Garo Hills,218567,179466,163589,2813,2004,652
India,Meghalaya,East Khasi Hills,286198,179569,180921,716,2004,554
India,Meghalaya,Jaintia Hills,382407,272720,268991,1754,2004,1073
India,Meghalaya,North Garo Hills,61123,40202,33277,175,2004,96
India,Meghalaya,Ri Bhoi,238512,190725,179250,1685,2004,588
India,Meghalaya,South Garo Hills,184901,162994,155050,2463,2004,544
India,Meghalaya,South West Garo Hills,51848,24712,19344,485,2004,12
India,Meghalaya,South West Khasi Hills,142031,101167,99795,938,2004,328
India,Meghalaya,West Garo Hills,304369,219605,181181,3872,2004,463
India,Meghalaya,West Khasi Hills,381666,312728,311386,4233,2004,1487
India,Mizoram,Aizawl,345326,318685,295653,4861,2004,652
India,Mizoram,Champhai,343485,298619,288526,12121,2004,2556
India,Mizoram,Kolasib,134891,125638,118388,885,2004,175
India,Mizoram,Lawangtlai,204674,176551,164321,660,2004,193
India,Mizoram,Lunglei,455319,422560,390114,2812,2004,414
India,Mizoram,Mamit,307947,293143,271709,1490,2004,380
India,Mizoram,Saiha,197696,179646,171250,965,2004,295
India,Mizoram,Serchhip,135837,117116,110274,2492,2004,406
India,NCT of Delhi,West,150220,263,122,2,2004,1
India,Nagaland,Dimapur,86683,48008,47284,567,2004,112
India,Nagaland,Kiphire,112226,76884,81496,2438,2004,454
India,Nagaland,Kohima,131049,113206,112344,1181,2004,365
India,Nagaland,Longleng,58857,46310,45195,3993,2004,1159
India,Nagaland,Mokokchung,160570,135765,136223,9544,2004,1843
India,Nagaland,Mon,216824,175757,171643,8986,2004,2344
India,Nagaland,Peren,168370,153322,150576,3445,2004,668
India,Nagaland,Phek,191044,138636,151738,1311,2004,209
India,Nagaland,Tuensang,214332,163570,160823,6000,2004,1051
India,Nagaland,Wokha,162641,134385,131483,3190,2004,918
India,Nagaland,Zunheboto,157366,124499,128062,3311,2004,722
India,Odisha,Anugul,637420,147440,91636,6,2004,58
India,Odisha,Balangir,657722,21125,7843,4,2004,21
India,Odisha,Baleshwar,370526,8669,2339,6,2004,12
India,Odisha,Bargarh,580584,19856,11873,4,2004,11
India,Odisha,Bauda,312387,94961,69469,32,2004,21
India,Odisha,Bhadrak,245295,122,18,0,2004,0
India,Odisha,Cuttack,394435,20532,6500,0,2004,20
India,Odisha,Debagarh,281405,60859,46069,4,2004,13
India,Odisha,Dhenkanal,448128,34340,12465,2,2004,21
India,Odisha,Gajapati,406805,163314,117932,87,2004,607
India,Odisha,Ganjam,838046,161507,109710,36,2004,268
India,Odisha,Jagatsinghapur,167105,77,12,0,2004,0
India,Odisha,Jajapur,290367,4074,2310,0,2004,3
India,Odisha,Jharsuguda,212024,2842,3758,3,2004,0
India,Odisha,Kalahandi,791570,160738,107293,624,2004,606
India,Odisha,Kandhamal,806513,442907,364535,2967,2004,1153
India,Odisha,Kendrapara,248250,58,13,0,2004,0
India,Odisha,Kendujhar,832369,111738,67637,33,2004,212
India,Odisha,Khordha,275639,15903,4978,0,2004,11
India,Odisha,Koraput,858243,105476,88021,115,2004,107
India,Odisha,Malkangiri,583117,122556,79929,54,2004,220
India,Odisha,Mayurbhanj,1045106,220030,163423,8,2004,101
India,Odisha,Nabarangapur,530817,29098,20600,10,2004,107
India,Odisha,Nayagarh,389939,120024,62714,2,2004,50
India,Odisha,Nuapada,387082,32953,24937,1,2004,7
India,Odisha,Puri,350223,376,36,0,2004,1
India,Odisha,Rayagada,738185,215343,153190,295,2004,699
India,Odisha,Sambalpur,674416,168907,136091,9,2004,41
India,Odisha,Subarnapur,236169,5721,2533,0,2004,5
India,Odisha,Sundargarh,973917,188647,158696,17,2004,88
India,Puducherry,Karaikal,19216,35,308,2,2004,0
India,Puducherry,Mahe,12834,6855,4980,6,2004,2
India,Puducherry,Puducherry,19529,19,264,2,2004,0
India,Puducherry,Yanam,3154,2,5,0,2004,0
India,Punjab,Amritsar,261222,377,432,6,2004,2
India,Punjab,Barnala,148257,320,4,0,2004,2
India,Punjab,Bathinda,336278,139,7,0,2004,0
India,Punjab,Faridkot,144767,75,0,0,2004,0
India,Punjab,Fatehgarh Sahib,117323,202,191,1,2004,1
India,Punjab,Fazilka,271964,87,3,0,2004,0
India,Punjab,Firozpur,250041,642,145,1,2004,5
India,Punjab,Gurdaspur,257822,347,502,8,2004,1
India,Punjab,Hoshiarpur,336023,36187,35452,102,2004,13
India,Punjab,Jalandhar,260276,36,24,0,2004,0
India,Punjab,Kapurthala,165789,563,284,4,2004,4
India,Punjab,Ludhiana,356965,1649,860,6,2004,15
India,Punjab,Mansa,220700,33,18,0,2004,0
India,Punjab,Moga,230248,779,15,0,2004,4
India,Punjab,Muktsar,259888,35,2,0,2004,1
India,Punjab,Pathankot,99880,11476,11764,118,2004,7
India,Punjab,Patiala,333599,1592,2279,9,2004,3
India,Punjab,Rupnagar,138152,10695,8336,44,2004,27
India,Punjab,Sahibzada Ajit Singh Nagar,108846,7882,7151,18,2004,18
India,Punjab,Sangrur,360325,296,209,2,2004,1
India,Punjab,Shahid Bhagat Singh Nagar,129603,1155,1502,10,2004,6
India,Punjab,Tarn Taran,234611,133,163,3,2004,1
India,Rajasthan,Ajmer,864832,2,0,0,2004,0
India,Rajasthan,Alwar,829131,4301,1955,46,2004,3
India,Rajasthan,Banswara,448765,44,12,0,2004,0
India,Rajasthan,Baran,682336,75,3,0,2004,0
India,Rajasthan,Barmer,2831742,0,0,0,2004,0
India,Rajasthan,Bharatpur,505079,543,402,7,2004,0
India,Rajasthan,Bhilwara,1044866,8,1,0,2004,0
India,Rajasthan,Bikaner,2692523,0,0,0,2004,0
India,Rajasthan,Bundi,557361,18,0,0,2004,0
India,Rajasthan,Chittaurgarh,757295,38,1,2,2004,1
India,Rajasthan,Churu,1705000,0,0,0,2004,0
India,Rajasthan,Dausa,358982,21,32,7,2004,0
India,Rajasthan,Dhaulpur,302532,43,20,0,2004,0
India,Rajasthan,Dungarpur,377631,12,2,0,2004,0
India,Rajasthan,Ganganagar,1166503,18,0,0,2004,0
India,Rajasthan,Hanumangarh,890122,1,0,0,2004,0
India,Rajasthan,Jaipur,1124440,250,114,5,2004,0
India,Rajasthan,Jaisalmer,3857174,0,0,0,2004,0
India,Rajasthan,Jalor,1070386,0,0,0,2004,0
India,Rajasthan,Jhalawar,624795,16,3,0,2004,0
India,Rajasthan,Jhunjhunun,591310,12,1,0,2004,0
India,Rajasthan,Jodhpur,2280202,0,0,0,2004,0
India,Rajasthan,Karauli,518220,40,116,12,2004,0
India,Rajasthan,Kota,550289,41,2,0,2004,0
India,Rajasthan,Nagaur,1764675,0,0,0,2004,0
India,Rajasthan,Pali,1232336,32,15,0,2004,0
India,Rajasthan,Pratapgarh,429766,62,16,0,2004,3
India,Rajasthan,Rajsamand,459177,100,85,0,2004,0
India,Rajasthan,Sawai Madhopur,467033,63,1,0,2004,0
India,Rajasthan,Sikar,768138,15,1,0,2004,0
India,Rajasthan,Sirohi,513533,1992,324,0,2004,0
India,Rajasthan,Tonk,723904,3,0,0,2004,0
India,Rajasthan,Udaipur,1200020,4288,1011,0,2004,16
India,Sikkim,East Sikkim,94656,54725,57243,28,2004,7
India,Sikkim,North Sikkim,424153,101793,94756,14,2004,23
India,Sikkim,South Sikkim,73171,39736,43238,6,2004,13
India,Sikkim,West Sikkim,116327,54197,58525,22,2004,15
India,Tamil Nadu,Ariyalur,195050,179,123,6,2004,3
India,Tamil Nadu,Chennai,19496,24,49,0,2004,0
India,Tamil Nadu,Coimbatore,381876,106394,99049,630,2004,21
India,Tamil Nadu,Cuddalore,381529,567,3119,30,2004,4
India,Tamil Nadu,Dharmapuri,451289,60229,40216,20,2004,5
India,Tamil Nadu,Dindigul,605693,131707,117953,1393,2004,427
India,Tamil Nadu,Erode,597195,110441,75879,31,2004,6
India,Tamil Nadu,Kancheepuram,465580,884,432,2,2004,7
India,Tamil Nadu,Kanniyakumari,159095,94368,73746,729,2004,7
India,Tamil Nadu,Karur,288912,2034,1747,16,2004,2
India,Tamil Nadu,Krishnagiri,513456,22659,9827,20,2004,4
India,Tamil Nadu,Madurai,368763,20142,12710,87,2004,25
India,Tamil Nadu,Nagappattinam,240430,2545,5577,43,2004,10
India,Tamil Nadu,Namakkal,340077,26491,18764,75,2004,116
India,Tamil Nadu,Perambalur,175214,6038,4306,0,2004,1
India,Tamil Nadu,Pudukkottai,469005,429,2027,35,2004,0
India,Tamil Nadu,Ramanathapuram,426072,1106,1433,4,2004,1
India,Tamil Nadu,Salem,521044,69377,48800,162,2004,174
India,Tamil Nadu,Sivaganga,406634,719,2896,40,2004,1
India,Tamil Nadu,Thanjavur,339136,6027,5306,127,2004,33
India,Tamil Nadu,The Nilgiris,254621,161439,142481,976,2004,174
India,Tamil Nadu,Theni,284519,68470,59469,295,2004,71
India,Tamil Nadu,Thiruvallur,330691,878,6890,14,2004,3
India,Tamil Nadu,Thiruvarur,251518,5829,11729,55,2004,7
India,Tamil Nadu,Thoothukkudi,471255,7328,2740,17,2004,1
India,Tamil Nadu,Tiruchirappalli,450426,19990,12920,64,2004,28
India,Tamil Nadu,Tirunelveli,677048,122641,101337,292,2004,32
India,Tamil Nadu,Tiruppur,579045,35152,29946,129,2004,6
India,Tamil Nadu,Tiruvannamalai,618357,53147,39589,7,2004,14
India,Tamil Nadu,Vellore,606757,52516,36387,13,2004,14
India,Tamil Nadu,Viluppuram,729374,26944,21438,82,2004,44
India,Tamil Nadu,Virudunagar,428927,13827,9721,44,2004,28
India,Telangana,Adilabad,1604386,43451,45576,1,2004,153
India,Telangana,Hyderabad,17802,7,0,0,2004,0
India,Telangana,Karimnagar,1190025,33293,27498,4,2004,30
India,Telangana,Khammam,1610018,420082,323300,263,2004,893
India,Telangana,Mahbubnagar,1837327,16103,10164,7,2004,5
India,Telangana,Medak,975732,310,48,0,2004,7
India,Telangana,Nalgonda,1409411,393,362,55,2004,5
India,Telangana,Nizamabad,790786,5468,3355,0,2004,28
India,Telangana,Ranga Reddy,754836,86,8,0,2004,2
India,Telangana,Warangal,1280889,144423,93032,23,2004,196
India,Tripura,Dhalai,243285,196775,179288,243,2004,636
India,Tripura,Gomati,141064,92622,78803,92,2004,333
India,Tripura,Khowai,103448,64933,53587,77,2004,479
India,Tripura,North Tripura,131984,95513,85079,207,2004,220
India,Tripura,Sipahijala,102396,44035,31352,173,2004,237
India,Tripura,South Tripura,152454,84216,68592,115,2004,462
India,Tripura,Unokoti,77444,50734,41125,90,2004,282
India,Tripura,West Tripura,101551,40464,31891,180,2004,251
India,Uttar Pradesh,Agra,352635,1111,433,9,2004,2
India,Uttar Pradesh,Aligarh,386530,269,234,2,2004,4
India,Uttar Pradesh,Allahabad,514803,109,1798,87,2004,1
India,Uttar Pradesh,Ambedkar Nagar,232472,190,2167,34,2004,1
India,Uttar Pradesh,Amethi,330740,180,3026,42,2004,0
India,Uttar Pradesh,Amroha,251713,225,224,9,2004,2
India,Uttar Pradesh,Auraiya,217850,52,54,2,2004,0
India,Uttar Pradesh,Azamgarh,389662,399,3073,53,2004,6
India,Uttar Pradesh,Baghpat,133245,118,759,29,2004,0
India,Uttar Pradesh,Bahraich,368710,29878,23583,83,2004,3
India,Uttar Pradesh,Ballia,300802,152,3476,22,2004,1
India,Uttar Pradesh,Balrampur,336719,42532,40338,194,2004,9
India,Uttar Pradesh,Banda,451968,158,1145,3,2004,0
India,Uttar Pradesh,Barabanki,443233,439,1197,33,2004,2
India,Uttar Pradesh,Bareilly,378328,72,251,10,2004,0
India,Uttar Pradesh,Basti,251766,171,697,7,2004,0
India,Uttar Pradesh,Bijnor,431434,15649,15499,108,2004,7
India,Uttar Pradesh,Budaun,420899,86,113,4,2004,4
India,Uttar Pradesh,Bulandshahr,357886,101,37,3,2004,0
India,Uttar Pradesh,Chandauli,253552,1556,7401,189,2004,7
India,Uttar Pradesh,Chitrakoot,308393,5790,5255,26,2004,0
India,Uttar Pradesh,Deoria,255677,321,1221,10,2004,6
India,Uttar Pradesh,Etah,250079,120,115,2,2004,1
India,Uttar Pradesh,Etawah,215276,531,454,13,2004,0
India,Uttar Pradesh,Faizabad,209951,186,856,18,2004,0
India,Uttar Pradesh,Farrukhabad,218442,353,417,3,2004,11
India,Uttar Pradesh,Fatehpur,417684,14,65,2,2004,0
India,Uttar Pradesh,Firozabad,284638,426,155,4,2004,1
India,Uttar Pradesh,Gautam Buddha Nagar,138611,8,7,0,2004,0
India,Uttar Pradesh,Ghaziabad,87238,15,36,0,2004,0
India,Uttar Pradesh,Ghazipur,338598,527,9953,117,2004,5
India,Uttar Pradesh,Gonda,400797,3583,5474,28,2004,2
India,Uttar Pradesh,Gorakhpur,306670,1170,2561,17,2004,2
India,Uttar Pradesh,Hamirpur,426283,251,26,1,2004,0
India,Uttar Pradesh,Hapur,110314,33,25,1,2004,0
India,Uttar Pradesh,Hardoi,601016,1430,532,44,2004,23
India,Uttar Pradesh,Hathras,162087,113,52,1,2004,0
India,Uttar Pradesh,Jalaun,456365,32,4,0,2004,0
India,Uttar Pradesh,Jaunpur,403582,104,1442,23,2004,3
India,Uttar Pradesh,Jhansi,506579,161,35,0,2004,0
India,Uttar Pradesh,Kannauj,207454,139,16,3,2004,4
India,Uttar Pradesh,Kanpur Dehat,316373,26,84,4,2004,0
India,Uttar Pradesh,Kanpur Nagar,292815,65,55,1,2004,0
India,Uttar Pradesh,Kasganj,197603,280,150,2,2004,8
India,Uttar Pradesh,Kaushambi,210356,11,338,8,2004,0
India,Uttar Pradesh,Kushinagar,288811,531,749,2,2004,2
India,Uttar Pradesh,Lakhimpur Kheri,770148,94748,78902,302,2004,45
India,Uttar Pradesh,Lalitpur,504678,2496,623,4,2004,0
India,Uttar Pradesh,Lucknow,253976,1160,1453,103,2004,17
India,Uttar Pradesh,Maharajganj,318731,31937,35386,72,2004,2
India,Uttar Pradesh,Mahoba,283604,111,116,1,2004,0
India,Uttar Pradesh,Mainpuri,275040,148,137,4,2004,1
India,Uttar Pradesh,Mathura,337399,304,568,2,2004,3
India,Uttar Pradesh,Mau,206654,176,2088,15,2004,2
India,Uttar Pradesh,Meerut,260507,729,710,4,2004,0
India,Uttar Pradesh,Mirzapur,451742,76,126,2,2004,1
India,Uttar Pradesh,Moradabad,210602,62,167,8,2004,0
India,Uttar Pradesh,Muzaffarnagar,273061,336,1206,27,2004,1
India,Uttar Pradesh,Pilibhit,359157,51081,50411,89,2004,2
India,Uttar Pradesh,Pratapgarh,371568,115,984,17,2004,0
India,Uttar Pradesh,Rae Bareli,327076,73,496,10,2004,0
India,Uttar Pradesh,Rampur,257084,3333,3481,26,2004,1
India,Uttar Pradesh,Saharanpur,372025,19899,17358,50,2004,1
India,Uttar Pradesh,Sambhal,213644,19,1,0,2004,1
India,Uttar Pradesh,Sant Kabir Nagar,132684,182,964,16,2004,1
India,Uttar Pradesh,Sant Ravi Das Nagar,100916,16,181,8,2004,1
India,Uttar Pradesh,Shahjahanpur,465191,5698,5281,29,2004,7
India,Uttar Pradesh,Shamli,131834,222,327,10,2004,0
India,Uttar Pradesh,Shravasti,315223,29554,26449,126,2004,14
India,Uttar Pradesh,Siddharth Nagar,347860,721,2477,9,2004,1
India,Uttar Pradesh,Sitapur,578044,1843,905,175,2004,22
India,Uttar Pradesh,Sonbhadra,678916,4879,1358,2,2004,1
India,Uttar Pradesh,Sultanpur,246165,90,1438,16,2004,0
India,Uttar Pradesh,Unnao,459854,243,709,46,2004,4
India,Uttar Pradesh,Varanasi,155118,54,47,2,2004,3
India,Uttarakhand,Almora,310201,112210,83294,188,2004,47
India,Uttarakhand,Bageshwar,228123,79668,58991,4,2004,4
India,Uttarakhand,Chamoli,792867,192909,152828,19,2004,24
India,Uttarakhand,Champawat,168452,118482,115597,521,2004,61
India,Uttarakhand,Dehradun,306702,156029,150809,52,2004,7
India,Uttarakhand,Garhwal,545564,291677,261345,120,2004,38
India,Uttarakhand,Hardwar,238572,25703,24158,211,2004,7
India,Uttarakhand,Nainital,406379,297778,287829,3809,2004,455
India,Uttarakhand,Pithoragarh,732913,124243,89944,33,2004,20
India,Uttarakhand,Rudraprayag,121405,46549,38960,6,2004,13
India,Uttarakhand,Tehri Garhwal,438890,216898,212079,72,2004,21
India,Uttarakhand,Udham Singh Nagar,286233,54957,57103,955,2004,73
India,Uttarakhand,Uttarkashi,804550,231737,198289,63,2004,30
India,West Bengal,Alipurduar,280176,118440,83490,660,2004,162
India,West Bengal,Bankura,696472,423,15,27,2004,19
India,West Bengal,Barddhaman,704144,190,172,4,2004,0
India,West Bengal,Birbhum,455570,7,96,1,2004,0
India,West Bengal,Dakshin Dinajpur,211766,122,160,1,2004,1
India,West Bengal,Darjiling,314436,152184,156762,399,2004,112
India,West Bengal,Haora,144036,1435,922,2,2004,1
India,West Bengal,Hugli,315210,1188,244,0,2004,0
India,West Bengal,Jalpaiguri,338376,67359,49856,480,2004,63
India,West Bengal,Koch Bihar,338718,14449,8297,172,2004,24
India,West Bengal,Kolkata,9162,35,3,0,2004,0
India,West Bengal,Maldah,361110,212,147,10,2004,5
India,West Bengal,Murshidabad,541121,357,173,3,2004,3
India,West Bengal,Nadia,392088,2000,790,1,2004,2
India,West Bengal,North 24 Parganas,581554,35148,26531,0,2004,1
India,West Bengal,Pashchim Medinipur,940038,1560,174,72,2004,142
India,West Bengal,Purba Medinipur,398147,850,253,1,2004,4
India,West Bengal,Puruliya,625675,3124,117,1,2004,10
India,West Bengal,South 24 Parganas,552715,4568,3307,0,2004,0
India,West Bengal,Uttar Dinajpur,336010,4269,375,208,2004,23
India,Andaman and Nicobar,Nicobar Islands,172679,147634,144925,1587,2005,2281
India,Andaman and Nicobar,North and Middle Andaman,340652,310759,308793,2600,2005,352
India,Andaman and Nicobar,South Andaman,247753,226008,225722,1658,2005,906
India,Andhra Pradesh,Anantapur,1922649,517,111,14,2005,0
India,Andhra Pradesh,Chittoor,1516880,81831,56859,218,2005,1
India,Andhra Pradesh,East Godavari,1075476,310205,284237,537,2005,465
India,Andhra Pradesh,Guntur,1141089,23783,57053,211,2005,4
India,Andhra Pradesh,Krishna,861607,17233,32054,57,2005,12
India,Andhra Pradesh,Kurnool,1777836,59574,40932,15,2005,6
India,Andhra Pradesh,Nellore,1301782,20837,28123,480,2005,10
India,Andhra Pradesh,Prakasam,1779564,79027,62790,158,2005,6
India,Andhra Pradesh,Srikakulam,627635,32693,20281,49,2005,26
India,Andhra Pradesh,Visakhapatnam,1137192,300879,241668,501,2005,521
India,Andhra Pradesh,Vizianagaram,572603,49147,37843,36,2005,47
India,Andhra Pradesh,West Godavari,775702,60575,58435,159,2005,81
India,Andhra Pradesh,Y.S.R.,1514967,69611,78628,109,2005,2
India,Arunachal Pradesh,Anjaw,651942,398495,369756,869,2005,176
India,Arunachal Pradesh,Changlang,503616,438332,431075,2788,2005,624
India,Arunachal Pradesh,Dibang Valley,751403,391182,373790,461,2005,26
India,Arunachal Pradesh,East Kameng,409167,390145,385591,1758,2005,192
India,Arunachal Pradesh,East Siang,361698,290410,288417,3988,2005,964
India,Arunachal Pradesh,Kurung Kumey,572190,445717,424968,1687,2005,78
India,Arunachal Pradesh,Lohit,344025,271516,266067,3990,2005,419
India,Arunachal Pradesh,Longding,93352,78346,76441,3641,2005,723
India,Arunachal Pradesh,Lower Dibang Valley,556430,415248,395777,2827,2005,661
India,Arunachal Pradesh,Lower Subansiri,378817,360577,353607,3121,2005,502
India,Arunachal Pradesh,Namsai,42486,17668,16789,468,2005,71
India,Arunachal Pradesh,Papum Pare,353251,332915,327083,1728,2005,624
India,Arunachal Pradesh,Tawang,215022,101851,91644,88,2005,19
India,Arunachal Pradesh,Tirap,109276,100278,97211,1525,2005,279
India,Arunachal Pradesh,Upper Siang,701634,542210,539323,2566,2005,437
India,Arunachal Pradesh,Upper Subansiri,641172,508012,470378,3444,2005,594
India,Arunachal Pradesh,West Kameng,734287,551070,545555,897,2005,411
India,Arunachal Pradesh,West Siang,779775,673340,659039,11997,2005,2047
India,Assam,Baksa,239364,50158,45466,75,2005,66
India,Assam,Barpeta,227857,10844,13386,12,2005,2
India,Assam,Bongaigaon,112362,15343,13976,40,2005,11
India,Assam,Cachar,378676,219197,215588,598,2005,151
India,Assam,Chirang,118891,44423,42350,24,2005,21
India,Assam,Darrang,159926,7656,4845,26,2005,18
India,Assam,Dhemaji,253740,39030,37503,185,2005,154
India,Assam,Dhubri,278096,35918,17751,73,2005,504
India,Assam,Dibrugarh,339191,84744,77617,1595,2005,271
India,Assam,Dima Hasao,490917,434941,406980,6766,2005,672
India,Assam,Goalpara,190100,21348,19886,58,2005,48
India,Assam,Golaghat,352585,49848,45910,1026,2005,217
India,Assam,Hailakandi,133352,68651,62917,273,2005,55
India,Assam,Jorhat,283776,49292,45600,943,2005,221
India,Assam,Kamrup,330488,96479,91075,288,2005,350
India,Assam,Kamrup Metropolitan,79666,28785,22733,100,2005,35
India,Assam,Karbi Anglong,1042664,789948,763795,6958,2005,2223
India,Assam,Karimganj,183306,74681,67823,235,2005,47
India,Assam,Kokrajhar,328978,109051,92428,155,2005,468
India,Assam,Lakhimpur,295203,53192,50368,413,2005,139
India,Assam,Morigaon,155363,10518,9080,25,2005,6
India,Assam,Nagaon,399001,77488,72138,443,2005,306
India,Assam,Nalbari,107600,11154,12942,2,2005,4
India,Assam,Sivasagar,263352,66061,58876,1211,2005,239
India,Assam,Sonitpur,528686,98395,84143,2521,2005,696
India,Assam,Tinsukia,379304,170120,170440,5279,2005,565
India,Assam,Udalguri,196790,32871,19883,548,2005,771
India,Bihar,Araria,281932,561,922,4,2005,1
India,Bihar,Arwal,66615,392,1880,14,2005,0
India,Bihar,Aurangabad,328198,875,630,5,2005,0
India,Bihar,Banka,309145,51,10,0,2005,0
India,Bihar,Begusarai,193928,196,271,1,2005,0
India,Bihar,Bhagalpur,256033,66,498,6,2005,0
India,Bihar,Bhojpur,237388,5464,22320,279,2005,1
India,Bihar,Buxar,170992,2040,5315,96,2005,5
India,Bihar,Darbhanga,228940,969,2839,15,2005,1
India,Bihar,Gaya,496554,2110,2748,2,2005,0
India,Bihar,Gopalganj,204094,175,2320,12,2005,0
India,Bihar,Jamui,308302,8863,2972,0,2005,0
India,Bihar,Jehanabad,93892,169,297,3,2005,1
India,Bihar,Kaimur,335075,4156,7422,89,2005,4
India,Bihar,Katihar,306233,107,223,8,2005,1
India,Bihar,Khagaria,149147,67,103,1,2005,0
India,Bihar,Kishanganj,193427,624,158,27,2005,3
India,Bihar,Lakhisarai,133641,7420,2606,11,2005,1
India,Bihar,Madhepura,183827,64,219,3,2005,0
India,Bihar,Madhubani,344146,3316,7618,25,2005,4
India,Bihar,Munger,136969,13748,10808,56,2005,0
India,Bihar,Muzaffarpur,318646,437,5012,8,2005,0
India,Bihar,Nalanda,233710,439,1645,4,2005,1
India,Bihar,Nawada,248578,9253,10478,1,2005,0
India,Bihar,Pashchim Champaran,523188,80413,80361,123,2005,56
India,Bihar,Patna,320539,1515,8189,38,2005,4
India,Bihar,Purba Champaran,399105,710,4891,6,2005,1
India,Bihar,Purnia,324600,128,133,6,2005,0
India,Bihar,Rohtas,386837,6235,7191,116,2005,2
India,Bihar,Saharsa,168897,153,215,4,2005,0
India,Bihar,Samastipur,290579,137,388,1,2005,0
India,Bihar,Saran,264523,223,3009,6,2005,0
India,Bihar,Sheikhpura,60405,9,18,0,2005,0
India,Bihar,Sheohar,57459,302,1358,6,2005,0
India,Bihar,Sitamarhi,205458,584,3341,7,2005,0
India,Bihar,Siwan,222545,223,3506,14,2005,1
India,Bihar,Supaul,238732,1517,2457,18,2005,14
India,Bihar,Vaishali,200961,132,1190,3,2005,0
India,Chandigarh,Chandigarh,11812,702,935,10,2005,1
India,Chhattisgarh,Balod,275414,16919,25869,3,2005,0
India,Chhattisgarh,Baloda Bazar,468572,25143,46646,1,2005,23
India,Chhattisgarh,Balrampur,633124,115996,64274,6,2005,10
India,Chhattisgarh,Bastar,591945,130358,118812,8,2005,224
India,Chhattisgarh,Bemetara,286904,44,29,0,2005,1
India,Chhattisgarh,Bijapur,879329,540837,498772,158,2005,150
India,Chhattisgarh,Bilaspur,555476,52822,34569,2,2005,28
India,Chhattisgarh,Dantewada,298090,88405,78733,17,2005,79
India,Chhattisgarh,Dhamtari,406306,84698,87870,1,2005,44
India,Chhattisgarh,Durg,298982,30,22,0,2005,0
India,Chhattisgarh,Gariaband,422957,110487,99238,1,2005,109
India,Chhattisgarh,Janjgir-Champa,387475,812,532,0,2005,3
India,Chhattisgarh,Jashpur,582341,73535,52235,2,2005,1
India,Chhattisgarh,Kabeerdham,422230,68990,63598,13,2005,98
India,Chhattisgarh,Kondagaon,509911,101269,93982,6,2005,509
India,Chhattisgarh,Korba,660932,134282,84264,2,2005,22
India,Chhattisgarh,Koriya,663712,115888,79594,1,2005,9
India,Chhattisgarh,Mahasamund,475380,7215,13348,3,2005,17
India,Chhattisgarh,Mungeli,278450,74732,52071,3,2005,58
India,Chhattisgarh,Narayanpur,392992,271260,249478,446,2005,360
India,Chhattisgarh,Raigarh,708412,55534,39766,4,2005,13
India,Chhattisgarh,Raipur,353390,370,888,0,2005,1
India,Chhattisgarh,Rajnandgaon,806554,113121,117362,50,2005,164
India,Chhattisgarh,Sukma,525060,150881,108640,44,2005,124
India,Chhattisgarh,Surajpur,544120,70867,40372,1,2005,4
India,Chhattisgarh,Surguja,399359,51150,32745,1,2005,4
India,Chhattisgarh,Uttar Bastar Kanker,715735,207926,200686,55,2005,362
India,Dadra and Nagar Haveli,Dadra and Nagar Haveli,49152,457,259,0,2005,0
India,Daman and Diu,Daman,5831,17,3,0,2005,0
India,Daman and Diu,Diu,2523,0,0,0,2005,0
India,Goa,North Goa,170604,41915,26028,1,2005,12
India,Goa,South Goa,198964,104551,90798,89,2005,27
India,Gujarat,Ahmadabad,773436,60,8,0,2005,0
India,Gujarat,Amreli,735510,5,1,0,2005,0
India,Gujarat,Anand,287832,46,7,0,2005,0
India,Gujarat,Aravalli,325245,10,2,1,2005,0
India,Gujarat,Banas Kantha,1061522,121,10,0,2005,0
India,Gujarat,Bharuch,543453,105,9,0,2005,0
India,Gujarat,Bhavnagar,677448,95,19,0,2005,0
India,Gujarat,Botad,162060,0,0,0,2005,0
India,Gujarat,Chhota Udaipur,368590,52,26,0,2005,0
India,Gujarat,Dahod,385651,310,44,0,2005,1
India,Gujarat,Devbhumi Dwarka,456016,17,0,0,2005,0
India,Gujarat,Gandhinagar,172338,1,0,0,2005,0
India,Gujarat,Gir Somnath,170164,15,1,6,2005,0
India,Gujarat,Jamnagar,670502,34,0,0,2005,0
India,Gujarat,Junagadh,702843,487,174,1,2005,0
India,Gujarat,Kachchh,4220838,33,2,0,2005,0
India,Gujarat,Kheda,398303,30,1,0,2005,0
India,Gujarat,Mahesana,438831,2,0,0,2005,0
India,Gujarat,Mahisagar,233539,11,4,0,2005,0
India,Gujarat,Morbi,481031,12,1,0,2005,0
India,Gujarat,Narmada,256838,2533,447,0,2005,1
India,Gujarat,Navsari,218334,1297,1294,0,2005,0
India,Gujarat,Panch Mahals,267704,27,16,0,2005,0
India,Gujarat,Patan,601243,0,0,0,2005,0
India,Gujarat,Porbandar,231056,39,0,0,2005,0
India,Gujarat,Rajkot,760630,17,2,0,2005,0
India,Gujarat,Sabar Kantha,418769,132,29,0,2005,0
India,Gujarat,Surat,439791,623,281,0,2005,0
India,Gujarat,Surendranagar,920266,180,26,0,2005,0
India,Gujarat,Tapi,314442,1563,620,0,2005,0
India,Gujarat,The Dangs,171142,8716,2274,0,2005,2
India,Gujarat,Vadodara,405249,9,1,0,2005,0
India,Gujarat,Valsad,301394,1346,1722,0,2005,0
India,Haryana,Ambala,175294,1380,1576,18,2005,4
India,Haryana,Bhiwani,463529,56,11,0,2005,0
India,Haryana,Faridabad,125761,80,174,8,2005,0
India,Haryana,Fatehabad,239977,13,54,0,2005,0
India,Haryana,Gurgaon,128536,169,111,1,2005,3
India,Haryana,Hisar,416939,68,6,0,2005,0
India,Haryana,Jhajjar,211225,135,91,4,2005,0
India,Haryana,Jind,273318,248,78,1,2005,0
India,Haryana,Kaithal,230046,1056,928,1,2005,0
India,Haryana,Karnal,258463,21,7,0,2005,0
India,Haryana,Kurukshetra,183593,445,241,1,2005,3
India,Haryana,Mahendragarh,193665,8,2,0,2005,0
India,Haryana,Mewat,146554,104,138,1,2005,1
India,Haryana,Palwal,90451,89,31,0,2005,0
India,Haryana,Panchkula,73780,27504,25438,39,2005,7
India,Haryana,Panipat,122468,60,365,19,2005,0
India,Haryana,Rewari,125324,47,23,0,2005,0
India,Haryana,Rohtak,168545,79,54,1,2005,0
India,Haryana,Sirsa,423119,4,3,0,2005,0
India,Haryana,Sonipat,221338,63,200,6,2005,0
India,Haryana,Yamunanagar,130521,11018,10477,22,2005,5
India,Himachal Pradesh,Bilaspur,116606,34773,31610,25,2005,17
India,Himachal Pradesh,Chamba,646061,170243,123366,144,2005,68
India,Himachal Pradesh,Hamirpur,112145,49052,45948,54,2005,7
India,Himachal Pradesh,Kangra,570651,231326,216284,499,2005,65
India,Himachal Pradesh,Kinnaur,645578,27943,15186,13,2005,6
India,Himachal Pradesh,Kullu,550194,151529,111321,40,2005,31
India,Himachal Pradesh,Lahul & Spiti,1380877,2610,1146,13,2005,0
India,Himachal Pradesh,Mandi,394812,172547,157589,136,2005,24
India,Himachal Pradesh,Shimla,513204,216911,160881,34,2005,42
India,Himachal Pradesh,Sirmaur,280863,163102,155136,103,2005,25
India,Himachal Pradesh,Solan,195597,92486,78371,65,2005,32
India,Himachal Pradesh,Una,153760,54587,51087,52,2005,14
India,Jammu and Kashmir,Anantnag,270262,74418,54946,33,2005,2
India,Jammu and Kashmir,Badgam,117282,15438,13073,7,2005,0
India,Jammu and Kashmir,Bandipore,252774,47946,34308,14,2005,6
India,Jammu and Kashmir,Baramulla,239201,61349,54085,60,2005,6
India,Jammu and Kashmir,Doda,262526,109809,74548,68,2005,25
India,Jammu and Kashmir,Ganderbal,126196,25483,18496,13,2005,3
India,Jammu and Kashmir,Jammu,214895,22392,18948,26,2005,5
India,Jammu and Kashmir,Kargil,1477323,225,38,11,2005,0
India,Jammu and Kashmir,Kathua,261794,62001,56822,106,2005,42
India,Jammu and Kashmir,Kishtwar,767032,113304,73885,40,2005,18
India,Jammu and Kashmir,Kulgam,134333,25547,24919,33,2005,1
India,Jammu and Kashmir,Kupwara,274748,117992,99047,63,2005,8
India,Jammu and Kashmir,Leh (Ladakh),4908732,62,19,15,2005,0
India,Jammu and Kashmir,Poonch,167356,60015,53733,22,2005,2
India,Jammu and Kashmir,Pulwama,73389,12895,12422,16,2005,0
India,Jammu and Kashmir,Rajouri,254200,83983,69907,19,2005,6
India,Jammu and Kashmir,Ramban,90221,27560,22655,4,2005,1
India,Jammu and Kashmir,Reasi,208383,84644,76285,23,2005,15
India,Jammu and Kashmir,Samba,84362,6928,6182,5,2005,3
India,Jammu and Kashmir,Shupiyan,72418,18029,20804,18,2005,9
India,Jammu and Kashmir,Srinagar,62771,11936,9782,12,2005,0
India,Jammu and Kashmir,Udhampur,245808,91063,77516,68,2005,14
India,Jharkhand,Bokaro,286989,10615,6059,0,2005,0
India,Jharkhand,Chatra,375718,35924,33133,28,2005,11
India,Jharkhand,Deoghar,244100,59,4,0,2005,0
India,Jharkhand,Dhanbad,208382,674,186,0,2005,0
India,Jharkhand,Dumka,377426,3146,665,133,2005,30
India,Jharkhand,Garhwa,407829,29720,12630,28,2005,3
India,Jharkhand,Giridih,499661,8970,5408,1,2005,0
India,Jharkhand,Godda,224195,4067,1254,67,2005,99
India,Jharkhand,Gumla,536525,58922,27871,1,2005,1
India,Jharkhand,Hazaribagh,481712,41777,39730,5,2005,3
India,Jharkhand,Jamtara,180473,8,0,0,2005,0
India,Jharkhand,Khunti,277225,15381,1120,1,2005,1
India,Jharkhand,Kodarma,132242,18562,19552,1,2005,0
India,Jharkhand,Latehar,426444,102907,50236,19,2005,23
India,Jharkhand,Lohardaga,149986,25424,13408,3,2005,2
India,Jharkhand,Pakur,181513,1630,958,66,2005,35
India,Jharkhand,Palamu,445541,18227,12788,29,2005,2
India,Jharkhand,Pashchimi Singhbhum,723098,133283,79138,10,2005,49
India,Jharkhand,Purbi Singhbhum,357770,9110,2382,3,2005,2
India,Jharkhand,Ramgarh,134403,5646,3524,0,2005,0
India,Jharkhand,Ranchi,488387,9234,1856,0,2005,1
India,Jharkhand,Sahibganj,219886,3225,589,93,2005,24
India,Jharkhand,Saraikela-kharsawan,265341,8165,1240,1,2005,0
India,Jharkhand,Simdega,379142,11654,3014,0,2005,0
India,Karnataka,Bagalkot,655258,105,42,0,2005,0
India,Karnataka,Bangalore,217903,162,26,2,2005,2
India,Karnataka,Bangalore Rural,230303,137,33,1,2005,0
India,Karnataka,Belgaum,1333488,49040,38050,38,2005,22
India,Karnataka,Bellary,842531,1836,226,2,2005,1
India,Karnataka,Bidar,543342,52,16,0,2005,1
India,Karnataka,Bijapur,1048432,53,15,0,2005,0
India,Karnataka,Chamrajnagar,565361,116045,83039,42,2005,4
India,Karnataka,Chikballapura,422931,1462,988,3,2005,0
India,Karnataka,Chikmagalur,718838,323326,298783,1150,2005,245
India,Karnataka,Chitradurga,842881,416,8,0,2005,0
India,Karnataka,Dakshina Kannada,456123,281111,231209,638,2005,328
India,Karnataka,Davanagere,660862,6521,346,6,2005,2
India,Karnataka,Dharwad,426092,464,1153,19,2005,0
India,Karnataka,Gadag,463089,15,1,0,2005,0
India,Karnataka,Gulbarga,1096303,48,10,0,2005,0
India,Karnataka,Hassan,679084,84418,62102,312,2005,264
India,Karnataka,Haveri,479411,587,321,15,2005,1
India,Karnataka,Kodagu,409587,308610,267919,818,2005,170
India,Karnataka,Kolar,397159,344,231,1,2005,0
India,Karnataka,Koppal,555591,14,7,7,2005,0
India,Karnataka,Mandya,492564,774,182,11,2005,1
India,Karnataka,Mysore,629741,70536,49242,92,2005,3
India,Karnataka,Raichur,843615,61,51,21,2005,0
India,Karnataka,Ramanagara,350745,2928,356,3,2005,1
India,Karnataka,Shimoga,773369,212771,134060,1093,2005,732
India,Karnataka,Tumkur,1059196,1426,314,7,2005,0
India,Karnataka,Udupi,390213,180568,137247,402,2005,240
India,Karnataka,Uttara Kannada,1027612,632365,575803,389,2005,230
India,Karnataka,Yadgir,526289,10,2,4,2005,0
India,Kerala,Alappuzha,124519,51188,46506,57,2005,8
India,Kerala,Ernakulam,225002,142323,115571,955,2005,169
India,Kerala,Idukki,499006,422964,413423,3789,2005,158
India,Kerala,Kannur,277392,220056,195713,302,2005,168
India,Kerala,Kasaragod,195107,107422,81572,231,2005,120
India,Kerala,Kollam,240436,193294,179738,2383,2005,124
India,Kerala,Kottayam,210255,158914,131488,431,2005,54
India,Kerala,Kozhikode,227197,161134,131968,156,2005,52
India,Kerala,Malappuram,349994,174081,128652,191,2005,50
India,Kerala,Palakkad,447188,216046,180783,692,2005,106
India,Kerala,Pathanamthitta,263424,235819,214996,828,2005,127
India,Kerala,Thiruvananthapuram,204253,153498,127197,1845,2005,176
India,Kerala,Thrissur,294081,191936,170228,866,2005,62
India,Kerala,Wayanad,212196,169547,159045,655,2005,86
India,Lakshadweep,Lakshadweep,3482,0,0,0,2005,0
India,Madhya Pradesh,Agar Malwa,276772,11,3,0,2005,0
India,Madhya Pradesh,Alirajpur,333104,526,41,0,2005,0
India,Madhya Pradesh,Anuppur,202588,5151,2964,0,2005,0
India,Madhya Pradesh,Ashoknagar,472393,353,150,3,2005,0
India,Madhya Pradesh,Balaghat,924893,318150,284474,110,2005,283
India,Madhya Pradesh,Barwani,542445,191,26,0,2005,0
India,Madhya Pradesh,Betul,1006834,44619,12942,15,2005,32
India,Madhya Pradesh,Bhind,447252,37,29,5,2005,0
India,Madhya Pradesh,Bhopal,272180,411,388,1,2005,0
India,Madhya Pradesh,Burhanpur,319674,304,101,0,2005,0
India,Madhya Pradesh,Chhatarpur,871307,9432,10557,37,2005,1
India,Madhya Pradesh,Chhindwara,1180484,47596,33573,19,2005,4
India,Madhya Pradesh,Damoh,735338,4141,3718,2,2005,3
India,Madhya Pradesh,Datia,252254,13,5,0,2005,0
India,Madhya Pradesh,Dewas,695694,683,550,0,2005,1
India,Madhya Pradesh,Dhar,813433,45,48,0,2005,0
India,Madhya Pradesh,Dindori,648866,165015,140518,13,2005,83
India,Madhya Pradesh,East Nimar,744494,2848,672,0,2005,1
India,Madhya Pradesh,Guna,629701,209,67,0,2005,0
India,Madhya Pradesh,Gwalior,458064,63,10,0,2005,0
India,Madhya Pradesh,Harda,331452,2518,1267,0,2005,0
India,Madhya Pradesh,Hoshangabad,670862,79045,47640,16,2005,2
India,Madhya Pradesh,Indore,390867,572,403,0,2005,0
India,Madhya Pradesh,Jabalpur,401166,8857,5026,2,2005,33
India,Madhya Pradesh,Jhabua,342698,9,2,0,2005,0
India,Madhya Pradesh,Katni,616355,20446,11180,17,2005,75
India,Madhya Pradesh,Mandla,677220,93818,90165,22,2005,19
India,Madhya Pradesh,Mandsaur,563118,66,10,0,2005,0
India,Madhya Pradesh,Morena,498479,60,23,2,2005,0
India,Madhya Pradesh,Narsimhapur,514459,17516,13262,4,2005,4
India,Madhya Pradesh,Neemuch,415427,39,11,0,2005,0
India,Madhya Pradesh,Panna,711358,11942,7857,13,2005,2
India,Madhya Pradesh,Raisen,849516,17063,21246,30,2005,10
India,Madhya Pradesh,Rajgarh,612022,44,39,0,2005,0
India,Madhya Pradesh,Ratlam,481618,33,6,0,2005,0
India,Madhya Pradesh,Rewa,631423,2701,3804,1,2005,0
India,Madhya Pradesh,Sagar,1025228,8268,4206,4,2005,8
India,Madhya Pradesh,Satna,750261,10327,5053,28,2005,2
India,Madhya Pradesh,Sehore,656297,4726,5166,6,2005,0
India,Madhya Pradesh,Seoni,875671,60198,52693,10,2005,38
India,Madhya Pradesh,Shahdol,831826,36032,26519,4,2005,5
India,Madhya Pradesh,Shajapur,352411,38,6,0,2005,0
India,Madhya Pradesh,Sheopur,652461,400,40,0,2005,0
India,Madhya Pradesh,Shivpuri,1046628,407,84,1,2005,6
India,Madhya Pradesh,Sidhi,478016,43220,33835,10,2005,5
India,Madhya Pradesh,Singrauli,578643,24183,22954,3,2005,2
India,Madhya Pradesh,Tikamgarh,506638,22,12,1,2005,0
India,Madhya Pradesh,Ujjain,608217,73,8,0,2005,1
India,Madhya Pradesh,Umaria,372591,32574,20399,10,2005,77
India,Madhya Pradesh,Vidisha,730295,2580,2838,0,2005,0
India,Madhya Pradesh,West Nimar,804393,504,174,0,2005,0
India,Maharashtra,Ahmadnagar,1613065,2155,685,0,2005,0
India,Maharashtra,Akola,551391,121,42,0,2005,1
India,Maharashtra,Amravati,1218596,37188,22756,1,2005,18
India,Maharashtra,Aurangabad,1009310,139,70,0,2005,0
India,Maharashtra,Bhandara,470048,29630,22796,10,2005,31
India,Maharashtra,Bid,1141360,18,8,0,2005,0
India,Maharashtra,Buldana,960383,562,217,0,2005,0
India,Maharashtra,Chandrapur,1130866,38431,26245,6,2005,173
India,Maharashtra,Dhule,716652,292,76,0,2005,0
India,Maharashtra,Garhchiroli,1446063,565777,532217,86,2005,519
India,Maharashtra,Gondiya,463678,77177,66986,14,2005,9
India,Maharashtra,Hingoli,468553,51,13,0,2005,1
India,Maharashtra,Jalgaon,1174820,1357,485,0,2005,1
India,Maharashtra,Jalna,777897,9,3,0,2005,0
India,Maharashtra,Kolhapur,765441,64263,50160,19,2005,34
India,Maharashtra,Latur,723325,84,9,0,2005,0
India,Maharashtra,Mumbai City,6798,2,0,0,2005,0
India,Maharashtra,Mumbai Suburban,41216,913,1816,0,2005,0
India,Maharashtra,Nagpur,992630,17895,13709,2,2005,17
India,Maharashtra,Nanded,1058842,2209,2191,0,2005,1
India,Maharashtra,Nandurbar,593190,1224,128,0,2005,1
India,Maharashtra,Nashik,1550954,2520,769,1,2005,1
India,Maharashtra,Osmanabad,755003,31,8,0,2005,0
India,Maharashtra,Palghar,532756,12058,9783,1,2005,8
India,Maharashtra,Parbhani,632812,56,11,0,2005,0
India,Maharashtra,Pune,1560120,20505,7436,2,2005,2
India,Maharashtra,Raigarh,701070,28536,9898,3,2005,5
India,Maharashtra,Ratnagiri,846264,33833,24447,9,2005,3
India,Maharashtra,Sangli,853492,4437,5233,0,2005,0
India,Maharashtra,Satara,1046855,27561,26313,2,2005,1
India,Maharashtra,Sindhudurg,517121,96181,50568,62,2005,54
India,Maharashtra,Solapur,1486719,67,13,0,2005,0
India,Maharashtra,Thane,423883,6043,3295,1,2005,1
India,Maharashtra,Wardha,630912,578,35,0,2005,3
India,Maharashtra,Washim,519150,104,20,0,2005,0
India,Maharashtra,Yavatmal,1352653,1395,760,0,2005,3
India,Manipur,Bishnupur,48080,1740,2108,41,2005,2
India,Manipur,Chandel,318641,269516,271928,8411,2005,853
India,Manipur,Churachandpur,471866,405634,397101,9196,2005,1136
India,Manipur,Imphal East,59830,18726,19984,132,2005,44
India,Manipur,Imphal West,48793,4009,4525,57,2005,9
India,Manipur,Senapati,348452,241261,254278,1584,2005,490
India,Manipur,Tamenglong,419673,386378,366470,6339,2005,1102
India,Manipur,Thoubal,71407,6569,8341,90,2005,5
India,Manipur,Ukhrul,445329,369843,383303,7931,2005,1218
India,Meghalaya,East Garo Hills,218567,179466,163589,2813,2005,841
India,Meghalaya,East Khasi Hills,286198,179569,180921,716,2005,307
India,Meghalaya,Jaintia Hills,382407,272720,268991,1754,2005,428
India,Meghalaya,North Garo Hills,61123,40202,33277,175,2005,60
India,Meghalaya,Ri Bhoi,238512,190725,179250,1685,2005,338
India,Meghalaya,South Garo Hills,184901,162994,155050,2463,2005,435
India,Meghalaya,South West Garo Hills,51848,24712,19344,485,2005,61
India,Meghalaya,South West Khasi Hills,142031,101167,99795,938,2005,360
India,Meghalaya,West Garo Hills,304369,219605,181181,3872,2005,526
India,Meghalaya,West Khasi Hills,381666,312728,311386,4233,2005,964
India,Mizoram,Aizawl,345326,318685,295653,4861,2005,702
India,Mizoram,Champhai,343485,298619,288526,12121,2005,2831
India,Mizoram,Kolasib,134891,125638,118388,885,2005,93
India,Mizoram,Lawangtlai,204674,176551,164321,660,2005,136
India,Mizoram,Lunglei,455319,422560,390114,2812,2005,360
India,Mizoram,Mamit,307947,293143,271709,1490,2005,240
India,Mizoram,Saiha,197696,179646,171250,965,2005,180
India,Mizoram,Serchhip,135837,117116,110274,2492,2005,348
India,NCT of Delhi,West,150220,263,122,2,2005,1
India,Nagaland,Dimapur,86683,48008,47284,567,2005,133
India,Nagaland,Kiphire,112226,76884,81496,2438,2005,461
India,Nagaland,Kohima,131049,113206,112344,1181,2005,344
India,Nagaland,Longleng,58857,46310,45195,3993,2005,876
India,Nagaland,Mokokchung,160570,135765,136223,9544,2005,1593
India,Nagaland,Mon,216824,175757,171643,8986,2005,1613
India,Nagaland,Peren,168370,153322,150576,3445,2005,901
India,Nagaland,Phek,191044,138636,151738,1311,2005,294
India,Nagaland,Tuensang,214332,163570,160823,6000,2005,1124
India,Nagaland,Wokha,162641,134385,131483,3190,2005,870
India,Nagaland,Zunheboto,157366,124499,128062,3311,2005,655
India,Odisha,Anugul,637420,147440,91636,6,2005,36
India,Odisha,Balangir,657722,21125,7843,4,2005,18
India,Odisha,Baleshwar,370526,8669,2339,6,2005,0
India,Odisha,Bargarh,580584,19856,11873,4,2005,13
India,Odisha,Bauda,312387,94961,69469,32,2005,13
India,Odisha,Bhadrak,245295,122,18,0,2005,0
India,Odisha,Cuttack,394435,20532,6500,0,2005,16
India,Odisha,Debagarh,281405,60859,46069,4,2005,5
India,Odisha,Dhenkanal,448128,34340,12465,2,2005,9
India,Odisha,Gajapati,406805,163314,117932,87,2005,277
India,Odisha,Ganjam,838046,161507,109710,36,2005,150
India,Odisha,Jagatsinghapur,167105,77,12,0,2005,0
India,Odisha,Jajapur,290367,4074,2310,0,2005,1
India,Odisha,Jharsuguda,212024,2842,3758,3,2005,0
India,Odisha,Kalahandi,791570,160738,107293,624,2005,742
India,Odisha,Kandhamal,806513,442907,364535,2967,2005,763
India,Odisha,Kendrapara,248250,58,13,0,2005,0
India,Odisha,Kendujhar,832369,111738,67637,33,2005,174
India,Odisha,Khordha,275639,15903,4978,0,2005,14
India,Odisha,Koraput,858243,105476,88021,115,2005,146
India,Odisha,Malkangiri,583117,122556,79929,54,2005,336
India,Odisha,Mayurbhanj,1045106,220030,163423,8,2005,16
India,Odisha,Nabarangapur,530817,29098,20600,10,2005,274
India,Odisha,Nayagarh,389939,120024,62714,2,2005,31
India,Odisha,Nuapada,387082,32953,24937,1,2005,20
India,Odisha,Puri,350223,376,36,0,2005,2
India,Odisha,Rayagada,738185,215343,153190,295,2005,442
India,Odisha,Sambalpur,674416,168907,136091,9,2005,14
India,Odisha,Subarnapur,236169,5721,2533,0,2005,1
India,Odisha,Sundargarh,973917,188647,158696,17,2005,90
India,Puducherry,Karaikal,19216,35,308,2,2005,0
India,Puducherry,Mahe,12834,6855,4980,6,2005,5
India,Puducherry,Puducherry,19529,19,264,2,2005,0
India,Puducherry,Yanam,3154,2,5,0,2005,0
India,Punjab,Amritsar,261222,377,432,6,2005,1
India,Punjab,Barnala,148257,320,4,0,2005,6
India,Punjab,Bathinda,336278,139,7,0,2005,1
India,Punjab,Faridkot,144767,75,0,0,2005,1
India,Punjab,Fatehgarh Sahib,117323,202,191,1,2005,1
India,Punjab,Fazilka,271964,87,3,0,2005,1
India,Punjab,Firozpur,250041,642,145,1,2005,11
India,Punjab,Gurdaspur,257822,347,502,8,2005,3
India,Punjab,Hoshiarpur,336023,36187,35452,102,2005,10
India,Punjab,Jalandhar,260276,36,24,0,2005,0
India,Punjab,Kapurthala,165789,563,284,4,2005,3
India,Punjab,Ludhiana,356965,1649,860,6,2005,23
India,Punjab,Mansa,220700,33,18,0,2005,0
India,Punjab,Moga,230248,779,15,0,2005,20
India,Punjab,Muktsar,259888,35,2,0,2005,1
India,Punjab,Pathankot,99880,11476,11764,118,2005,18
India,Punjab,Patiala,333599,1592,2279,9,2005,5
India,Punjab,Rupnagar,138152,10695,8336,44,2005,21
India,Punjab,Sahibzada Ajit Singh Nagar,108846,7882,7151,18,2005,6
India,Punjab,Sangrur,360325,296,209,2,2005,3
India,Punjab,Shahid Bhagat Singh Nagar,129603,1155,1502,10,2005,8
India,Punjab,Tarn Taran,234611,133,163,3,2005,0
India,Rajasthan,Ajmer,864832,2,0,0,2005,0
India,Rajasthan,Alwar,829131,4301,1955,46,2005,4
India,Rajasthan,Banswara,448765,44,12,0,2005,0
India,Rajasthan,Baran,682336,75,3,0,2005,0
India,Rajasthan,Barmer,2831742,0,0,0,2005,0
India,Rajasthan,Bharatpur,505079,543,402,7,2005,0
India,Rajasthan,Bhilwara,1044866,8,1,0,2005,0
India,Rajasthan,Bikaner,2692523,0,0,0,2005,0
India,Rajasthan,Bundi,557361,18,0,0,2005,0
India,Rajasthan,Chittaurgarh,757295,38,1,2,2005,0
India,Rajasthan,Churu,1705000,0,0,0,2005,0
India,Rajasthan,Dausa,358982,21,32,7,2005,0
India,Rajasthan,Dhaulpur,302532,43,20,0,2005,0
India,Rajasthan,Dungarpur,377631,12,2,0,2005,0
India,Rajasthan,Ganganagar,1166503,18,0,0,2005,0
India,Rajasthan,Hanumangarh,890122,1,0,0,2005,0
India,Rajasthan,Jaipur,1124440,250,114,5,2005,1
India,Rajasthan,Jaisalmer,3857174,0,0,0,2005,0
India,Rajasthan,Jalor,1070386,0,0,0,2005,0
India,Rajasthan,Jhalawar,624795,16,3,0,2005,0
India,Rajasthan,Jhunjhunun,591310,12,1,0,2005,0
India,Rajasthan,Jodhpur,2280202,0,0,0,2005,0
India,Rajasthan,Karauli,518220,40,116,12,2005,0
India,Rajasthan,Kota,550289,41,2,0,2005,0
India,Rajasthan,Nagaur,1764675,0,0,0,2005,0
India,Rajasthan,Pali,1232336,32,15,0,2005,0
India,Rajasthan,Pratapgarh,429766,62,16,0,2005,0
India,Rajasthan,Rajsamand,459177,100,85,0,2005,0
India,Rajasthan,Sawai Madhopur,467033,63,1,0,2005,0
India,Rajasthan,Sikar,768138,15,1,0,2005,0
India,Rajasthan,Sirohi,513533,1992,324,0,2005,0
India,Rajasthan,Tonk,723904,3,0,0,2005,0
India,Rajasthan,Udaipur,1200020,4288,1011,0,2005,13
India,Sikkim,East Sikkim,94656,54725,57243,28,2005,3
India,Sikkim,North Sikkim,424153,101793,94756,14,2005,9
India,Sikkim,South Sikkim,73171,39736,43238,6,2005,8
India,Sikkim,West Sikkim,116327,54197,58525,22,2005,6
India,Tamil Nadu,Ariyalur,195050,179,123,6,2005,0
India,Tamil Nadu,Chennai,19496,24,49,0,2005,0
India,Tamil Nadu,Coimbatore,381876,106394,99049,630,2005,24
India,Tamil Nadu,Cuddalore,381529,567,3119,30,2005,0
India,Tamil Nadu,Dharmapuri,451289,60229,40216,20,2005,1
India,Tamil Nadu,Dindigul,605693,131707,117953,1393,2005,87
India,Tamil Nadu,Erode,597195,110441,75879,31,2005,3
India,Tamil Nadu,Kancheepuram,465580,884,432,2,2005,1
India,Tamil Nadu,Kanniyakumari,159095,94368,73746,729,2005,325
India,Tamil Nadu,Karur,288912,2034,1747,16,2005,0
India,Tamil Nadu,Krishnagiri,513456,22659,9827,20,2005,1
India,Tamil Nadu,Madurai,368763,20142,12710,87,2005,37
India,Tamil Nadu,Nagappattinam,240430,2545,5577,43,2005,1
India,Tamil Nadu,Namakkal,340077,26491,18764,75,2005,2
India,Tamil Nadu,Perambalur,175214,6038,4306,0,2005,0
India,Tamil Nadu,Pudukkottai,469005,429,2027,35,2005,3
India,Tamil Nadu,Ramanathapuram,426072,1106,1433,4,2005,1
India,Tamil Nadu,Salem,521044,69377,48800,162,2005,3
India,Tamil Nadu,Sivaganga,406634,719,2896,40,2005,1
India,Tamil Nadu,Thanjavur,339136,6027,5306,127,2005,18
India,Tamil Nadu,The Nilgiris,254621,161439,142481,976,2005,192
India,Tamil Nadu,Theni,284519,68470,59469,295,2005,28
India,Tamil Nadu,Thiruvallur,330691,878,6890,14,2005,1
India,Tamil Nadu,Thiruvarur,251518,5829,11729,55,2005,1
India,Tamil Nadu,Thoothukkudi,471255,7328,2740,17,2005,29
India,Tamil Nadu,Tiruchirappalli,450426,19990,12920,64,2005,6
India,Tamil Nadu,Tirunelveli,677048,122641,101337,292,2005,181
India,Tamil Nadu,Tiruppur,579045,35152,29946,129,2005,13
India,Tamil Nadu,Tiruvannamalai,618357,53147,39589,7,2005,1
India,Tamil Nadu,Vellore,606757,52516,36387,13,2005,6
India,Tamil Nadu,Viluppuram,729374,26944,21438,82,2005,0
India,Tamil Nadu,Virudunagar,428927,13827,9721,44,2005,19
India,Telangana,Adilabad,1604386,43451,45576,1,2005,57
India,Telangana,Hyderabad,17802,7,0,0,2005,0
India,Telangana,Karimnagar,1190025,33293,27498,4,2005,9
India,Telangana,Khammam,1610018,420082,323300,263,2005,1287
India,Telangana,Mahbubnagar,1837327,16103,10164,7,2005,2
India,Telangana,Medak,975732,310,48,0,2005,1
India,Telangana,Nalgonda,1409411,393,362,55,2005,1
India,Telangana,Nizamabad,790786,5468,3355,0,2005,6
India,Telangana,Ranga Reddy,754836,86,8,0,2005,0
India,Telangana,Warangal,1280889,144423,93032,23,2005,120
India,Tripura,Dhalai,243285,196775,179288,243,2005,307
India,Tripura,Gomati,141064,92622,78803,92,2005,319
India,Tripura,Khowai,103448,64933,53587,77,2005,63
India,Tripura,North Tripura,131984,95513,85079,207,2005,105
India,Tripura,Sipahijala,102396,44035,31352,173,2005,129
India,Tripura,South Tripura,152454,84216,68592,115,2005,435
India,Tripura,Unokoti,77444,50734,41125,90,2005,55
India,Tripura,West Tripura,101551,40464,31891,180,2005,81
India,Uttar Pradesh,Agra,352635,1111,433,9,2005,2
India,Uttar Pradesh,Aligarh,386530,269,234,2,2005,1
India,Uttar Pradesh,Allahabad,514803,109,1798,87,2005,0
India,Uttar Pradesh,Ambedkar Nagar,232472,190,2167,34,2005,2
India,Uttar Pradesh,Amethi,330740,180,3026,42,2005,0
India,Uttar Pradesh,Amroha,251713,225,224,9,2005,1
India,Uttar Pradesh,Auraiya,217850,52,54,2,2005,0
India,Uttar Pradesh,Azamgarh,389662,399,3073,53,2005,5
India,Uttar Pradesh,Baghpat,133245,118,759,29,2005,0
India,Uttar Pradesh,Bahraich,368710,29878,23583,83,2005,3
India,Uttar Pradesh,Ballia,300802,152,3476,22,2005,1
India,Uttar Pradesh,Balrampur,336719,42532,40338,194,2005,7
India,Uttar Pradesh,Banda,451968,158,1145,3,2005,0
India,Uttar Pradesh,Barabanki,443233,439,1197,33,2005,1
India,Uttar Pradesh,Bareilly,378328,72,251,10,2005,0
India,Uttar Pradesh,Basti,251766,171,697,7,2005,0
India,Uttar Pradesh,Bijnor,431434,15649,15499,108,2005,30
India,Uttar Pradesh,Budaun,420899,86,113,4,2005,0
India,Uttar Pradesh,Bulandshahr,357886,101,37,3,2005,1
India,Uttar Pradesh,Chandauli,253552,1556,7401,189,2005,5
India,Uttar Pradesh,Chitrakoot,308393,5790,5255,26,2005,0
India,Uttar Pradesh,Deoria,255677,321,1221,10,2005,10
India,Uttar Pradesh,Etah,250079,120,115,2,2005,0
India,Uttar Pradesh,Etawah,215276,531,454,13,2005,1
India,Uttar Pradesh,Faizabad,209951,186,856,18,2005,1
India,Uttar Pradesh,Farrukhabad,218442,353,417,3,2005,7
India,Uttar Pradesh,Fatehpur,417684,14,65,2,2005,0
India,Uttar Pradesh,Firozabad,284638,426,155,4,2005,1
India,Uttar Pradesh,Gautam Buddha Nagar,138611,8,7,0,2005,0
India,Uttar Pradesh,Ghaziabad,87238,15,36,0,2005,0
India,Uttar Pradesh,Ghazipur,338598,527,9953,117,2005,3
India,Uttar Pradesh,Gonda,400797,3583,5474,28,2005,3
India,Uttar Pradesh,Gorakhpur,306670,1170,2561,17,2005,3
India,Uttar Pradesh,Hamirpur,426283,251,26,1,2005,0
India,Uttar Pradesh,Hapur,110314,33,25,1,2005,0
India,Uttar Pradesh,Hardoi,601016,1430,532,44,2005,13
India,Uttar Pradesh,Hathras,162087,113,52,1,2005,0
India,Uttar Pradesh,Jalaun,456365,32,4,0,2005,0
India,Uttar Pradesh,Jaunpur,403582,104,1442,23,2005,1
India,Uttar Pradesh,Jhansi,506579,161,35,0,2005,0
India,Uttar Pradesh,Kannauj,207454,139,16,3,2005,7
India,Uttar Pradesh,Kanpur Dehat,316373,26,84,4,2005,0
India,Uttar Pradesh,Kanpur Nagar,292815,65,55,1,2005,1
India,Uttar Pradesh,Kasganj,197603,280,150,2,2005,3
India,Uttar Pradesh,Kaushambi,210356,11,338,8,2005,0
India,Uttar Pradesh,Kushinagar,288811,531,749,2,2005,1
India,Uttar Pradesh,Lakhimpur Kheri,770148,94748,78902,302,2005,31
India,Uttar Pradesh,Lalitpur,504678,2496,623,4,2005,0
India,Uttar Pradesh,Lucknow,253976,1160,1453,103,2005,7
India,Uttar Pradesh,Maharajganj,318731,31937,35386,72,2005,34
India,Uttar Pradesh,Mahoba,283604,111,116,1,2005,0
India,Uttar Pradesh,Mainpuri,275040,148,137,4,2005,0
India,Uttar Pradesh,Mathura,337399,304,568,2,2005,1
India,Uttar Pradesh,Mau,206654,176,2088,15,2005,2
India,Uttar Pradesh,Meerut,260507,729,710,4,2005,0
India,Uttar Pradesh,Mirzapur,451742,76,126,2,2005,0
India,Uttar Pradesh,Moradabad,210602,62,167,8,2005,1
India,Uttar Pradesh,Muzaffarnagar,273061,336,1206,27,2005,0
India,Uttar Pradesh,Pilibhit,359157,51081,50411,89,2005,3
India,Uttar Pradesh,Pratapgarh,371568,115,984,17,2005,0
India,Uttar Pradesh,Rae Bareli,327076,73,496,10,2005,1
India,Uttar Pradesh,Rampur,257084,3333,3481,26,2005,2
India,Uttar Pradesh,Saharanpur,372025,19899,17358,50,2005,3
India,Uttar Pradesh,Sambhal,213644,19,1,0,2005,0
India,Uttar Pradesh,Sant Kabir Nagar,132684,182,964,16,2005,1
India,Uttar Pradesh,Sant Ravi Das Nagar,100916,16,181,8,2005,0
India,Uttar Pradesh,Shahjahanpur,465191,5698,5281,29,2005,10
India,Uttar Pradesh,Shamli,131834,222,327,10,2005,0
India,Uttar Pradesh,Shravasti,315223,29554,26449,126,2005,3
India,Uttar Pradesh,Siddharth Nagar,347860,721,2477,9,2005,4
India,Uttar Pradesh,Sitapur,578044,1843,905,175,2005,17
India,Uttar Pradesh,Sonbhadra,678916,4879,1358,2,2005,1
India,Uttar Pradesh,Sultanpur,246165,90,1438,16,2005,0
India,Uttar Pradesh,Unnao,459854,243,709,46,2005,1
India,Uttar Pradesh,Varanasi,155118,54,47,2,2005,0
India,Uttarakhand,Almora,310201,112210,83294,188,2005,7
India,Uttarakhand,Bageshwar,228123,79668,58991,4,2005,13
India,Uttarakhand,Chamoli,792867,192909,152828,19,2005,15
India,Uttarakhand,Champawat,168452,118482,115597,521,2005,69
India,Uttarakhand,Dehradun,306702,156029,150809,52,2005,17
India,Uttarakhand,Garhwal,545564,291677,261345,120,2005,20
India,Uttarakhand,Hardwar,238572,25703,24158,211,2005,26
India,Uttarakhand,Nainital,406379,297778,287829,3809,2005,320
India,Uttarakhand,Pithoragarh,732913,124243,89944,33,2005,8
India,Uttarakhand,Rudraprayag,121405,46549,38960,6,2005,1
India,Uttarakhand,Tehri Garhwal,438890,216898,212079,72,2005,28
India,Uttarakhand,Udham Singh Nagar,286233,54957,57103,955,2005,59
India,Uttarakhand,Uttarkashi,804550,231737,198289,63,2005,48
India,West Bengal,Alipurduar,280176,118440,83490,660,2005,255
India,West Bengal,Bankura,696472,423,15,27,2005,0
India,West Bengal,Barddhaman,704144,190,172,4,2005,1
India,West Bengal,Birbhum,455570,7,96,1,2005,0
India,West Bengal,Dakshin Dinajpur,211766,122,160,1,2005,1
India,West Bengal,Darjiling,314436,152184,156762,399,2005,70
India,West Bengal,Haora,144036,1435,922,2,2005,0
India,West Bengal,Hugli,315210,1188,244,0,2005,0
India,West Bengal,Jalpaiguri,338376,67359,49856,480,2005,47
India,West Bengal,Koch Bihar,338718,14449,8297,172,2005,30
India,West Bengal,Kolkata,9162,35,3,0,2005,0
India,West Bengal,Maldah,361110,212,147,10,2005,6
India,West Bengal,Murshidabad,541121,357,173,3,2005,3
India,West Bengal,Nadia,392088,2000,790,1,2005,6
India,West Bengal,North 24 Parganas,581554,35148,26531,0,2005,2
India,West Bengal,Pashchim Medinipur,940038,1560,174,72,2005,4
India,West Bengal,Purba Medinipur,398147,850,253,1,2005,1
India,West Bengal,Puruliya,625675,3124,117,1,2005,1
India,West Bengal,South 24 Parganas,552715,4568,3307,0,2005,1
India,West Bengal,Uttar Dinajpur,336010,4269,375,208,2005,18
India,Andaman and Nicobar,Nicobar Islands,172679,147634,144925,1587,2006,228
India,Andaman and Nicobar,North and Middle Andaman,340652,310759,308793,2600,2006,486
India,Andaman and Nicobar,South Andaman,247753,226008,225722,1658,2006,103
India,Andhra Pradesh,Anantapur,1922649,517,111,14,2006,1
India,Andhra Pradesh,Chittoor,1516880,81831,56859,218,2006,13
India,Andhra Pradesh,East Godavari,1075476,310205,284237,537,2006,538
India,Andhra Pradesh,Guntur,1141089,23783,57053,211,2006,36
India,Andhra Pradesh,Krishna,861607,17233,32054,57,2006,20
India,Andhra Pradesh,Kurnool,1777836,59574,40932,15,2006,4
India,Andhra Pradesh,Nellore,1301782,20837,28123,480,2006,24
India,Andhra Pradesh,Prakasam,1779564,79027,62790,158,2006,8
India,Andhra Pradesh,Srikakulam,627635,32693,20281,49,2006,54
India,Andhra Pradesh,Visakhapatnam,1137192,300879,241668,501,2006,584
India,Andhra Pradesh,Vizianagaram,572603,49147,37843,36,2006,68
India,Andhra Pradesh,West Godavari,775702,60575,58435,159,2006,53
India,Andhra Pradesh,Y.S.R.,1514967,69611,78628,109,2006,11
India,Arunachal Pradesh,Anjaw,651942,398495,369756,869,2006,194
India,Arunachal Pradesh,Changlang,503616,438332,431075,2788,2006,906
India,Arunachal Pradesh,Dibang Valley,751403,391182,373790,461,2006,30
India,Arunachal Pradesh,East Kameng,409167,390145,385591,1758,2006,399
India,Arunachal Pradesh,East Siang,361698,290410,288417,3988,2006,941
India,Arunachal Pradesh,Kurung Kumey,572190,445717,424968,1687,2006,208
India,Arunachal Pradesh,Lohit,344025,271516,266067,3990,2006,693
India,Arunachal Pradesh,Longding,93352,78346,76441,3641,2006,504
India,Arunachal Pradesh,Lower Dibang Valley,556430,415248,395777,2827,2006,1033
India,Arunachal Pradesh,Lower Subansiri,378817,360577,353607,3121,2006,686
India,Arunachal Pradesh,Namsai,42486,17668,16789,468,2006,150
India,Arunachal Pradesh,Papum Pare,353251,332915,327083,1728,2006,632
India,Arunachal Pradesh,Tawang,215022,101851,91644,88,2006,50
India,Arunachal Pradesh,Tirap,109276,100278,97211,1525,2006,420
India,Arunachal Pradesh,Upper Siang,701634,542210,539323,2566,2006,536
India,Arunachal Pradesh,Upper Subansiri,641172,508012,470378,3444,2006,468
India,Arunachal Pradesh,West Kameng,734287,551070,545555,897,2006,378
India,Arunachal Pradesh,West Siang,779775,673340,659039,11997,2006,1566
India,Assam,Baksa,239364,50158,45466,75,2006,81
India,Assam,Barpeta,227857,10844,13386,12,2006,11
India,Assam,Bongaigaon,112362,15343,13976,40,2006,17
India,Assam,Cachar,378676,219197,215588,598,2006,353
India,Assam,Chirang,118891,44423,42350,24,2006,44
India,Assam,Darrang,159926,7656,4845,26,2006,5
India,Assam,Dhemaji,253740,39030,37503,185,2006,92
India,Assam,Dhubri,278096,35918,17751,73,2006,331
India,Assam,Dibrugarh,339191,84744,77617,1595,2006,355
India,Assam,Dima Hasao,490917,434941,406980,6766,2006,990
India,Assam,Goalpara,190100,21348,19886,58,2006,74
India,Assam,Golaghat,352585,49848,45910,1026,2006,166
India,Assam,Hailakandi,133352,68651,62917,273,2006,124
India,Assam,Jorhat,283776,49292,45600,943,2006,287
India,Assam,Kamrup,330488,96479,91075,288,2006,193
India,Assam,Kamrup Metropolitan,79666,28785,22733,100,2006,33
India,Assam,Karbi Anglong,1042664,789948,763795,6958,2006,2792
India,Assam,Karimganj,183306,74681,67823,235,2006,160
India,Assam,Kokrajhar,328978,109051,92428,155,2006,356
India,Assam,Lakhimpur,295203,53192,50368,413,2006,101
India,Assam,Morigaon,155363,10518,9080,25,2006,14
India,Assam,Nagaon,399001,77488,72138,443,2006,296
India,Assam,Nalbari,107600,11154,12942,2,2006,3
India,Assam,Sivasagar,263352,66061,58876,1211,2006,364
India,Assam,Sonitpur,528686,98395,84143,2521,2006,790
India,Assam,Tinsukia,379304,170120,170440,5279,2006,740
India,Assam,Udalguri,196790,32871,19883,548,2006,298
India,Bihar,Araria,281932,561,922,4,2006,0
India,Bihar,Arwal,66615,392,1880,14,2006,0
India,Bihar,Aurangabad,328198,875,630,5,2006,0
India,Bihar,Banka,309145,51,10,0,2006,0
India,Bihar,Begusarai,193928,196,271,1,2006,0
India,Bihar,Bhagalpur,256033,66,498,6,2006,0
India,Bihar,Bhojpur,237388,5464,22320,279,2006,3
India,Bihar,Buxar,170992,2040,5315,96,2006,4
India,Bihar,Darbhanga,228940,969,2839,15,2006,1
India,Bihar,Gaya,496554,2110,2748,2,2006,0
India,Bihar,Gopalganj,204094,175,2320,12,2006,1
India,Bihar,Jamui,308302,8863,2972,0,2006,0
India,Bihar,Jehanabad,93892,169,297,3,2006,2
India,Bihar,Kaimur,335075,4156,7422,89,2006,2
India,Bihar,Katihar,306233,107,223,8,2006,1
India,Bihar,Khagaria,149147,67,103,1,2006,0
India,Bihar,Kishanganj,193427,624,158,27,2006,2
India,Bihar,Lakhisarai,133641,7420,2606,11,2006,1
India,Bihar,Madhepura,183827,64,219,3,2006,0
India,Bihar,Madhubani,344146,3316,7618,25,2006,5
India,Bihar,Munger,136969,13748,10808,56,2006,1
India,Bihar,Muzaffarpur,318646,437,5012,8,2006,2
India,Bihar,Nalanda,233710,439,1645,4,2006,2
India,Bihar,Nawada,248578,9253,10478,1,2006,0
India,Bihar,Pashchim Champaran,523188,80413,80361,123,2006,26
India,Bihar,Patna,320539,1515,8189,38,2006,2
India,Bihar,Purba Champaran,399105,710,4891,6,2006,1
India,Bihar,Purnia,324600,128,133,6,2006,0
India,Bihar,Rohtas,386837,6235,7191,116,2006,4
India,Bihar,Saharsa,168897,153,215,4,2006,0
India,Bihar,Samastipur,290579,137,388,1,2006,0
India,Bihar,Saran,264523,223,3009,6,2006,0
India,Bihar,Sheikhpura,60405,9,18,0,2006,0
India,Bihar,Sheohar,57459,302,1358,6,2006,1
India,Bihar,Sitamarhi,205458,584,3341,7,2006,1
India,Bihar,Siwan,222545,223,3506,14,2006,1
India,Bihar,Supaul,238732,1517,2457,18,2006,5
India,Bihar,Vaishali,200961,132,1190,3,2006,0
India,Chandigarh,Chandigarh,11812,702,935,10,2006,5
India,Chhattisgarh,Balod,275414,16919,25869,3,2006,4
India,Chhattisgarh,Baloda Bazar,468572,25143,46646,1,2006,3
India,Chhattisgarh,Balrampur,633124,115996,64274,6,2006,16
India,Chhattisgarh,Bastar,591945,130358,118812,8,2006,140
India,Chhattisgarh,Bemetara,286904,44,29,0,2006,1
India,Chhattisgarh,Bijapur,879329,540837,498772,158,2006,265
India,Chhattisgarh,Bilaspur,555476,52822,34569,2,2006,59
India,Chhattisgarh,Dantewada,298090,88405,78733,17,2006,76
India,Chhattisgarh,Dhamtari,406306,84698,87870,1,2006,37
India,Chhattisgarh,Durg,298982,30,22,0,2006,0
India,Chhattisgarh,Gariaband,422957,110487,99238,1,2006,77
India,Chhattisgarh,Janjgir-Champa,387475,812,532,0,2006,4
India,Chhattisgarh,Jashpur,582341,73535,52235,2,2006,12
India,Chhattisgarh,Kabeerdham,422230,68990,63598,13,2006,94
India,Chhattisgarh,Kondagaon,509911,101269,93982,6,2006,473
India,Chhattisgarh,Korba,660932,134282,84264,2,2006,29
India,Chhattisgarh,Koriya,663712,115888,79594,1,2006,5
India,Chhattisgarh,Mahasamund,475380,7215,13348,3,2006,5
India,Chhattisgarh,Mungeli,278450,74732,52071,3,2006,18
India,Chhattisgarh,Narayanpur,392992,271260,249478,446,2006,143
India,Chhattisgarh,Raigarh,708412,55534,39766,4,2006,25
India,Chhattisgarh,Raipur,353390,370,888,0,2006,0
India,Chhattisgarh,Rajnandgaon,806554,113121,117362,50,2006,276
India,Chhattisgarh,Sukma,525060,150881,108640,44,2006,136
India,Chhattisgarh,Surajpur,544120,70867,40372,1,2006,19
India,Chhattisgarh,Surguja,399359,51150,32745,1,2006,11
India,Chhattisgarh,Uttar Bastar Kanker,715735,207926,200686,55,2006,466
India,Dadra and Nagar Haveli,Dadra and Nagar Haveli,49152,457,259,0,2006,0
India,Daman and Diu,Daman,5831,17,3,0,2006,0
India,Daman and Diu,Diu,2523,0,0,0,2006,0
India,Goa,North Goa,170604,41915,26028,1,2006,5
India,Goa,South Goa,198964,104551,90798,89,2006,24
India,Gujarat,Ahmadabad,773436,60,8,0,2006,0
India,Gujarat,Amreli,735510,5,1,0,2006,0
India,Gujarat,Anand,287832,46,7,0,2006,0
India,Gujarat,Aravalli,325245,10,2,1,2006,0
India,Gujarat,Banas Kantha,1061522,121,10,0,2006,0
India,Gujarat,Bharuch,543453,105,9,0,2006,0
India,Gujarat,Bhavnagar,677448,95,19,0,2006,0
India,Gujarat,Botad,162060,0,0,0,2006,0
India,Gujarat,Chhota Udaipur,368590,52,26,0,2006,0
India,Gujarat,Dahod,385651,310,44,0,2006,0
India,Gujarat,Devbhumi Dwarka,456016,17,0,0,2006,0
India,Gujarat,Gandhinagar,172338,1,0,0,2006,0
India,Gujarat,Gir Somnath,170164,15,1,6,2006,0
India,Gujarat,Jamnagar,670502,34,0,0,2006,0
India,Gujarat,Junagadh,702843,487,174,1,2006,0
India,Gujarat,Kachchh,4220838,33,2,0,2006,0
India,Gujarat,Kheda,398303,30,1,0,2006,0
India,Gujarat,Mahesana,438831,2,0,0,2006,0
India,Gujarat,Mahisagar,233539,11,4,0,2006,0
India,Gujarat,Morbi,481031,12,1,0,2006,0
India,Gujarat,Narmada,256838,2533,447,0,2006,2
India,Gujarat,Navsari,218334,1297,1294,0,2006,0
India,Gujarat,Panch Mahals,267704,27,16,0,2006,0
India,Gujarat,Patan,601243,0,0,0,2006,0
India,Gujarat,Porbandar,231056,39,0,0,2006,0
India,Gujarat,Rajkot,760630,17,2,0,2006,0
India,Gujarat,Sabar Kantha,418769,132,29,0,2006,0
India,Gujarat,Surat,439791,623,281,0,2006,0
India,Gujarat,Surendranagar,920266,180,26,0,2006,0
India,Gujarat,Tapi,314442,1563,620,0,2006,0
India,Gujarat,The Dangs,171142,8716,2274,0,2006,1
India,Gujarat,Vadodara,405249,9,1,0,2006,0
India,Gujarat,Valsad,301394,1346,1722,0,2006,0
India,Haryana,Ambala,175294,1380,1576,18,2006,8
India,Haryana,Bhiwani,463529,56,11,0,2006,0
India,Haryana,Faridabad,125761,80,174,8,2006,0
India,Haryana,Fatehabad,239977,13,54,0,2006,0
India,Haryana,Gurgaon,128536,169,111,1,2006,7
India,Haryana,Hisar,416939,68,6,0,2006,2
India,Haryana,Jhajjar,211225,135,91,4,2006,1
India,Haryana,Jind,273318,248,78,1,2006,0
India,Haryana,Kaithal,230046,1056,928,1,2006,4
India,Haryana,Karnal,258463,21,7,0,2006,1
India,Haryana,Kurukshetra,183593,445,241,1,2006,1
India,Haryana,Mahendragarh,193665,8,2,0,2006,0
India,Haryana,Mewat,146554,104,138,1,2006,2
India,Haryana,Palwal,90451,89,31,0,2006,0
India,Haryana,Panchkula,73780,27504,25438,39,2006,11
India,Haryana,Panipat,122468,60,365,19,2006,0
India,Haryana,Rewari,125324,47,23,0,2006,0
India,Haryana,Rohtak,168545,79,54,1,2006,0
India,Haryana,Sirsa,423119,4,3,0,2006,0
India,Haryana,Sonipat,221338,63,200,6,2006,0
India,Haryana,Yamunanagar,130521,11018,10477,22,2006,4
India,Himachal Pradesh,Bilaspur,116606,34773,31610,25,2006,1
India,Himachal Pradesh,Chamba,646061,170243,123366,144,2006,25
India,Himachal Pradesh,Hamirpur,112145,49052,45948,54,2006,3
India,Himachal Pradesh,Kangra,570651,231326,216284,499,2006,38
India,Himachal Pradesh,Kinnaur,645578,27943,15186,13,2006,2
India,Himachal Pradesh,Kullu,550194,151529,111321,40,2006,43
India,Himachal Pradesh,Lahul & Spiti,1380877,2610,1146,13,2006,0
India,Himachal Pradesh,Mandi,394812,172547,157589,136,2006,12
India,Himachal Pradesh,Shimla,513204,216911,160881,34,2006,24
India,Himachal Pradesh,Sirmaur,280863,163102,155136,103,2006,28
India,Himachal Pradesh,Solan,195597,92486,78371,65,2006,19
India,Himachal Pradesh,Una,153760,54587,51087,52,2006,9
India,Jammu and Kashmir,Anantnag,270262,74418,54946,33,2006,8
India,Jammu and Kashmir,Badgam,117282,15438,13073,7,2006,28
India,Jammu and Kashmir,Bandipore,252774,47946,34308,14,2006,28
India,Jammu and Kashmir,Baramulla,239201,61349,54085,60,2006,23
India,Jammu and Kashmir,Doda,262526,109809,74548,68,2006,18
India,Jammu and Kashmir,Ganderbal,126196,25483,18496,13,2006,13
India,Jammu and Kashmir,Jammu,214895,22392,18948,26,2006,9
India,Jammu and Kashmir,Kargil,1477323,225,38,11,2006,0
India,Jammu and Kashmir,Kathua,261794,62001,56822,106,2006,10
India,Jammu and Kashmir,Kishtwar,767032,113304,73885,40,2006,20
India,Jammu and Kashmir,Kulgam,134333,25547,24919,33,2006,17
India,Jammu and Kashmir,Kupwara,274748,117992,99047,63,2006,19
India,Jammu and Kashmir,Leh (Ladakh),4908732,62,19,15,2006,0
India,Jammu and Kashmir,Poonch,167356,60015,53733,22,2006,12
India,Jammu and Kashmir,Pulwama,73389,12895,12422,16,2006,1
India,Jammu and Kashmir,Rajouri,254200,83983,69907,19,2006,60
India,Jammu and Kashmir,Ramban,90221,27560,22655,4,2006,11
India,Jammu and Kashmir,Reasi,208383,84644,76285,23,2006,106
India,Jammu and Kashmir,Samba,84362,6928,6182,5,2006,2
India,Jammu and Kashmir,Shupiyan,72418,18029,20804,18,2006,108
India,Jammu and Kashmir,Srinagar,62771,11936,9782,12,2006,0
India,Jammu and Kashmir,Udhampur,245808,91063,77516,68,2006,26
India,Jharkhand,Bokaro,286989,10615,6059,0,2006,0
India,Jharkhand,Chatra,375718,35924,33133,28,2006,5
India,Jharkhand,Deoghar,244100,59,4,0,2006,0
India,Jharkhand,Dhanbad,208382,674,186,0,2006,0
India,Jharkhand,Dumka,377426,3146,665,133,2006,21
India,Jharkhand,Garhwa,407829,29720,12630,28,2006,3
India,Jharkhand,Giridih,499661,8970,5408,1,2006,0
India,Jharkhand,Godda,224195,4067,1254,67,2006,109
India,Jharkhand,Gumla,536525,58922,27871,1,2006,30
India,Jharkhand,Hazaribagh,481712,41777,39730,5,2006,11
India,Jharkhand,Jamtara,180473,8,0,0,2006,0
India,Jharkhand,Khunti,277225,15381,1120,1,2006,2
India,Jharkhand,Kodarma,132242,18562,19552,1,2006,0
India,Jharkhand,Latehar,426444,102907,50236,19,2006,26
India,Jharkhand,Lohardaga,149986,25424,13408,3,2006,100
India,Jharkhand,Pakur,181513,1630,958,66,2006,53
India,Jharkhand,Palamu,445541,18227,12788,29,2006,1
India,Jharkhand,Pashchimi Singhbhum,723098,133283,79138,10,2006,77
India,Jharkhand,Purbi Singhbhum,357770,9110,2382,3,2006,5
India,Jharkhand,Ramgarh,134403,5646,3524,0,2006,1
India,Jharkhand,Ranchi,488387,9234,1856,0,2006,0
India,Jharkhand,Sahibganj,219886,3225,589,93,2006,29
India,Jharkhand,Saraikela-kharsawan,265341,8165,1240,1,2006,2
India,Jharkhand,Simdega,379142,11654,3014,0,2006,0
India,Karnataka,Bagalkot,655258,105,42,0,2006,0
India,Karnataka,Bangalore,217903,162,26,2,2006,1
India,Karnataka,Bangalore Rural,230303,137,33,1,2006,0
India,Karnataka,Belgaum,1333488,49040,38050,38,2006,2
India,Karnataka,Bellary,842531,1836,226,2,2006,1
India,Karnataka,Bidar,543342,52,16,0,2006,0
India,Karnataka,Bijapur,1048432,53,15,0,2006,0
India,Karnataka,Chamrajnagar,565361,116045,83039,42,2006,10
India,Karnataka,Chikballapura,422931,1462,988,3,2006,0
India,Karnataka,Chikmagalur,718838,323326,298783,1150,2006,147
India,Karnataka,Chitradurga,842881,416,8,0,2006,0
India,Karnataka,Dakshina Kannada,456123,281111,231209,638,2006,214
India,Karnataka,Davanagere,660862,6521,346,6,2006,5
India,Karnataka,Dharwad,426092,464,1153,19,2006,0
India,Karnataka,Gadag,463089,15,1,0,2006,0
India,Karnataka,Gulbarga,1096303,48,10,0,2006,0
India,Karnataka,Hassan,679084,84418,62102,312,2006,86
India,Karnataka,Haveri,479411,587,321,15,2006,7
India,Karnataka,Kodagu,409587,308610,267919,818,2006,68
India,Karnataka,Kolar,397159,344,231,1,2006,0
India,Karnataka,Koppal,555591,14,7,7,2006,0
India,Karnataka,Mandya,492564,774,182,11,2006,3
India,Karnataka,Mysore,629741,70536,49242,92,2006,32
India,Karnataka,Raichur,843615,61,51,21,2006,1
India,Karnataka,Ramanagara,350745,2928,356,3,2006,1
India,Karnataka,Shimoga,773369,212771,134060,1093,2006,269
India,Karnataka,Tumkur,1059196,1426,314,7,2006,2
India,Karnataka,Udupi,390213,180568,137247,402,2006,205
India,Karnataka,Uttara Kannada,1027612,632365,575803,389,2006,74
India,Karnataka,Yadgir,526289,10,2,4,2006,0
India,Kerala,Alappuzha,124519,51188,46506,57,2006,8
India,Kerala,Ernakulam,225002,142323,115571,955,2006,232
India,Kerala,Idukki,499006,422964,413423,3789,2006,459
India,Kerala,Kannur,277392,220056,195713,302,2006,109
India,Kerala,Kasaragod,195107,107422,81572,231,2006,88
India,Kerala,Kollam,240436,193294,179738,2383,2006,73
India,Kerala,Kottayam,210255,158914,131488,431,2006,175
India,Kerala,Kozhikode,227197,161134,131968,156,2006,18
India,Kerala,Malappuram,349994,174081,128652,191,2006,80
India,Kerala,Palakkad,447188,216046,180783,692,2006,92
India,Kerala,Pathanamthitta,263424,235819,214996,828,2006,220
India,Kerala,Thiruvananthapuram,204253,153498,127197,1845,2006,191
India,Kerala,Thrissur,294081,191936,170228,866,2006,89
India,Kerala,Wayanad,212196,169547,159045,655,2006,52
India,Lakshadweep,Lakshadweep,3482,0,0,0,2006,0
India,Madhya Pradesh,Agar Malwa,276772,11,3,0,2006,0
India,Madhya Pradesh,Alirajpur,333104,526,41,0,2006,0
India,Madhya Pradesh,Anuppur,202588,5151,2964,0,2006,0
India,Madhya Pradesh,Ashoknagar,472393,353,150,3,2006,0
India,Madhya Pradesh,Balaghat,924893,318150,284474,110,2006,287
India,Madhya Pradesh,Barwani,542445,191,26,0,2006,0
India,Madhya Pradesh,Betul,1006834,44619,12942,15,2006,120
India,Madhya Pradesh,Bhind,447252,37,29,5,2006,0
India,Madhya Pradesh,Bhopal,272180,411,388,1,2006,1
India,Madhya Pradesh,Burhanpur,319674,304,101,0,2006,0
India,Madhya Pradesh,Chhatarpur,871307,9432,10557,37,2006,1
India,Madhya Pradesh,Chhindwara,1180484,47596,33573,19,2006,8
India,Madhya Pradesh,Damoh,735338,4141,3718,2,2006,2
India,Madhya Pradesh,Datia,252254,13,5,0,2006,0
India,Madhya Pradesh,Dewas,695694,683,550,0,2006,3
India,Madhya Pradesh,Dhar,813433,45,48,0,2006,0
India,Madhya Pradesh,Dindori,648866,165015,140518,13,2006,24
India,Madhya Pradesh,East Nimar,744494,2848,672,0,2006,9
India,Madhya Pradesh,Guna,629701,209,67,0,2006,0
India,Madhya Pradesh,Gwalior,458064,63,10,0,2006,0
India,Madhya Pradesh,Harda,331452,2518,1267,0,2006,2
India,Madhya Pradesh,Hoshangabad,670862,79045,47640,16,2006,4
India,Madhya Pradesh,Indore,390867,572,403,0,2006,0
India,Madhya Pradesh,Jabalpur,401166,8857,5026,2,2006,25
India,Madhya Pradesh,Jhabua,342698,9,2,0,2006,0
India,Madhya Pradesh,Katni,616355,20446,11180,17,2006,21
India,Madhya Pradesh,Mandla,677220,93818,90165,22,2006,25
India,Madhya Pradesh,Mandsaur,563118,66,10,0,2006,0
India,Madhya Pradesh,Morena,498479,60,23,2,2006,0
India,Madhya Pradesh,Narsimhapur,514459,17516,13262,4,2006,13
India,Madhya Pradesh,Neemuch,415427,39,11,0,2006,0
India,Madhya Pradesh,Panna,711358,11942,7857,13,2006,1
India,Madhya Pradesh,Raisen,849516,17063,21246,30,2006,9
India,Madhya Pradesh,Rajgarh,612022,44,39,0,2006,0
India,Madhya Pradesh,Ratlam,481618,33,6,0,2006,0
India,Madhya Pradesh,Rewa,631423,2701,3804,1,2006,0
India,Madhya Pradesh,Sagar,1025228,8268,4206,4,2006,19
India,Madhya Pradesh,Satna,750261,10327,5053,28,2006,1
India,Madhya Pradesh,Sehore,656297,4726,5166,6,2006,2
India,Madhya Pradesh,Seoni,875671,60198,52693,10,2006,227
India,Madhya Pradesh,Shahdol,831826,36032,26519,4,2006,1
India,Madhya Pradesh,Shajapur,352411,38,6,0,2006,1
India,Madhya Pradesh,Sheopur,652461,400,40,0,2006,0
India,Madhya Pradesh,Shivpuri,1046628,407,84,1,2006,15
India,Madhya Pradesh,Sidhi,478016,43220,33835,10,2006,2
India,Madhya Pradesh,Singrauli,578643,24183,22954,3,2006,0
India,Madhya Pradesh,Tikamgarh,506638,22,12,1,2006,0
India,Madhya Pradesh,Ujjain,608217,73,8,0,2006,1
India,Madhya Pradesh,Umaria,372591,32574,20399,10,2006,13
India,Madhya Pradesh,Vidisha,730295,2580,2838,0,2006,0
India,Madhya Pradesh,West Nimar,804393,504,174,0,2006,0
India,Maharashtra,Ahmadnagar,1613065,2155,685,0,2006,1
India,Maharashtra,Akola,551391,121,42,0,2006,0
India,Maharashtra,Amravati,1218596,37188,22756,1,2006,6
India,Maharashtra,Aurangabad,1009310,139,70,0,2006,0
India,Maharashtra,Bhandara,470048,29630,22796,10,2006,65
India,Maharashtra,Bid,1141360,18,8,0,2006,0
India,Maharashtra,Buldana,960383,562,217,0,2006,1
India,Maharashtra,Chandrapur,1130866,38431,26245,6,2006,314
India,Maharashtra,Dhule,716652,292,76,0,2006,0
India,Maharashtra,Garhchiroli,1446063,565777,532217,86,2006,329
India,Maharashtra,Gondiya,463678,77177,66986,14,2006,15
India,Maharashtra,Hingoli,468553,51,13,0,2006,0
India,Maharashtra,Jalgaon,1174820,1357,485,0,2006,4
India,Maharashtra,Jalna,777897,9,3,0,2006,0
India,Maharashtra,Kolhapur,765441,64263,50160,19,2006,3
India,Maharashtra,Latur,723325,84,9,0,2006,0
India,Maharashtra,Mumbai City,6798,2,0,0,2006,0
India,Maharashtra,Mumbai Suburban,41216,913,1816,0,2006,0
India,Maharashtra,Nagpur,992630,17895,13709,2,2006,18
India,Maharashtra,Nanded,1058842,2209,2191,0,2006,1
India,Maharashtra,Nandurbar,593190,1224,128,0,2006,2
India,Maharashtra,Nashik,1550954,2520,769,1,2006,1
India,Maharashtra,Osmanabad,755003,31,8,0,2006,0
India,Maharashtra,Palghar,532756,12058,9783,1,2006,8
India,Maharashtra,Parbhani,632812,56,11,0,2006,0
India,Maharashtra,Pune,1560120,20505,7436,2,2006,6
India,Maharashtra,Raigarh,701070,28536,9898,3,2006,3
India,Maharashtra,Ratnagiri,846264,33833,24447,9,2006,1
India,Maharashtra,Sangli,853492,4437,5233,0,2006,0
India,Maharashtra,Satara,1046855,27561,26313,2,2006,1
India,Maharashtra,Sindhudurg,517121,96181,50568,62,2006,23
India,Maharashtra,Solapur,1486719,67,13,0,2006,0
India,Maharashtra,Thane,423883,6043,3295,1,2006,1
India,Maharashtra,Wardha,630912,578,35,0,2006,3
India,Maharashtra,Washim,519150,104,20,0,2006,0
India,Maharashtra,Yavatmal,1352653,1395,760,0,2006,2
India,Manipur,Bishnupur,48080,1740,2108,41,2006,16
India,Manipur,Chandel,318641,269516,271928,8411,2006,1104
India,Manipur,Churachandpur,471866,405634,397101,9196,2006,1330
India,Manipur,Imphal East,59830,18726,19984,132,2006,55
India,Manipur,Imphal West,48793,4009,4525,57,2006,9
India,Manipur,Senapati,348452,241261,254278,1584,2006,370
India,Manipur,Tamenglong,419673,386378,366470,6339,2006,938
India,Manipur,Thoubal,71407,6569,8341,90,2006,57
India,Manipur,Ukhrul,445329,369843,383303,7931,2006,1476
India,Meghalaya,East Garo Hills,218567,179466,163589,2813,2006,698
India,Meghalaya,East Khasi Hills,286198,179569,180921,716,2006,396
India,Meghalaya,Jaintia Hills,382407,272720,268991,1754,2006,695
India,Meghalaya,North Garo Hills,61123,40202,33277,175,2006,135
India,Meghalaya,Ri Bhoi,238512,190725,179250,1685,2006,438
India,Meghalaya,South Garo Hills,184901,162994,155050,2463,2006,613
India,Meghalaya,South West Garo Hills,51848,24712,19344,485,2006,16
India,Meghalaya,South West Khasi Hills,142031,101167,99795,938,2006,439
India,Meghalaya,West Garo Hills,304369,219605,181181,3872,2006,561
India,Meghalaya,West Khasi Hills,381666,312728,311386,4233,2006,1282
India,Mizoram,Aizawl,345326,318685,295653,4861,2006,713
India,Mizoram,Champhai,343485,298619,288526,12121,2006,1502
India,Mizoram,Kolasib,134891,125638,118388,885,2006,198
India,Mizoram,Lawangtlai,204674,176551,164321,660,2006,130
India,Mizoram,Lunglei,455319,422560,390114,2812,2006,480
India,Mizoram,Mamit,307947,293143,271709,1490,2006,423
India,Mizoram,Saiha,197696,179646,171250,965,2006,153
India,Mizoram,Serchhip,135837,117116,110274,2492,2006,196
India,NCT of Delhi,West,150220,263,122,2,2006,1
India,Nagaland,Dimapur,86683,48008,47284,567,2006,86
India,Nagaland,Kiphire,112226,76884,81496,2438,2006,264
India,Nagaland,Kohima,131049,113206,112344,1181,2006,280
India,Nagaland,Longleng,58857,46310,45195,3993,2006,650
India,Nagaland,Mokokchung,160570,135765,136223,9544,2006,1195
India,Nagaland,Mon,216824,175757,171643,8986,2006,1779
India,Nagaland,Peren,168370,153322,150576,3445,2006,747
India,Nagaland,Phek,191044,138636,151738,1311,2006,160
India,Nagaland,Tuensang,214332,163570,160823,6000,2006,878
India,Nagaland,Wokha,162641,134385,131483,3190,2006,481
India,Nagaland,Zunheboto,157366,124499,128062,3311,2006,526
India,Odisha,Anugul,637420,147440,91636,6,2006,53
India,Odisha,Balangir,657722,21125,7843,4,2006,11
India,Odisha,Baleshwar,370526,8669,2339,6,2006,20
India,Odisha,Bargarh,580584,19856,11873,4,2006,10
India,Odisha,Bauda,312387,94961,69469,32,2006,18
India,Odisha,Bhadrak,245295,122,18,0,2006,0
India,Odisha,Cuttack,394435,20532,6500,0,2006,9
India,Odisha,Debagarh,281405,60859,46069,4,2006,9
India,Odisha,Dhenkanal,448128,34340,12465,2,2006,9
India,Odisha,Gajapati,406805,163314,117932,87,2006,357
India,Odisha,Ganjam,838046,161507,109710,36,2006,103
India,Odisha,Jagatsinghapur,167105,77,12,0,2006,0
India,Odisha,Jajapur,290367,4074,2310,0,2006,3
India,Odisha,Jharsuguda,212024,2842,3758,3,2006,0
India,Odisha,Kalahandi,791570,160738,107293,624,2006,624
India,Odisha,Kandhamal,806513,442907,364535,2967,2006,855
India,Odisha,Kendrapara,248250,58,13,0,2006,0
India,Odisha,Kendujhar,832369,111738,67637,33,2006,183
India,Odisha,Khordha,275639,15903,4978,0,2006,4
India,Odisha,Koraput,858243,105476,88021,115,2006,187
India,Odisha,Malkangiri,583117,122556,79929,54,2006,273
India,Odisha,Mayurbhanj,1045106,220030,163423,8,2006,70
India,Odisha,Nabarangapur,530817,29098,20600,10,2006,291
India,Odisha,Nayagarh,389939,120024,62714,2,2006,22
India,Odisha,Nuapada,387082,32953,24937,1,2006,7
India,Odisha,Puri,350223,376,36,0,2006,1
India,Odisha,Rayagada,738185,215343,153190,295,2006,995
India,Odisha,Sambalpur,674416,168907,136091,9,2006,32
India,Odisha,Subarnapur,236169,5721,2533,0,2006,2
India,Odisha,Sundargarh,973917,188647,158696,17,2006,78
India,Puducherry,Karaikal,19216,35,308,2,2006,0
India,Puducherry,Mahe,12834,6855,4980,6,2006,2
India,Puducherry,Puducherry,19529,19,264,2,2006,0
India,Puducherry,Yanam,3154,2,5,0,2006,0
India,Punjab,Amritsar,261222,377,432,6,2006,1
India,Punjab,Barnala,148257,320,4,0,2006,0
India,Punjab,Bathinda,336278,139,7,0,2006,4
India,Punjab,Faridkot,144767,75,0,0,2006,1
India,Punjab,Fatehgarh Sahib,117323,202,191,1,2006,3
India,Punjab,Fazilka,271964,87,3,0,2006,0
India,Punjab,Firozpur,250041,642,145,1,2006,5
India,Punjab,Gurdaspur,257822,347,502,8,2006,3
India,Punjab,Hoshiarpur,336023,36187,35452,102,2006,5
India,Punjab,Jalandhar,260276,36,24,0,2006,1
India,Punjab,Kapurthala,165789,563,284,4,2006,2
India,Punjab,Ludhiana,356965,1649,860,6,2006,5
India,Punjab,Mansa,220700,33,18,0,2006,0
India,Punjab,Moga,230248,779,15,0,2006,2
India,Punjab,Muktsar,259888,35,2,0,2006,0
India,Punjab,Pathankot,99880,11476,11764,118,2006,2
India,Punjab,Patiala,333599,1592,2279,9,2006,12
India,Punjab,Rupnagar,138152,10695,8336,44,2006,27
India,Punjab,Sahibzada Ajit Singh Nagar,108846,7882,7151,18,2006,13
India,Punjab,Sangrur,360325,296,209,2,2006,1
India,Punjab,Shahid Bhagat Singh Nagar,129603,1155,1502,10,2006,1
India,Punjab,Tarn Taran,234611,133,163,3,2006,1
India,Rajasthan,Ajmer,864832,2,0,0,2006,0
India,Rajasthan,Alwar,829131,4301,1955,46,2006,1
India,Rajasthan,Banswara,448765,44,12,0,2006,0
India,Rajasthan,Baran,682336,75,3,0,2006,0
India,Rajasthan,Barmer,2831742,0,0,0,2006,0
India,Rajasthan,Bharatpur,505079,543,402,7,2006,2
India,Rajasthan,Bhilwara,1044866,8,1,0,2006,0
India,Rajasthan,Bikaner,2692523,0,0,0,2006,0
India,Rajasthan,Bundi,557361,18,0,0,2006,0
India,Rajasthan,Chittaurgarh,757295,38,1,2,2006,1
India,Rajasthan,Churu,1705000,0,0,0,2006,0
India,Rajasthan,Dausa,358982,21,32,7,2006,0
India,Rajasthan,Dhaulpur,302532,43,20,0,2006,0
India,Rajasthan,Dungarpur,377631,12,2,0,2006,0
India,Rajasthan,Ganganagar,1166503,18,0,0,2006,0
India,Rajasthan,Hanumangarh,890122,1,0,0,2006,0
India,Rajasthan,Jaipur,1124440,250,114,5,2006,0
India,Rajasthan,Jaisalmer,3857174,0,0,0,2006,0
India,Rajasthan,Jalor,1070386,0,0,0,2006,0
India,Rajasthan,Jhalawar,624795,16,3,0,2006,1
India,Rajasthan,Jhunjhunun,591310,12,1,0,2006,0
India,Rajasthan,Jodhpur,2280202,0,0,0,2006,0
India,Rajasthan,Karauli,518220,40,116,12,2006,0
India,Rajasthan,Kota,550289,41,2,0,2006,0
India,Rajasthan,Nagaur,1764675,0,0,0,2006,0
India,Rajasthan,Pali,1232336,32,15,0,2006,0
India,Rajasthan,Pratapgarh,429766,62,16,0,2006,0
India,Rajasthan,Rajsamand,459177,100,85,0,2006,0
India,Rajasthan,Sawai Madhopur,467033,63,1,0,2006,0
India,Rajasthan,Sikar,768138,15,1,0,2006,0
India,Rajasthan,Sirohi,513533,1992,324,0,2006,0
India,Rajasthan,Tonk,723904,3,0,0,2006,0
India,Rajasthan,Udaipur,1200020,4288,1011,0,2006,6
India,Sikkim,East Sikkim,94656,54725,57243,28,2006,4
India,Sikkim,North Sikkim,424153,101793,94756,14,2006,3
India,Sikkim,South Sikkim,73171,39736,43238,6,2006,2
India,Sikkim,West Sikkim,116327,54197,58525,22,2006,3
India,Tamil Nadu,Ariyalur,195050,179,123,6,2006,2
India,Tamil Nadu,Chennai,19496,24,49,0,2006,0
India,Tamil Nadu,Coimbatore,381876,106394,99049,630,2006,31
India,Tamil Nadu,Cuddalore,381529,567,3119,30,2006,0
India,Tamil Nadu,Dharmapuri,451289,60229,40216,20,2006,2
India,Tamil Nadu,Dindigul,605693,131707,117953,1393,2006,394
India,Tamil Nadu,Erode,597195,110441,75879,31,2006,7
India,Tamil Nadu,Kancheepuram,465580,884,432,2,2006,4
India,Tamil Nadu,Kanniyakumari,159095,94368,73746,729,2006,564
India,Tamil Nadu,Karur,288912,2034,1747,16,2006,0
India,Tamil Nadu,Krishnagiri,513456,22659,9827,20,2006,3
India,Tamil Nadu,Madurai,368763,20142,12710,87,2006,16
India,Tamil Nadu,Nagappattinam,240430,2545,5577,43,2006,3
India,Tamil Nadu,Namakkal,340077,26491,18764,75,2006,45
India,Tamil Nadu,Perambalur,175214,6038,4306,0,2006,0
India,Tamil Nadu,Pudukkottai,469005,429,2027,35,2006,0
India,Tamil Nadu,Ramanathapuram,426072,1106,1433,4,2006,2
India,Tamil Nadu,Salem,521044,69377,48800,162,2006,50
India,Tamil Nadu,Sivaganga,406634,719,2896,40,2006,0
India,Tamil Nadu,Thanjavur,339136,6027,5306,127,2006,43
India,Tamil Nadu,The Nilgiris,254621,161439,142481,976,2006,136
India,Tamil Nadu,Theni,284519,68470,59469,295,2006,100
India,Tamil Nadu,Thiruvallur,330691,878,6890,14,2006,3
India,Tamil Nadu,Thiruvarur,251518,5829,11729,55,2006,3
India,Tamil Nadu,Thoothukkudi,471255,7328,2740,17,2006,12
India,Tamil Nadu,Tiruchirappalli,450426,19990,12920,64,2006,13
India,Tamil Nadu,Tirunelveli,677048,122641,101337,292,2006,143
India,Tamil Nadu,Tiruppur,579045,35152,29946,129,2006,14
India,Tamil Nadu,Tiruvannamalai,618357,53147,39589,7,2006,6
India,Tamil Nadu,Vellore,606757,52516,36387,13,2006,41
India,Tamil Nadu,Viluppuram,729374,26944,21438,82,2006,21
India,Tamil Nadu,Virudunagar,428927,13827,9721,44,2006,13
India,Telangana,Adilabad,1604386,43451,45576,1,2006,150
India,Telangana,Hyderabad,17802,7,0,0,2006,0
India,Telangana,Karimnagar,1190025,33293,27498,4,2006,57
India,Telangana,Khammam,1610018,420082,323300,263,2006,1414
India,Telangana,Mahbubnagar,1837327,16103,10164,7,2006,3
India,Telangana,Medak,975732,310,48,0,2006,3
India,Telangana,Nalgonda,1409411,393,362,55,2006,3
India,Telangana,Nizamabad,790786,5468,3355,0,2006,60
India,Telangana,Ranga Reddy,754836,86,8,0,2006,2
India,Telangana,Warangal,1280889,144423,93032,23,2006,283
India,Tripura,Dhalai,243285,196775,179288,243,2006,1427
India,Tripura,Gomati,141064,92622,78803,92,2006,950
India,Tripura,Khowai,103448,64933,53587,77,2006,318
India,Tripura,North Tripura,131984,95513,85079,207,2006,337
India,Tripura,Sipahijala,102396,44035,31352,173,2006,249
India,Tripura,South Tripura,152454,84216,68592,115,2006,2329
India,Tripura,Unokoti,77444,50734,41125,90,2006,416
India,Tripura,West Tripura,101551,40464,31891,180,2006,117
India,Uttar Pradesh,Agra,352635,1111,433,9,2006,3
India,Uttar Pradesh,Aligarh,386530,269,234,2,2006,1
India,Uttar Pradesh,Allahabad,514803,109,1798,87,2006,1
India,Uttar Pradesh,Ambedkar Nagar,232472,190,2167,34,2006,1
India,Uttar Pradesh,Amethi,330740,180,3026,42,2006,0
India,Uttar Pradesh,Amroha,251713,225,224,9,2006,3
India,Uttar Pradesh,Auraiya,217850,52,54,2,2006,0
India,Uttar Pradesh,Azamgarh,389662,399,3073,53,2006,5
India,Uttar Pradesh,Baghpat,133245,118,759,29,2006,1
India,Uttar Pradesh,Bahraich,368710,29878,23583,83,2006,7
India,Uttar Pradesh,Ballia,300802,152,3476,22,2006,1
India,Uttar Pradesh,Balrampur,336719,42532,40338,194,2006,12
India,Uttar Pradesh,Banda,451968,158,1145,3,2006,0
India,Uttar Pradesh,Barabanki,443233,439,1197,33,2006,3
India,Uttar Pradesh,Bareilly,378328,72,251,10,2006,0
India,Uttar Pradesh,Basti,251766,171,697,7,2006,1
India,Uttar Pradesh,Bijnor,431434,15649,15499,108,2006,9
India,Uttar Pradesh,Budaun,420899,86,113,4,2006,2
India,Uttar Pradesh,Bulandshahr,357886,101,37,3,2006,1
India,Uttar Pradesh,Chandauli,253552,1556,7401,189,2006,6
India,Uttar Pradesh,Chitrakoot,308393,5790,5255,26,2006,0
India,Uttar Pradesh,Deoria,255677,321,1221,10,2006,1
India,Uttar Pradesh,Etah,250079,120,115,2,2006,0
India,Uttar Pradesh,Etawah,215276,531,454,13,2006,0
India,Uttar Pradesh,Faizabad,209951,186,856,18,2006,0
India,Uttar Pradesh,Farrukhabad,218442,353,417,3,2006,9
India,Uttar Pradesh,Fatehpur,417684,14,65,2,2006,0
India,Uttar Pradesh,Firozabad,284638,426,155,4,2006,0
India,Uttar Pradesh,Gautam Buddha Nagar,138611,8,7,0,2006,0
India,Uttar Pradesh,Ghaziabad,87238,15,36,0,2006,0
India,Uttar Pradesh,Ghazipur,338598,527,9953,117,2006,3
India,Uttar Pradesh,Gonda,400797,3583,5474,28,2006,0
India,Uttar Pradesh,Gorakhpur,306670,1170,2561,17,2006,2
India,Uttar Pradesh,Hamirpur,426283,251,26,1,2006,0
India,Uttar Pradesh,Hapur,110314,33,25,1,2006,1
India,Uttar Pradesh,Hardoi,601016,1430,532,44,2006,42
India,Uttar Pradesh,Hathras,162087,113,52,1,2006,0
India,Uttar Pradesh,Jalaun,456365,32,4,0,2006,0
India,Uttar Pradesh,Jaunpur,403582,104,1442,23,2006,1
India,Uttar Pradesh,Jhansi,506579,161,35,0,2006,1
India,Uttar Pradesh,Kannauj,207454,139,16,3,2006,2
India,Uttar Pradesh,Kanpur Dehat,316373,26,84,4,2006,0
India,Uttar Pradesh,Kanpur Nagar,292815,65,55,1,2006,3
India,Uttar Pradesh,Kasganj,197603,280,150,2,2006,3
India,Uttar Pradesh,Kaushambi,210356,11,338,8,2006,0
India,Uttar Pradesh,Kushinagar,288811,531,749,2,2006,1
India,Uttar Pradesh,Lakhimpur Kheri,770148,94748,78902,302,2006,86
India,Uttar Pradesh,Lalitpur,504678,2496,623,4,2006,0
India,Uttar Pradesh,Lucknow,253976,1160,1453,103,2006,52
India,Uttar Pradesh,Maharajganj,318731,31937,35386,72,2006,4
India,Uttar Pradesh,Mahoba,283604,111,116,1,2006,0
India,Uttar Pradesh,Mainpuri,275040,148,137,4,2006,1
India,Uttar Pradesh,Mathura,337399,304,568,2,2006,0
India,Uttar Pradesh,Mau,206654,176,2088,15,2006,3
India,Uttar Pradesh,Meerut,260507,729,710,4,2006,2
India,Uttar Pradesh,Mirzapur,451742,76,126,2,2006,1
India,Uttar Pradesh,Moradabad,210602,62,167,8,2006,1
India,Uttar Pradesh,Muzaffarnagar,273061,336,1206,27,2006,1
India,Uttar Pradesh,Pilibhit,359157,51081,50411,89,2006,3
India,Uttar Pradesh,Pratapgarh,371568,115,984,17,2006,1
India,Uttar Pradesh,Rae Bareli,327076,73,496,10,2006,0
India,Uttar Pradesh,Rampur,257084,3333,3481,26,2006,2
India,Uttar Pradesh,Saharanpur,372025,19899,17358,50,2006,4
India,Uttar Pradesh,Sambhal,213644,19,1,0,2006,2
India,Uttar Pradesh,Sant Kabir Nagar,132684,182,964,16,2006,2
India,Uttar Pradesh,Sant Ravi Das Nagar,100916,16,181,8,2006,0
India,Uttar Pradesh,Shahjahanpur,465191,5698,5281,29,2006,12
India,Uttar Pradesh,Shamli,131834,222,327,10,2006,1
India,Uttar Pradesh,Shravasti,315223,29554,26449,126,2006,5
India,Uttar Pradesh,Siddharth Nagar,347860,721,2477,9,2006,1
India,Uttar Pradesh,Sitapur,578044,1843,905,175,2006,53
India,Uttar Pradesh,Sonbhadra,678916,4879,1358,2,2006,0
India,Uttar Pradesh,Sultanpur,246165,90,1438,16,2006,0
India,Uttar Pradesh,Unnao,459854,243,709,46,2006,17
India,Uttar Pradesh,Varanasi,155118,54,47,2,2006,1
India,Uttarakhand,Almora,310201,112210,83294,188,2006,4
India,Uttarakhand,Bageshwar,228123,79668,58991,4,2006,1
India,Uttarakhand,Chamoli,792867,192909,152828,19,2006,7
India,Uttarakhand,Champawat,168452,118482,115597,521,2006,39
India,Uttarakhand,Dehradun,306702,156029,150809,52,2006,20
India,Uttarakhand,Garhwal,545564,291677,261345,120,2006,33
India,Uttarakhand,Hardwar,238572,25703,24158,211,2006,13
India,Uttarakhand,Nainital,406379,297778,287829,3809,2006,685
India,Uttarakhand,Pithoragarh,732913,124243,89944,33,2006,7
India,Uttarakhand,Rudraprayag,121405,46549,38960,6,2006,1
India,Uttarakhand,Tehri Garhwal,438890,216898,212079,72,2006,50
India,Uttarakhand,Udham Singh Nagar,286233,54957,57103,955,2006,230
India,Uttarakhand,Uttarkashi,804550,231737,198289,63,2006,58
India,West Bengal,Alipurduar,280176,118440,83490,660,2006,387
India,West Bengal,Bankura,696472,423,15,27,2006,42
India,West Bengal,Barddhaman,704144,190,172,4,2006,0
India,West Bengal,Birbhum,455570,7,96,1,2006,0
India,West Bengal,Dakshin Dinajpur,211766,122,160,1,2006,1
India,West Bengal,Darjiling,314436,152184,156762,399,2006,99
India,West Bengal,Haora,144036,1435,922,2,2006,1
India,West Bengal,Hugli,315210,1188,244,0,2006,0
India,West Bengal,Jalpaiguri,338376,67359,49856,480,2006,91
India,West Bengal,Koch Bihar,338718,14449,8297,172,2006,27
India,West Bengal,Kolkata,9162,35,3,0,2006,0
India,West Bengal,Maldah,361110,212,147,10,2006,3
India,West Bengal,Murshidabad,541121,357,173,3,2006,1
India,West Bengal,Nadia,392088,2000,790,1,2006,1
India,West Bengal,North 24 Parganas,581554,35148,26531,0,2006,1
India,West Bengal,Pashchim Medinipur,940038,1560,174,72,2006,61
India,West Bengal,Purba Medinipur,398147,850,253,1,2006,3
India,West Bengal,Puruliya,625675,3124,117,1,2006,2
India,West Bengal,South 24 Parganas,552715,4568,3307,0,2006,0
India,West Bengal,Uttar Dinajpur,336010,4269,375,208,2006,56
India,Andaman and Nicobar,Nicobar Islands,172679,147634,144925,1587,2007,74
India,Andaman and Nicobar,North and Middle Andaman,340652,310759,308793,2600,2007,347
India,Andaman and Nicobar,South Andaman,247753,226008,225722,1658,2007,373
India,Andhra Pradesh,Anantapur,1922649,517,111,14,2007,0
India,Andhra Pradesh,Chittoor,1516880,81831,56859,218,2007,17
India,Andhra Pradesh,East Godavari,1075476,310205,284237,537,2007,432
India,Andhra Pradesh,Guntur,1141089,23783,57053,211,2007,166
India,Andhra Pradesh,Krishna,861607,17233,32054,57,2007,27
India,Andhra Pradesh,Kurnool,1777836,59574,40932,15,2007,3
India,Andhra Pradesh,Nellore,1301782,20837,28123,480,2007,27
India,Andhra Pradesh,Prakasam,1779564,79027,62790,158,2007,19
India,Andhra Pradesh,Srikakulam,627635,32693,20281,49,2007,140
India,Andhra Pradesh,Visakhapatnam,1137192,300879,241668,501,2007,770
India,Andhra Pradesh,Vizianagaram,572603,49147,37843,36,2007,112
India,Andhra Pradesh,West Godavari,775702,60575,58435,159,2007,79
India,Andhra Pradesh,Y.S.R.,1514967,69611,78628,109,2007,16
India,Arunachal Pradesh,Anjaw,651942,398495,369756,869,2007,104
India,Arunachal Pradesh,Changlang,503616,438332,431075,2788,2007,880
India,Arunachal Pradesh,Dibang Valley,751403,391182,373790,461,2007,42
India,Arunachal Pradesh,East Kameng,409167,390145,385591,1758,2007,926
India,Arunachal Pradesh,East Siang,361698,290410,288417,3988,2007,637
India,Arunachal Pradesh,Kurung Kumey,572190,445717,424968,1687,2007,253
India,Arunachal Pradesh,Lohit,344025,271516,266067,3990,2007,1028
India,Arunachal Pradesh,Longding,93352,78346,76441,3641,2007,363
India,Arunachal Pradesh,Lower Dibang Valley,556430,415248,395777,2827,2007,810
India,Arunachal Pradesh,Lower Subansiri,378817,360577,353607,3121,2007,674
India,Arunachal Pradesh,Namsai,42486,17668,16789,468,2007,191
India,Arunachal Pradesh,Papum Pare,353251,332915,327083,1728,2007,696
India,Arunachal Pradesh,Tawang,215022,101851,91644,88,2007,26
India,Arunachal Pradesh,Tirap,109276,100278,97211,1525,2007,230
India,Arunachal Pradesh,Upper Siang,701634,542210,539323,2566,2007,503
India,Arunachal Pradesh,Upper Subansiri,641172,508012,470378,3444,2007,547
India,Arunachal Pradesh,West Kameng,734287,551070,545555,897,2007,490
India,Arunachal Pradesh,West Siang,779775,673340,659039,11997,2007,1172
India,Assam,Baksa,239364,50158,45466,75,2007,132
India,Assam,Barpeta,227857,10844,13386,12,2007,7
India,Assam,Bongaigaon,112362,15343,13976,40,2007,20
India,Assam,Cachar,378676,219197,215588,598,2007,315
India,Assam,Chirang,118891,44423,42350,24,2007,40
India,Assam,Darrang,159926,7656,4845,26,2007,12
India,Assam,Dhemaji,253740,39030,37503,185,2007,119
India,Assam,Dhubri,278096,35918,17751,73,2007,728
India,Assam,Dibrugarh,339191,84744,77617,1595,2007,325
India,Assam,Dima Hasao,490917,434941,406980,6766,2007,1371
India,Assam,Goalpara,190100,21348,19886,58,2007,79
India,Assam,Golaghat,352585,49848,45910,1026,2007,251
India,Assam,Hailakandi,133352,68651,62917,273,2007,132
India,Assam,Jorhat,283776,49292,45600,943,2007,242
India,Assam,Kamrup,330488,96479,91075,288,2007,155
India,Assam,Kamrup Metropolitan,79666,28785,22733,100,2007,74
India,Assam,Karbi Anglong,1042664,789948,763795,6958,2007,2950
India,Assam,Karimganj,183306,74681,67823,235,2007,212
India,Assam,Kokrajhar,328978,109051,92428,155,2007,999
India,Assam,Lakhimpur,295203,53192,50368,413,2007,103
India,Assam,Morigaon,155363,10518,9080,25,2007,40
India,Assam,Nagaon,399001,77488,72138,443,2007,296
India,Assam,Nalbari,107600,11154,12942,2,2007,3
India,Assam,Sivasagar,263352,66061,58876,1211,2007,113
India,Assam,Sonitpur,528686,98395,84143,2521,2007,1998
India,Assam,Tinsukia,379304,170120,170440,5279,2007,684
India,Assam,Udalguri,196790,32871,19883,548,2007,731
India,Bihar,Araria,281932,561,922,4,2007,0
India,Bihar,Arwal,66615,392,1880,14,2007,0
India,Bihar,Aurangabad,328198,875,630,5,2007,0
India,Bihar,Banka,309145,51,10,0,2007,0
India,Bihar,Begusarai,193928,196,271,1,2007,1
India,Bihar,Bhagalpur,256033,66,498,6,2007,0
India,Bihar,Bhojpur,237388,5464,22320,279,2007,3
India,Bihar,Buxar,170992,2040,5315,96,2007,2
India,Bihar,Darbhanga,228940,969,2839,15,2007,0
India,Bihar,Gaya,496554,2110,2748,2,2007,0
India,Bihar,Gopalganj,204094,175,2320,12,2007,1
India,Bihar,Jamui,308302,8863,2972,0,2007,0
India,Bihar,Jehanabad,93892,169,297,3,2007,1
India,Bihar,Kaimur,335075,4156,7422,89,2007,1
India,Bihar,Katihar,306233,107,223,8,2007,1
India,Bihar,Khagaria,149147,67,103,1,2007,0
India,Bihar,Kishanganj,193427,624,158,27,2007,4
India,Bihar,Lakhisarai,133641,7420,2606,11,2007,8
India,Bihar,Madhepura,183827,64,219,3,2007,0
India,Bihar,Madhubani,344146,3316,7618,25,2007,2
India,Bihar,Munger,136969,13748,10808,56,2007,1
India,Bihar,Muzaffarpur,318646,437,5012,8,2007,0
India,Bihar,Nalanda,233710,439,1645,4,2007,1
India,Bihar,Nawada,248578,9253,10478,1,2007,0
India,Bihar,Pashchim Champaran,523188,80413,80361,123,2007,13
India,Bihar,Patna,320539,1515,8189,38,2007,1
India,Bihar,Purba Champaran,399105,710,4891,6,2007,1
India,Bihar,Purnia,324600,128,133,6,2007,0
India,Bihar,Rohtas,386837,6235,7191,116,2007,1
India,Bihar,Saharsa,168897,153,215,4,2007,0
India,Bihar,Samastipur,290579,137,388,1,2007,0
India,Bihar,Saran,264523,223,3009,6,2007,0
India,Bihar,Sheikhpura,60405,9,18,0,2007,0
India,Bihar,Sheohar,57459,302,1358,6,2007,0
India,Bihar,Sitamarhi,205458,584,3341,7,2007,0
India,Bihar,Siwan,222545,223,3506,14,2007,0
India,Bihar,Supaul,238732,1517,2457,18,2007,4
India,Bihar,Vaishali,200961,132,1190,3,2007,0
India,Chandigarh,Chandigarh,11812,702,935,10,2007,3
India,Chhattisgarh,Balod,275414,16919,25869,3,2007,1
India,Chhattisgarh,Baloda Bazar,468572,25143,46646,1,2007,12
India,Chhattisgarh,Balrampur,633124,115996,64274,6,2007,10
India,Chhattisgarh,Bastar,591945,130358,118812,8,2007,247
India,Chhattisgarh,Bemetara,286904,44,29,0,2007,0
India,Chhattisgarh,Bijapur,879329,540837,498772,158,2007,242
India,Chhattisgarh,Bilaspur,555476,52822,34569,2,2007,47
India,Chhattisgarh,Dantewada,298090,88405,78733,17,2007,126
India,Chhattisgarh,Dhamtari,406306,84698,87870,1,2007,40
India,Chhattisgarh,Durg,298982,30,22,0,2007,0
India,Chhattisgarh,Gariaband,422957,110487,99238,1,2007,153
India,Chhattisgarh,Janjgir-Champa,387475,812,532,0,2007,2
India,Chhattisgarh,Jashpur,582341,73535,52235,2,2007,1
India,Chhattisgarh,Kabeerdham,422230,68990,63598,13,2007,73
India,Chhattisgarh,Kondagaon,509911,101269,93982,6,2007,138
India,Chhattisgarh,Korba,660932,134282,84264,2,2007,26
India,Chhattisgarh,Koriya,663712,115888,79594,1,2007,8
India,Chhattisgarh,Mahasamund,475380,7215,13348,3,2007,5
India,Chhattisgarh,Mungeli,278450,74732,52071,3,2007,22
India,Chhattisgarh,Narayanpur,392992,271260,249478,446,2007,377
India,Chhattisgarh,Raigarh,708412,55534,39766,4,2007,35
India,Chhattisgarh,Raipur,353390,370,888,0,2007,0
India,Chhattisgarh,Rajnandgaon,806554,113121,117362,50,2007,69
India,Chhattisgarh,Sukma,525060,150881,108640,44,2007,189
India,Chhattisgarh,Surajpur,544120,70867,40372,1,2007,9
India,Chhattisgarh,Surguja,399359,51150,32745,1,2007,8
India,Chhattisgarh,Uttar Bastar Kanker,715735,207926,200686,55,2007,256
India,Dadra and Nagar Haveli,Dadra and Nagar Haveli,49152,457,259,0,2007,0
India,Daman and Diu,Daman,5831,17,3,0,2007,0
India,Daman and Diu,Diu,2523,0,0,0,2007,0
India,Goa,North Goa,170604,41915,26028,1,2007,3
India,Goa,South Goa,198964,104551,90798,89,2007,52
India,Gujarat,Ahmadabad,773436,60,8,0,2007,0
India,Gujarat,Amreli,735510,5,1,0,2007,0
India,Gujarat,Anand,287832,46,7,0,2007,0
India,Gujarat,Aravalli,325245,10,2,1,2007,0
India,Gujarat,Banas Kantha,1061522,121,10,0,2007,0
India,Gujarat,Bharuch,543453,105,9,0,2007,0
India,Gujarat,Bhavnagar,677448,95,19,0,2007,0
India,Gujarat,Botad,162060,0,0,0,2007,0
India,Gujarat,Chhota Udaipur,368590,52,26,0,2007,0
India,Gujarat,Dahod,385651,310,44,0,2007,4
India,Gujarat,Devbhumi Dwarka,456016,17,0,0,2007,0
India,Gujarat,Gandhinagar,172338,1,0,0,2007,0
India,Gujarat,Gir Somnath,170164,15,1,6,2007,0
India,Gujarat,Jamnagar,670502,34,0,0,2007,0
India,Gujarat,Junagadh,702843,487,174,1,2007,0
India,Gujarat,Kachchh,4220838,33,2,0,2007,0
India,Gujarat,Kheda,398303,30,1,0,2007,0
India,Gujarat,Mahesana,438831,2,0,0,2007,0
India,Gujarat,Mahisagar,233539,11,4,0,2007,0
India,Gujarat,Morbi,481031,12,1,0,2007,0
India,Gujarat,Narmada,256838,2533,447,0,2007,1
India,Gujarat,Navsari,218334,1297,1294,0,2007,0
India,Gujarat,Panch Mahals,267704,27,16,0,2007,0
India,Gujarat,Patan,601243,0,0,0,2007,0
India,Gujarat,Porbandar,231056,39,0,0,2007,0
India,Gujarat,Rajkot,760630,17,2,0,2007,0
India,Gujarat,Sabar Kantha,418769,132,29,0,2007,0
India,Gujarat,Surat,439791,623,281,0,2007,0
India,Gujarat,Surendranagar,920266,180,26,0,2007,0
India,Gujarat,Tapi,314442,1563,620,0,2007,0
India,Gujarat,The Dangs,171142,8716,2274,0,2007,1
India,Gujarat,Vadodara,405249,9,1,0,2007,0
India,Gujarat,Valsad,301394,1346,1722,0,2007,1
India,Haryana,Ambala,175294,1380,1576,18,2007,13
India,Haryana,Bhiwani,463529,56,11,0,2007,1
India,Haryana,Faridabad,125761,80,174,8,2007,2
India,Haryana,Fatehabad,239977,13,54,0,2007,0
India,Haryana,Gurgaon,128536,169,111,1,2007,0
India,Haryana,Hisar,416939,68,6,0,2007,1
India,Haryana,Jhajjar,211225,135,91,4,2007,0
India,Haryana,Jind,273318,248,78,1,2007,2
India,Haryana,Kaithal,230046,1056,928,1,2007,1
India,Haryana,Karnal,258463,21,7,0,2007,1
India,Haryana,Kurukshetra,183593,445,241,1,2007,3
India,Haryana,Mahendragarh,193665,8,2,0,2007,0
India,Haryana,Mewat,146554,104,138,1,2007,1
India,Haryana,Palwal,90451,89,31,0,2007,2
India,Haryana,Panchkula,73780,27504,25438,39,2007,9
India,Haryana,Panipat,122468,60,365,19,2007,1
India,Haryana,Rewari,125324,47,23,0,2007,0
India,Haryana,Rohtak,168545,79,54,1,2007,1
India,Haryana,Sirsa,423119,4,3,0,2007,0
India,Haryana,Sonipat,221338,63,200,6,2007,1
India,Haryana,Yamunanagar,130521,11018,10477,22,2007,6
India,Himachal Pradesh,Bilaspur,116606,34773,31610,25,2007,7
India,Himachal Pradesh,Chamba,646061,170243,123366,144,2007,32
India,Himachal Pradesh,Hamirpur,112145,49052,45948,54,2007,7
India,Himachal Pradesh,Kangra,570651,231326,216284,499,2007,54
India,Himachal Pradesh,Kinnaur,645578,27943,15186,13,2007,13
India,Himachal Pradesh,Kullu,550194,151529,111321,40,2007,52
India,Himachal Pradesh,Lahul & Spiti,1380877,2610,1146,13,2007,0
India,Himachal Pradesh,Mandi,394812,172547,157589,136,2007,21
India,Himachal Pradesh,Shimla,513204,216911,160881,34,2007,116
India,Himachal Pradesh,Sirmaur,280863,163102,155136,103,2007,20
India,Himachal Pradesh,Solan,195597,92486,78371,65,2007,26
India,Himachal Pradesh,Una,153760,54587,51087,52,2007,9
India,Jammu and Kashmir,Anantnag,270262,74418,54946,33,2007,14
India,Jammu and Kashmir,Badgam,117282,15438,13073,7,2007,5
India,Jammu and Kashmir,Bandipore,252774,47946,34308,14,2007,13
India,Jammu and Kashmir,Baramulla,239201,61349,54085,60,2007,17
India,Jammu and Kashmir,Doda,262526,109809,74548,68,2007,21
India,Jammu and Kashmir,Ganderbal,126196,25483,18496,13,2007,5
India,Jammu and Kashmir,Jammu,214895,22392,18948,26,2007,4
India,Jammu and Kashmir,Kargil,1477323,225,38,11,2007,0
India,Jammu and Kashmir,Kathua,261794,62001,56822,106,2007,43
India,Jammu and Kashmir,Kishtwar,767032,113304,73885,40,2007,11
India,Jammu and Kashmir,Kulgam,134333,25547,24919,33,2007,5
India,Jammu and Kashmir,Kupwara,274748,117992,99047,63,2007,18
India,Jammu and Kashmir,Leh (Ladakh),4908732,62,19,15,2007,0
India,Jammu and Kashmir,Poonch,167356,60015,53733,22,2007,4
India,Jammu and Kashmir,Pulwama,73389,12895,12422,16,2007,1
India,Jammu and Kashmir,Rajouri,254200,83983,69907,19,2007,9
India,Jammu and Kashmir,Ramban,90221,27560,22655,4,2007,1
India,Jammu and Kashmir,Reasi,208383,84644,76285,23,2007,13
India,Jammu and Kashmir,Samba,84362,6928,6182,5,2007,2
India,Jammu and Kashmir,Shupiyan,72418,18029,20804,18,2007,19
India,Jammu and Kashmir,Srinagar,62771,11936,9782,12,2007,4
India,Jammu and Kashmir,Udhampur,245808,91063,77516,68,2007,9
India,Jharkhand,Bokaro,286989,10615,6059,0,2007,0
India,Jharkhand,Chatra,375718,35924,33133,28,2007,3
India,Jharkhand,Deoghar,244100,59,4,0,2007,0
India,Jharkhand,Dhanbad,208382,674,186,0,2007,0
India,Jharkhand,Dumka,377426,3146,665,133,2007,20
India,Jharkhand,Garhwa,407829,29720,12630,28,2007,2
India,Jharkhand,Giridih,499661,8970,5408,1,2007,0
India,Jharkhand,Godda,224195,4067,1254,67,2007,38
India,Jharkhand,Gumla,536525,58922,27871,1,2007,1
India,Jharkhand,Hazaribagh,481712,41777,39730,5,2007,2
India,Jharkhand,Jamtara,180473,8,0,0,2007,0
India,Jharkhand,Khunti,277225,15381,1120,1,2007,2
India,Jharkhand,Kodarma,132242,18562,19552,1,2007,0
India,Jharkhand,Latehar,426444,102907,50236,19,2007,38
India,Jharkhand,Lohardaga,149986,25424,13408,3,2007,4
India,Jharkhand,Pakur,181513,1630,958,66,2007,19
India,Jharkhand,Palamu,445541,18227,12788,29,2007,2
India,Jharkhand,Pashchimi Singhbhum,723098,133283,79138,10,2007,87
India,Jharkhand,Purbi Singhbhum,357770,9110,2382,3,2007,1
India,Jharkhand,Ramgarh,134403,5646,3524,0,2007,0
India,Jharkhand,Ranchi,488387,9234,1856,0,2007,1
India,Jharkhand,Sahibganj,219886,3225,589,93,2007,16
India,Jharkhand,Saraikela-kharsawan,265341,8165,1240,1,2007,1
India,Jharkhand,Simdega,379142,11654,3014,0,2007,0
India,Karnataka,Bagalkot,655258,105,42,0,2007,0
India,Karnataka,Bangalore,217903,162,26,2,2007,0
India,Karnataka,Bangalore Rural,230303,137,33,1,2007,0
India,Karnataka,Belgaum,1333488,49040,38050,38,2007,1
India,Karnataka,Bellary,842531,1836,226,2,2007,6
India,Karnataka,Bidar,543342,52,16,0,2007,0
India,Karnataka,Bijapur,1048432,53,15,0,2007,0
India,Karnataka,Chamrajnagar,565361,116045,83039,42,2007,11
India,Karnataka,Chikballapura,422931,1462,988,3,2007,0
India,Karnataka,Chikmagalur,718838,323326,298783,1150,2007,538
India,Karnataka,Chitradurga,842881,416,8,0,2007,0
India,Karnataka,Dakshina Kannada,456123,281111,231209,638,2007,949
India,Karnataka,Davanagere,660862,6521,346,6,2007,19
India,Karnataka,Dharwad,426092,464,1153,19,2007,0
India,Karnataka,Gadag,463089,15,1,0,2007,0
India,Karnataka,Gulbarga,1096303,48,10,0,2007,0
India,Karnataka,Hassan,679084,84418,62102,312,2007,547
India,Karnataka,Haveri,479411,587,321,15,2007,1
India,Karnataka,Kodagu,409587,308610,267919,818,2007,368
India,Karnataka,Kolar,397159,344,231,1,2007,1
India,Karnataka,Koppal,555591,14,7,7,2007,0
India,Karnataka,Mandya,492564,774,182,11,2007,1
India,Karnataka,Mysore,629741,70536,49242,92,2007,26
India,Karnataka,Raichur,843615,61,51,21,2007,0
India,Karnataka,Ramanagara,350745,2928,356,3,2007,0
India,Karnataka,Shimoga,773369,212771,134060,1093,2007,1152
India,Karnataka,Tumkur,1059196,1426,314,7,2007,1
India,Karnataka,Udupi,390213,180568,137247,402,2007,352
India,Karnataka,Uttara Kannada,1027612,632365,575803,389,2007,173
India,Karnataka,Yadgir,526289,10,2,4,2007,0
India,Kerala,Alappuzha,124519,51188,46506,57,2007,28
India,Kerala,Ernakulam,225002,142323,115571,955,2007,333
India,Kerala,Idukki,499006,422964,413423,3789,2007,528
India,Kerala,Kannur,277392,220056,195713,302,2007,611
India,Kerala,Kasaragod,195107,107422,81572,231,2007,454
India,Kerala,Kollam,240436,193294,179738,2383,2007,258
India,Kerala,Kottayam,210255,158914,131488,431,2007,207
India,Kerala,Kozhikode,227197,161134,131968,156,2007,190
India,Kerala,Malappuram,349994,174081,128652,191,2007,375
India,Kerala,Palakkad,447188,216046,180783,692,2007,245
India,Kerala,Pathanamthitta,263424,235819,214996,828,2007,323
India,Kerala,Thiruvananthapuram,204253,153498,127197,1845,2007,265
India,Kerala,Thrissur,294081,191936,170228,866,2007,158
India,Kerala,Wayanad,212196,169547,159045,655,2007,368
India,Lakshadweep,Lakshadweep,3482,0,0,0,2007,0
India,Madhya Pradesh,Agar Malwa,276772,11,3,0,2007,0
India,Madhya Pradesh,Alirajpur,333104,526,41,0,2007,0
India,Madhya Pradesh,Anuppur,202588,5151,2964,0,2007,0
India,Madhya Pradesh,Ashoknagar,472393,353,150,3,2007,0
India,Madhya Pradesh,Balaghat,924893,318150,284474,110,2007,205
India,Madhya Pradesh,Barwani,542445,191,26,0,2007,0
India,Madhya Pradesh,Betul,1006834,44619,12942,15,2007,19
India,Madhya Pradesh,Bhind,447252,37,29,5,2007,0
India,Madhya Pradesh,Bhopal,272180,411,388,1,2007,1
India,Madhya Pradesh,Burhanpur,319674,304,101,0,2007,0
India,Madhya Pradesh,Chhatarpur,871307,9432,10557,37,2007,0
India,Madhya Pradesh,Chhindwara,1180484,47596,33573,19,2007,6
India,Madhya Pradesh,Damoh,735338,4141,3718,2,2007,0
India,Madhya Pradesh,Datia,252254,13,5,0,2007,0
India,Madhya Pradesh,Dewas,695694,683,550,0,2007,0
India,Madhya Pradesh,Dhar,813433,45,48,0,2007,0
India,Madhya Pradesh,Dindori,648866,165015,140518,13,2007,11
India,Madhya Pradesh,East Nimar,744494,2848,672,0,2007,0
India,Madhya Pradesh,Guna,629701,209,67,0,2007,0
India,Madhya Pradesh,Gwalior,458064,63,10,0,2007,0
India,Madhya Pradesh,Harda,331452,2518,1267,0,2007,1
India,Madhya Pradesh,Hoshangabad,670862,79045,47640,16,2007,2
India,Madhya Pradesh,Indore,390867,572,403,0,2007,0
India,Madhya Pradesh,Jabalpur,401166,8857,5026,2,2007,29
India,Madhya Pradesh,Jhabua,342698,9,2,0,2007,0
India,Madhya Pradesh,Katni,616355,20446,11180,17,2007,11
India,Madhya Pradesh,Mandla,677220,93818,90165,22,2007,24
India,Madhya Pradesh,Mandsaur,563118,66,10,0,2007,0
India,Madhya Pradesh,Morena,498479,60,23,2,2007,1
India,Madhya Pradesh,Narsimhapur,514459,17516,13262,4,2007,2
India,Madhya Pradesh,Neemuch,415427,39,11,0,2007,1
India,Madhya Pradesh,Panna,711358,11942,7857,13,2007,0
India,Madhya Pradesh,Raisen,849516,17063,21246,30,2007,10
India,Madhya Pradesh,Rajgarh,612022,44,39,0,2007,0
India,Madhya Pradesh,Ratlam,481618,33,6,0,2007,0
India,Madhya Pradesh,Rewa,631423,2701,3804,1,2007,0
India,Madhya Pradesh,Sagar,1025228,8268,4206,4,2007,4
India,Madhya Pradesh,Satna,750261,10327,5053,28,2007,0
India,Madhya Pradesh,Sehore,656297,4726,5166,6,2007,1
India,Madhya Pradesh,Seoni,875671,60198,52693,10,2007,98
India,Madhya Pradesh,Shahdol,831826,36032,26519,4,2007,4
India,Madhya Pradesh,Shajapur,352411,38,6,0,2007,0
India,Madhya Pradesh,Sheopur,652461,400,40,0,2007,0
India,Madhya Pradesh,Shivpuri,1046628,407,84,1,2007,0
India,Madhya Pradesh,Sidhi,478016,43220,33835,10,2007,5
India,Madhya Pradesh,Singrauli,578643,24183,22954,3,2007,4
India,Madhya Pradesh,Tikamgarh,506638,22,12,1,2007,0
India,Madhya Pradesh,Ujjain,608217,73,8,0,2007,0
India,Madhya Pradesh,Umaria,372591,32574,20399,10,2007,83
India,Madhya Pradesh,Vidisha,730295,2580,2838,0,2007,0
India,Madhya Pradesh,West Nimar,804393,504,174,0,2007,0
India,Maharashtra,Ahmadnagar,1613065,2155,685,0,2007,0
India,Maharashtra,Akola,551391,121,42,0,2007,1
India,Maharashtra,Amravati,1218596,37188,22756,1,2007,20
India,Maharashtra,Aurangabad,1009310,139,70,0,2007,0
India,Maharashtra,Bhandara,470048,29630,22796,10,2007,23
India,Maharashtra,Bid,1141360,18,8,0,2007,0
India,Maharashtra,Buldana,960383,562,217,0,2007,0
India,Maharashtra,Chandrapur,1130866,38431,26245,6,2007,185
India,Maharashtra,Dhule,716652,292,76,0,2007,0
India,Maharashtra,Garhchiroli,1446063,565777,532217,86,2007,473
India,Maharashtra,Gondiya,463678,77177,66986,14,2007,8
India,Maharashtra,Hingoli,468553,51,13,0,2007,1
India,Maharashtra,Jalgaon,1174820,1357,485,0,2007,0
India,Maharashtra,Jalna,777897,9,3,0,2007,0
India,Maharashtra,Kolhapur,765441,64263,50160,19,2007,5
India,Maharashtra,Latur,723325,84,9,0,2007,0
India,Maharashtra,Mumbai City,6798,2,0,0,2007,0
India,Maharashtra,Mumbai Suburban,41216,913,1816,0,2007,0
India,Maharashtra,Nagpur,992630,17895,13709,2,2007,11
India,Maharashtra,Nanded,1058842,2209,2191,0,2007,2
India,Maharashtra,Nandurbar,593190,1224,128,0,2007,1
India,Maharashtra,Nashik,1550954,2520,769,1,2007,1
India,Maharashtra,Osmanabad,755003,31,8,0,2007,0
India,Maharashtra,Palghar,532756,12058,9783,1,2007,1
India,Maharashtra,Parbhani,632812,56,11,0,2007,0
India,Maharashtra,Pune,1560120,20505,7436,2,2007,1
India,Maharashtra,Raigarh,701070,28536,9898,3,2007,1
India,Maharashtra,Ratnagiri,846264,33833,24447,9,2007,1
India,Maharashtra,Sangli,853492,4437,5233,0,2007,0
India,Maharashtra,Satara,1046855,27561,26313,2,2007,2
India,Maharashtra,Sindhudurg,517121,96181,50568,62,2007,101
India,Maharashtra,Solapur,1486719,67,13,0,2007,0
India,Maharashtra,Thane,423883,6043,3295,1,2007,0
India,Maharashtra,Wardha,630912,578,35,0,2007,4
India,Maharashtra,Washim,519150,104,20,0,2007,1
India,Maharashtra,Yavatmal,1352653,1395,760,0,2007,2
India,Manipur,Bishnupur,48080,1740,2108,41,2007,2
India,Manipur,Chandel,318641,269516,271928,8411,2007,823
India,Manipur,Churachandpur,471866,405634,397101,9196,2007,979
India,Manipur,Imphal East,59830,18726,19984,132,2007,37
India,Manipur,Imphal West,48793,4009,4525,57,2007,16
India,Manipur,Senapati,348452,241261,254278,1584,2007,468
India,Manipur,Tamenglong,419673,386378,366470,6339,2007,903
India,Manipur,Thoubal,71407,6569,8341,90,2007,19
India,Manipur,Ukhrul,445329,369843,383303,7931,2007,1029
India,Meghalaya,East Garo Hills,218567,179466,163589,2813,2007,623
India,Meghalaya,East Khasi Hills,286198,179569,180921,716,2007,767
India,Meghalaya,Jaintia Hills,382407,272720,268991,1754,2007,1208
India,Meghalaya,North Garo Hills,61123,40202,33277,175,2007,112
India,Meghalaya,Ri Bhoi,238512,190725,179250,1685,2007,689
India,Meghalaya,South Garo Hills,184901,162994,155050,2463,2007,717
India,Meghalaya,South West Garo Hills,51848,24712,19344,485,2007,72
India,Meghalaya,South West Khasi Hills,142031,101167,99795,938,2007,355
India,Meghalaya,West Garo Hills,304369,219605,181181,3872,2007,633
India,Meghalaya,West Khasi Hills,381666,312728,311386,4233,2007,1474
India,Mizoram,Aizawl,345326,318685,295653,4861,2007,420
India,Mizoram,Champhai,343485,298619,288526,12121,2007,387
India,Mizoram,Kolasib,134891,125638,118388,885,2007,152
India,Mizoram,Lawangtlai,204674,176551,164321,660,2007,37
India,Mizoram,Lunglei,455319,422560,390114,2812,2007,93
India,Mizoram,Mamit,307947,293143,271709,1490,2007,575
India,Mizoram,Saiha,197696,179646,171250,965,2007,0
India,Mizoram,Serchhip,135837,117116,110274,2492,2007,17
India,NCT of Delhi,West,150220,263,122,2,2007,3
India,Nagaland,Dimapur,86683,48008,47284,567,2007,91
India,Nagaland,Kiphire,112226,76884,81496,2438,2007,262
India,Nagaland,Kohima,131049,113206,112344,1181,2007,349
India,Nagaland,Longleng,58857,46310,45195,3993,2007,319
India,Nagaland,Mokokchung,160570,135765,136223,9544,2007,994
India,Nagaland,Mon,216824,175757,171643,8986,2007,901
India,Nagaland,Peren,168370,153322,150576,3445,2007,498
India,Nagaland,Phek,191044,138636,151738,1311,2007,167
India,Nagaland,Tuensang,214332,163570,160823,6000,2007,578
India,Nagaland,Wokha,162641,134385,131483,3190,2007,431
India,Nagaland,Zunheboto,157366,124499,128062,3311,2007,385
India,Odisha,Anugul,637420,147440,91636,6,2007,55
India,Odisha,Balangir,657722,21125,7843,4,2007,23
India,Odisha,Baleshwar,370526,8669,2339,6,2007,2
India,Odisha,Bargarh,580584,19856,11873,4,2007,33
India,Odisha,Bauda,312387,94961,69469,32,2007,26
India,Odisha,Bhadrak,245295,122,18,0,2007,0
India,Odisha,Cuttack,394435,20532,6500,0,2007,21
India,Odisha,Debagarh,281405,60859,46069,4,2007,12
India,Odisha,Dhenkanal,448128,34340,12465,2,2007,24
India,Odisha,Gajapati,406805,163314,117932,87,2007,545
India,Odisha,Ganjam,838046,161507,109710,36,2007,369
India,Odisha,Jagatsinghapur,167105,77,12,0,2007,0
India,Odisha,Jajapur,290367,4074,2310,0,2007,3
India,Odisha,Jharsuguda,212024,2842,3758,3,2007,1
India,Odisha,Kalahandi,791570,160738,107293,624,2007,953
India,Odisha,Kandhamal,806513,442907,364535,2967,2007,1307
India,Odisha,Kendrapara,248250,58,13,0,2007,0
India,Odisha,Kendujhar,832369,111738,67637,33,2007,284
India,Odisha,Khordha,275639,15903,4978,0,2007,8
India,Odisha,Koraput,858243,105476,88021,115,2007,250
India,Odisha,Malkangiri,583117,122556,79929,54,2007,356
India,Odisha,Mayurbhanj,1045106,220030,163423,8,2007,45
India,Odisha,Nabarangapur,530817,29098,20600,10,2007,285
India,Odisha,Nayagarh,389939,120024,62714,2,2007,48
India,Odisha,Nuapada,387082,32953,24937,1,2007,19
India,Odisha,Puri,350223,376,36,0,2007,1
India,Odisha,Rayagada,738185,215343,153190,295,2007,1122
India,Odisha,Sambalpur,674416,168907,136091,9,2007,30
India,Odisha,Subarnapur,236169,5721,2533,0,2007,2
India,Odisha,Sundargarh,973917,188647,158696,17,2007,59
India,Puducherry,Karaikal,19216,35,308,2,2007,0
India,Puducherry,Mahe,12834,6855,4980,6,2007,14
India,Puducherry,Puducherry,19529,19,264,2,2007,0
India,Puducherry,Yanam,3154,2,5,0,2007,0
India,Punjab,Amritsar,261222,377,432,6,2007,1
India,Punjab,Barnala,148257,320,4,0,2007,2
India,Punjab,Bathinda,336278,139,7,0,2007,1
India,Punjab,Faridkot,144767,75,0,0,2007,0
India,Punjab,Fatehgarh Sahib,117323,202,191,1,2007,0
India,Punjab,Fazilka,271964,87,3,0,2007,2
India,Punjab,Firozpur,250041,642,145,1,2007,2
India,Punjab,Gurdaspur,257822,347,502,8,2007,2
India,Punjab,Hoshiarpur,336023,36187,35452,102,2007,17
India,Punjab,Jalandhar,260276,36,24,0,2007,0
India,Punjab,Kapurthala,165789,563,284,4,2007,3
India,Punjab,Ludhiana,356965,1649,860,6,2007,11
India,Punjab,Mansa,220700,33,18,0,2007,0
India,Punjab,Moga,230248,779,15,0,2007,3
India,Punjab,Muktsar,259888,35,2,0,2007,1
India,Punjab,Pathankot,99880,11476,11764,118,2007,18
India,Punjab,Patiala,333599,1592,2279,9,2007,2
India,Punjab,Rupnagar,138152,10695,8336,44,2007,19
India,Punjab,Sahibzada Ajit Singh Nagar,108846,7882,7151,18,2007,11
India,Punjab,Sangrur,360325,296,209,2,2007,1
India,Punjab,Shahid Bhagat Singh Nagar,129603,1155,1502,10,2007,2
India,Punjab,Tarn Taran,234611,133,163,3,2007,1
India,Rajasthan,Ajmer,864832,2,0,0,2007,0
India,Rajasthan,Alwar,829131,4301,1955,46,2007,4
India,Rajasthan,Banswara,448765,44,12,0,2007,0
India,Rajasthan,Baran,682336,75,3,0,2007,0
India,Rajasthan,Barmer,2831742,0,0,0,2007,0
India,Rajasthan,Bharatpur,505079,543,402,7,2007,29
India,Rajasthan,Bhilwara,1044866,8,1,0,2007,0
India,Rajasthan,Bikaner,2692523,0,0,0,2007,0
India,Rajasthan,Bundi,557361,18,0,0,2007,0
India,Rajasthan,Chittaurgarh,757295,38,1,2,2007,0
India,Rajasthan,Churu,1705000,0,0,0,2007,0
India,Rajasthan,Dausa,358982,21,32,7,2007,0
India,Rajasthan,Dhaulpur,302532,43,20,0,2007,0
India,Rajasthan,Dungarpur,377631,12,2,0,2007,0
India,Rajasthan,Ganganagar,1166503,18,0,0,2007,0
India,Rajasthan,Hanumangarh,890122,1,0,0,2007,0
India,Rajasthan,Jaipur,1124440,250,114,5,2007,0
India,Rajasthan,Jaisalmer,3857174,0,0,0,2007,0
India,Rajasthan,Jalor,1070386,0,0,0,2007,0
India,Rajasthan,Jhalawar,624795,16,3,0,2007,0
India,Rajasthan,Jhunjhunun,591310,12,1,0,2007,0
India,Rajasthan,Jodhpur,2280202,0,0,0,2007,0
India,Rajasthan,Karauli,518220,40,116,12,2007,0
India,Rajasthan,Kota,550289,41,2,0,2007,0
India,Rajasthan,Nagaur,1764675,0,0,0,2007,0
India,Rajasthan,Pali,1232336,32,15,0,2007,0
India,Rajasthan,Pratapgarh,429766,62,16,0,2007,0
India,Rajasthan,Rajsamand,459177,100,85,0,2007,0
India,Rajasthan,Sawai Madhopur,467033,63,1,0,2007,0
India,Rajasthan,Sikar,768138,15,1,0,2007,0
India,Rajasthan,Sirohi,513533,1992,324,0,2007,0
India,Rajasthan,Tonk,723904,3,0,0,2007,0
India,Rajasthan,Udaipur,1200020,4288,1011,0,2007,3
India,Sikkim,East Sikkim,94656,54725,57243,28,2007,16
India,Sikkim,North Sikkim,424153,101793,94756,14,2007,29
India,Sikkim,South Sikkim,73171,39736,43238,6,2007,35
India,Sikkim,West Sikkim,116327,54197,58525,22,2007,17
India,Tamil Nadu,Ariyalur,195050,179,123,6,2007,2
India,Tamil Nadu,Chennai,19496,24,49,0,2007,0
India,Tamil Nadu,Coimbatore,381876,106394,99049,630,2007,59
India,Tamil Nadu,Cuddalore,381529,567,3119,30,2007,3
India,Tamil Nadu,Dharmapuri,451289,60229,40216,20,2007,6
India,Tamil Nadu,Dindigul,605693,131707,117953,1393,2007,166
India,Tamil Nadu,Erode,597195,110441,75879,31,2007,13
India,Tamil Nadu,Kancheepuram,465580,884,432,2,2007,5
India,Tamil Nadu,Kanniyakumari,159095,94368,73746,729,2007,362
India,Tamil Nadu,Karur,288912,2034,1747,16,2007,1
India,Tamil Nadu,Krishnagiri,513456,22659,9827,20,2007,4
India,Tamil Nadu,Madurai,368763,20142,12710,87,2007,12
India,Tamil Nadu,Nagappattinam,240430,2545,5577,43,2007,7
India,Tamil Nadu,Namakkal,340077,26491,18764,75,2007,30
India,Tamil Nadu,Perambalur,175214,6038,4306,0,2007,1
India,Tamil Nadu,Pudukkottai,469005,429,2027,35,2007,2
India,Tamil Nadu,Ramanathapuram,426072,1106,1433,4,2007,7
India,Tamil Nadu,Salem,521044,69377,48800,162,2007,41
India,Tamil Nadu,Sivaganga,406634,719,2896,40,2007,2
India,Tamil Nadu,Thanjavur,339136,6027,5306,127,2007,74
India,Tamil Nadu,The Nilgiris,254621,161439,142481,976,2007,637
India,Tamil Nadu,Theni,284519,68470,59469,295,2007,49
India,Tamil Nadu,Thiruvallur,330691,878,6890,14,2007,3
India,Tamil Nadu,Thiruvarur,251518,5829,11729,55,2007,6
India,Tamil Nadu,Thoothukkudi,471255,7328,2740,17,2007,11
India,Tamil Nadu,Tiruchirappalli,450426,19990,12920,64,2007,15
India,Tamil Nadu,Tirunelveli,677048,122641,101337,292,2007,138
India,Tamil Nadu,Tiruppur,579045,35152,29946,129,2007,33
India,Tamil Nadu,Tiruvannamalai,618357,53147,39589,7,2007,14
India,Tamil Nadu,Vellore,606757,52516,36387,13,2007,24
India,Tamil Nadu,Viluppuram,729374,26944,21438,82,2007,20
India,Tamil Nadu,Virudunagar,428927,13827,9721,44,2007,24
India,Telangana,Adilabad,1604386,43451,45576,1,2007,70
India,Telangana,Hyderabad,17802,7,0,0,2007,0
India,Telangana,Karimnagar,1190025,33293,27498,4,2007,66
India,Telangana,Khammam,1610018,420082,323300,263,2007,2079
India,Telangana,Mahbubnagar,1837327,16103,10164,7,2007,1
India,Telangana,Medak,975732,310,48,0,2007,3
India,Telangana,Nalgonda,1409411,393,362,55,2007,3
India,Telangana,Nizamabad,790786,5468,3355,0,2007,14
India,Telangana,Ranga Reddy,754836,86,8,0,2007,1
India,Telangana,Warangal,1280889,144423,93032,23,2007,315
India,Tripura,Dhalai,243285,196775,179288,243,2007,1461
India,Tripura,Gomati,141064,92622,78803,92,2007,886
India,Tripura,Khowai,103448,64933,53587,77,2007,883
India,Tripura,North Tripura,131984,95513,85079,207,2007,516
India,Tripura,Sipahijala,102396,44035,31352,173,2007,386
India,Tripura,South Tripura,152454,84216,68592,115,2007,823
India,Tripura,Unokoti,77444,50734,41125,90,2007,453
India,Tripura,West Tripura,101551,40464,31891,180,2007,356
India,Uttar Pradesh,Agra,352635,1111,433,9,2007,5
India,Uttar Pradesh,Aligarh,386530,269,234,2,2007,2
India,Uttar Pradesh,Allahabad,514803,109,1798,87,2007,1
India,Uttar Pradesh,Ambedkar Nagar,232472,190,2167,34,2007,2
India,Uttar Pradesh,Amethi,330740,180,3026,42,2007,1
India,Uttar Pradesh,Amroha,251713,225,224,9,2007,3
India,Uttar Pradesh,Auraiya,217850,52,54,2,2007,1
India,Uttar Pradesh,Azamgarh,389662,399,3073,53,2007,6
India,Uttar Pradesh,Baghpat,133245,118,759,29,2007,2
India,Uttar Pradesh,Bahraich,368710,29878,23583,83,2007,9
India,Uttar Pradesh,Ballia,300802,152,3476,22,2007,0
India,Uttar Pradesh,Balrampur,336719,42532,40338,194,2007,22
India,Uttar Pradesh,Banda,451968,158,1145,3,2007,0
India,Uttar Pradesh,Barabanki,443233,439,1197,33,2007,4
India,Uttar Pradesh,Bareilly,378328,72,251,10,2007,0
India,Uttar Pradesh,Basti,251766,171,697,7,2007,2
India,Uttar Pradesh,Bijnor,431434,15649,15499,108,2007,13
India,Uttar Pradesh,Budaun,420899,86,113,4,2007,0
India,Uttar Pradesh,Bulandshahr,357886,101,37,3,2007,2
India,Uttar Pradesh,Chandauli,253552,1556,7401,189,2007,2
India,Uttar Pradesh,Chitrakoot,308393,5790,5255,26,2007,0
India,Uttar Pradesh,Deoria,255677,321,1221,10,2007,2
India,Uttar Pradesh,Etah,250079,120,115,2,2007,1
India,Uttar Pradesh,Etawah,215276,531,454,13,2007,2
India,Uttar Pradesh,Faizabad,209951,186,856,18,2007,1
India,Uttar Pradesh,Farrukhabad,218442,353,417,3,2007,3
India,Uttar Pradesh,Fatehpur,417684,14,65,2,2007,0
India,Uttar Pradesh,Firozabad,284638,426,155,4,2007,0
India,Uttar Pradesh,Gautam Buddha Nagar,138611,8,7,0,2007,0
India,Uttar Pradesh,Ghaziabad,87238,15,36,0,2007,0
India,Uttar Pradesh,Ghazipur,338598,527,9953,117,2007,1
India,Uttar Pradesh,Gonda,400797,3583,5474,28,2007,19
India,Uttar Pradesh,Gorakhpur,306670,1170,2561,17,2007,3
India,Uttar Pradesh,Hamirpur,426283,251,26,1,2007,0
India,Uttar Pradesh,Hapur,110314,33,25,1,2007,1
India,Uttar Pradesh,Hardoi,601016,1430,532,44,2007,24
India,Uttar Pradesh,Hathras,162087,113,52,1,2007,1
India,Uttar Pradesh,Jalaun,456365,32,4,0,2007,0
India,Uttar Pradesh,Jaunpur,403582,104,1442,23,2007,2
India,Uttar Pradesh,Jhansi,506579,161,35,0,2007,1
India,Uttar Pradesh,Kannauj,207454,139,16,3,2007,2
India,Uttar Pradesh,Kanpur Dehat,316373,26,84,4,2007,0
India,Uttar Pradesh,Kanpur Nagar,292815,65,55,1,2007,1
India,Uttar Pradesh,Kasganj,197603,280,150,2,2007,3
India,Uttar Pradesh,Kaushambi,210356,11,338,8,2007,0
India,Uttar Pradesh,Kushinagar,288811,531,749,2,2007,1
India,Uttar Pradesh,Lakhimpur Kheri,770148,94748,78902,302,2007,62
India,Uttar Pradesh,Lalitpur,504678,2496,623,4,2007,1
India,Uttar Pradesh,Lucknow,253976,1160,1453,103,2007,30
India,Uttar Pradesh,Maharajganj,318731,31937,35386,72,2007,9
India,Uttar Pradesh,Mahoba,283604,111,116,1,2007,0
India,Uttar Pradesh,Mainpuri,275040,148,137,4,2007,1
India,Uttar Pradesh,Mathura,337399,304,568,2,2007,4
India,Uttar Pradesh,Mau,206654,176,2088,15,2007,1
India,Uttar Pradesh,Meerut,260507,729,710,4,2007,3
India,Uttar Pradesh,Mirzapur,451742,76,126,2,2007,0
India,Uttar Pradesh,Moradabad,210602,62,167,8,2007,1
India,Uttar Pradesh,Muzaffarnagar,273061,336,1206,27,2007,2
India,Uttar Pradesh,Pilibhit,359157,51081,50411,89,2007,11
India,Uttar Pradesh,Pratapgarh,371568,115,984,17,2007,0
India,Uttar Pradesh,Rae Bareli,327076,73,496,10,2007,1
India,Uttar Pradesh,Rampur,257084,3333,3481,26,2007,1
India,Uttar Pradesh,Saharanpur,372025,19899,17358,50,2007,5
India,Uttar Pradesh,Sambhal,213644,19,1,0,2007,0
India,Uttar Pradesh,Sant Kabir Nagar,132684,182,964,16,2007,1
India,Uttar Pradesh,Sant Ravi Das Nagar,100916,16,181,8,2007,0
India,Uttar Pradesh,Shahjahanpur,465191,5698,5281,29,2007,2
India,Uttar Pradesh,Shamli,131834,222,327,10,2007,3
India,Uttar Pradesh,Shravasti,315223,29554,26449,126,2007,24
India,Uttar Pradesh,Siddharth Nagar,347860,721,2477,9,2007,2
India,Uttar Pradesh,Sitapur,578044,1843,905,175,2007,40
India,Uttar Pradesh,Sonbhadra,678916,4879,1358,2,2007,1
India,Uttar Pradesh,Sultanpur,246165,90,1438,16,2007,0
India,Uttar Pradesh,Unnao,459854,243,709,46,2007,4
India,Uttar Pradesh,Varanasi,155118,54,47,2,2007,1
India,Uttarakhand,Almora,310201,112210,83294,188,2007,4
India,Uttarakhand,Bageshwar,228123,79668,58991,4,2007,3
India,Uttarakhand,Chamoli,792867,192909,152828,19,2007,12
India,Uttarakhand,Champawat,168452,118482,115597,521,2007,27
India,Uttarakhand,Dehradun,306702,156029,150809,52,2007,18
India,Uttarakhand,Garhwal,545564,291677,261345,120,2007,13
India,Uttarakhand,Hardwar,238572,25703,24158,211,2007,6
India,Uttarakhand,Nainital,406379,297778,287829,3809,2007,722
India,Uttarakhand,Pithoragarh,732913,124243,89944,33,2007,23
India,Uttarakhand,Rudraprayag,121405,46549,38960,6,2007,2
India,Uttarakhand,Tehri Garhwal,438890,216898,212079,72,2007,24
India,Uttarakhand,Udham Singh Nagar,286233,54957,57103,955,2007,64
India,Uttarakhand,Uttarkashi,804550,231737,198289,63,2007,97
India,West Bengal,Alipurduar,280176,118440,83490,660,2007,1029
India,West Bengal,Bankura,696472,423,15,27,2007,6
India,West Bengal,Barddhaman,704144,190,172,4,2007,0
India,West Bengal,Birbhum,455570,7,96,1,2007,0
India,West Bengal,Dakshin Dinajpur,211766,122,160,1,2007,1
India,West Bengal,Darjiling,314436,152184,156762,399,2007,183
India,West Bengal,Haora,144036,1435,922,2,2007,1
India,West Bengal,Hugli,315210,1188,244,0,2007,1
India,West Bengal,Jalpaiguri,338376,67359,49856,480,2007,191
India,West Bengal,Koch Bihar,338718,14449,8297,172,2007,49
India,West Bengal,Kolkata,9162,35,3,0,2007,0
India,West Bengal,Maldah,361110,212,147,10,2007,3
India,West Bengal,Murshidabad,541121,357,173,3,2007,1
India,West Bengal,Nadia,392088,2000,790,1,2007,1
India,West Bengal,North 24 Parganas,581554,35148,26531,0,2007,1
India,West Bengal,Pashchim Medinipur,940038,1560,174,72,2007,12
India,West Bengal,Purba Medinipur,398147,850,253,1,2007,3
India,West Bengal,Puruliya,625675,3124,117,1,2007,1
India,West Bengal,South 24 Parganas,552715,4568,3307,0,2007,0
India,West Bengal,Uttar Dinajpur,336010,4269,375,208,2007,20
India,Andaman and Nicobar,Nicobar Islands,172679,147634,144925,1587,2008,161
India,Andaman and Nicobar,North and Middle Andaman,340652,310759,308793,2600,2008,1426
India,Andaman and Nicobar,South Andaman,247753,226008,225722,1658,2008,151
India,Andhra Pradesh,Anantapur,1922649,517,111,14,2008,0
India,Andhra Pradesh,Chittoor,1516880,81831,56859,218,2008,26
India,Andhra Pradesh,East Godavari,1075476,310205,284237,537,2008,955
India,Andhra Pradesh,Guntur,1141089,23783,57053,211,2008,45
India,Andhra Pradesh,Krishna,861607,17233,32054,57,2008,26
India,Andhra Pradesh,Kurnool,1777836,59574,40932,15,2008,10
India,Andhra Pradesh,Nellore,1301782,20837,28123,480,2008,17
India,Andhra Pradesh,Prakasam,1779564,79027,62790,158,2008,19
India,Andhra Pradesh,Srikakulam,627635,32693,20281,49,2008,58
India,Andhra Pradesh,Visakhapatnam,1137192,300879,241668,501,2008,1269
India,Andhra Pradesh,Vizianagaram,572603,49147,37843,36,2008,137
India,Andhra Pradesh,West Godavari,775702,60575,58435,159,2008,225
India,Andhra Pradesh,Y.S.R.,1514967,69611,78628,109,2008,6
India,Arunachal Pradesh,Anjaw,651942,398495,369756,869,2008,145
India,Arunachal Pradesh,Changlang,503616,438332,431075,2788,2008,1221
India,Arunachal Pradesh,Dibang Valley,751403,391182,373790,461,2008,40
India,Arunachal Pradesh,East Kameng,409167,390145,385591,1758,2008,442
India,Arunachal Pradesh,East Siang,361698,290410,288417,3988,2008,1124
India,Arunachal Pradesh,Kurung Kumey,572190,445717,424968,1687,2008,161
India,Arunachal Pradesh,Lohit,344025,271516,266067,3990,2008,753
India,Arunachal Pradesh,Longding,93352,78346,76441,3641,2008,420
India,Arunachal Pradesh,Lower Dibang Valley,556430,415248,395777,2827,2008,814
India,Arunachal Pradesh,Lower Subansiri,378817,360577,353607,3121,2008,655
India,Arunachal Pradesh,Namsai,42486,17668,16789,468,2008,177
India,Arunachal Pradesh,Papum Pare,353251,332915,327083,1728,2008,697
India,Arunachal Pradesh,Tawang,215022,101851,91644,88,2008,23
India,Arunachal Pradesh,Tirap,109276,100278,97211,1525,2008,327
India,Arunachal Pradesh,Upper Siang,701634,542210,539323,2566,2008,645
India,Arunachal Pradesh,Upper Subansiri,641172,508012,470378,3444,2008,806
India,Arunachal Pradesh,West Kameng,734287,551070,545555,897,2008,307
India,Arunachal Pradesh,West Siang,779775,673340,659039,11997,2008,2247
India,Assam,Baksa,239364,50158,45466,75,2008,153
India,Assam,Barpeta,227857,10844,13386,12,2008,7
India,Assam,Bongaigaon,112362,15343,13976,40,2008,14
India,Assam,Cachar,378676,219197,215588,598,2008,540
India,Assam,Chirang,118891,44423,42350,24,2008,45
India,Assam,Darrang,159926,7656,4845,26,2008,7
India,Assam,Dhemaji,253740,39030,37503,185,2008,181
India,Assam,Dhubri,278096,35918,17751,73,2008,739
India,Assam,Dibrugarh,339191,84744,77617,1595,2008,656
India,Assam,Dima Hasao,490917,434941,406980,6766,2008,1596
India,Assam,Goalpara,190100,21348,19886,58,2008,93
India,Assam,Golaghat,352585,49848,45910,1026,2008,273
India,Assam,Hailakandi,133352,68651,62917,273,2008,148
India,Assam,Jorhat,283776,49292,45600,943,2008,395
India,Assam,Kamrup,330488,96479,91075,288,2008,342
India,Assam,Kamrup Metropolitan,79666,28785,22733,100,2008,67
India,Assam,Karbi Anglong,1042664,789948,763795,6958,2008,5239
India,Assam,Karimganj,183306,74681,67823,235,2008,176
India,Assam,Kokrajhar,328978,109051,92428,155,2008,1672
India,Assam,Lakhimpur,295203,53192,50368,413,2008,233
India,Assam,Morigaon,155363,10518,9080,25,2008,39
India,Assam,Nagaon,399001,77488,72138,443,2008,338
India,Assam,Nalbari,107600,11154,12942,2,2008,3
India,Assam,Sivasagar,263352,66061,58876,1211,2008,450
India,Assam,Sonitpur,528686,98395,84143,2521,2008,1072
India,Assam,Tinsukia,379304,170120,170440,5279,2008,712
India,Assam,Udalguri,196790,32871,19883,548,2008,668
India,Bihar,Araria,281932,561,922,4,2008,1
India,Bihar,Arwal,66615,392,1880,14,2008,0
India,Bihar,Aurangabad,328198,875,630,5,2008,0
India,Bihar,Banka,309145,51,10,0,2008,0
India,Bihar,Begusarai,193928,196,271,1,2008,1
India,Bihar,Bhagalpur,256033,66,498,6,2008,0
India,Bihar,Bhojpur,237388,5464,22320,279,2008,1
India,Bihar,Buxar,170992,2040,5315,96,2008,3
India,Bihar,Darbhanga,228940,969,2839,15,2008,2
India,Bihar,Gaya,496554,2110,2748,2,2008,1
India,Bihar,Gopalganj,204094,175,2320,12,2008,2
India,Bihar,Jamui,308302,8863,2972,0,2008,0
India,Bihar,Jehanabad,93892,169,297,3,2008,2
India,Bihar,Kaimur,335075,4156,7422,89,2008,2
India,Bihar,Katihar,306233,107,223,8,2008,1
India,Bihar,Khagaria,149147,67,103,1,2008,0
India,Bihar,Kishanganj,193427,624,158,27,2008,4
India,Bihar,Lakhisarai,133641,7420,2606,11,2008,2
India,Bihar,Madhepura,183827,64,219,3,2008,0
India,Bihar,Madhubani,344146,3316,7618,25,2008,3
India,Bihar,Munger,136969,13748,10808,56,2008,1
India,Bihar,Muzaffarpur,318646,437,5012,8,2008,3
India,Bihar,Nalanda,233710,439,1645,4,2008,1
India,Bihar,Nawada,248578,9253,10478,1,2008,0
India,Bihar,Pashchim Champaran,523188,80413,80361,123,2008,41
India,Bihar,Patna,320539,1515,8189,38,2008,3
India,Bihar,Purba Champaran,399105,710,4891,6,2008,0
India,Bihar,Purnia,324600,128,133,6,2008,0
India,Bihar,Rohtas,386837,6235,7191,116,2008,1
India,Bihar,Saharsa,168897,153,215,4,2008,0
India,Bihar,Samastipur,290579,137,388,1,2008,0
India,Bihar,Saran,264523,223,3009,6,2008,0
India,Bihar,Sheikhpura,60405,9,18,0,2008,0
India,Bihar,Sheohar,57459,302,1358,6,2008,0
India,Bihar,Sitamarhi,205458,584,3341,7,2008,1
India,Bihar,Siwan,222545,223,3506,14,2008,1
India,Bihar,Supaul,238732,1517,2457,18,2008,10
India,Bihar,Vaishali,200961,132,1190,3,2008,0
India,Chandigarh,Chandigarh,11812,702,935,10,2008,2
India,Chhattisgarh,Balod,275414,16919,25869,3,2008,2
India,Chhattisgarh,Baloda Bazar,468572,25143,46646,1,2008,10
India,Chhattisgarh,Balrampur,633124,115996,64274,6,2008,20
India,Chhattisgarh,Bastar,591945,130358,118812,8,2008,322
India,Chhattisgarh,Bemetara,286904,44,29,0,2008,0
India,Chhattisgarh,Bijapur,879329,540837,498772,158,2008,243
India,Chhattisgarh,Bilaspur,555476,52822,34569,2,2008,51
India,Chhattisgarh,Dantewada,298090,88405,78733,17,2008,75
India,Chhattisgarh,Dhamtari,406306,84698,87870,1,2008,37
India,Chhattisgarh,Durg,298982,30,22,0,2008,0
India,Chhattisgarh,Gariaband,422957,110487,99238,1,2008,187
India,Chhattisgarh,Janjgir-Champa,387475,812,532,0,2008,7
India,Chhattisgarh,Jashpur,582341,73535,52235,2,2008,4
India,Chhattisgarh,Kabeerdham,422230,68990,63598,13,2008,84
India,Chhattisgarh,Kondagaon,509911,101269,93982,6,2008,95
India,Chhattisgarh,Korba,660932,134282,84264,2,2008,67
India,Chhattisgarh,Koriya,663712,115888,79594,1,2008,11
India,Chhattisgarh,Mahasamund,475380,7215,13348,3,2008,9
India,Chhattisgarh,Mungeli,278450,74732,52071,3,2008,20
India,Chhattisgarh,Narayanpur,392992,271260,249478,446,2008,123
India,Chhattisgarh,Raigarh,708412,55534,39766,4,2008,21
India,Chhattisgarh,Raipur,353390,370,888,0,2008,3
India,Chhattisgarh,Rajnandgaon,806554,113121,117362,50,2008,119
India,Chhattisgarh,Sukma,525060,150881,108640,44,2008,131
India,Chhattisgarh,Surajpur,544120,70867,40372,1,2008,12
India,Chhattisgarh,Surguja,399359,51150,32745,1,2008,16
India,Chhattisgarh,Uttar Bastar Kanker,715735,207926,200686,55,2008,261
India,Dadra and Nagar Haveli,Dadra and Nagar Haveli,49152,457,259,0,2008,0
India,Daman and Diu,Daman,5831,17,3,0,2008,0
India,Daman and Diu,Diu,2523,0,0,0,2008,0
India,Goa,North Goa,170604,41915,26028,1,2008,9
India,Goa,South Goa,198964,104551,90798,89,2008,61
India,Gujarat,Ahmadabad,773436,60,8,0,2008,0
India,Gujarat,Amreli,735510,5,1,0,2008,0
India,Gujarat,Anand,287832,46,7,0,2008,0
India,Gujarat,Aravalli,325245,10,2,1,2008,0
India,Gujarat,Banas Kantha,1061522,121,10,0,2008,0
India,Gujarat,Bharuch,543453,105,9,0,2008,0
India,Gujarat,Bhavnagar,677448,95,19,0,2008,0
India,Gujarat,Botad,162060,0,0,0,2008,0
India,Gujarat,Chhota Udaipur,368590,52,26,0,2008,0
India,Gujarat,Dahod,385651,310,44,0,2008,10
India,Gujarat,Devbhumi Dwarka,456016,17,0,0,2008,0
India,Gujarat,Gandhinagar,172338,1,0,0,2008,0
India,Gujarat,Gir Somnath,170164,15,1,6,2008,0
India,Gujarat,Jamnagar,670502,34,0,0,2008,0
India,Gujarat,Junagadh,702843,487,174,1,2008,0
India,Gujarat,Kachchh,4220838,33,2,0,2008,0
India,Gujarat,Kheda,398303,30,1,0,2008,0
India,Gujarat,Mahesana,438831,2,0,0,2008,0
India,Gujarat,Mahisagar,233539,11,4,0,2008,0
India,Gujarat,Morbi,481031,12,1,0,2008,0
India,Gujarat,Narmada,256838,2533,447,0,2008,3
India,Gujarat,Navsari,218334,1297,1294,0,2008,0
India,Gujarat,Panch Mahals,267704,27,16,0,2008,0
India,Gujarat,Patan,601243,0,0,0,2008,0
India,Gujarat,Porbandar,231056,39,0,0,2008,0
India,Gujarat,Rajkot,760630,17,2,0,2008,0
India,Gujarat,Sabar Kantha,418769,132,29,0,2008,0
India,Gujarat,Surat,439791,623,281,0,2008,0
India,Gujarat,Surendranagar,920266,180,26,0,2008,0
India,Gujarat,Tapi,314442,1563,620,0,2008,0
India,Gujarat,The Dangs,171142,8716,2274,0,2008,4
India,Gujarat,Vadodara,405249,9,1,0,2008,0
India,Gujarat,Valsad,301394,1346,1722,0,2008,0
India,Haryana,Ambala,175294,1380,1576,18,2008,4
India,Haryana,Bhiwani,463529,56,11,0,2008,1
India,Haryana,Faridabad,125761,80,174,8,2008,0
India,Haryana,Fatehabad,239977,13,54,0,2008,0
India,Haryana,Gurgaon,128536,169,111,1,2008,2
India,Haryana,Hisar,416939,68,6,0,2008,0
India,Haryana,Jhajjar,211225,135,91,4,2008,0
India,Haryana,Jind,273318,248,78,1,2008,0
India,Haryana,Kaithal,230046,1056,928,1,2008,0
India,Haryana,Karnal,258463,21,7,0,2008,0
India,Haryana,Kurukshetra,183593,445,241,1,2008,1
India,Haryana,Mahendragarh,193665,8,2,0,2008,0
India,Haryana,Mewat,146554,104,138,1,2008,0
India,Haryana,Palwal,90451,89,31,0,2008,0
India,Haryana,Panchkula,73780,27504,25438,39,2008,10
India,Haryana,Panipat,122468,60,365,19,2008,0
India,Haryana,Rewari,125324,47,23,0,2008,0
India,Haryana,Rohtak,168545,79,54,1,2008,1
India,Haryana,Sirsa,423119,4,3,0,2008,0
India,Haryana,Sonipat,221338,63,200,6,2008,0
India,Haryana,Yamunanagar,130521,11018,10477,22,2008,4
India,Himachal Pradesh,Bilaspur,116606,34773,31610,25,2008,4
India,Himachal Pradesh,Chamba,646061,170243,123366,144,2008,31
India,Himachal Pradesh,Hamirpur,112145,49052,45948,54,2008,5
India,Himachal Pradesh,Kangra,570651,231326,216284,499,2008,36
India,Himachal Pradesh,Kinnaur,645578,27943,15186,13,2008,3
India,Himachal Pradesh,Kullu,550194,151529,111321,40,2008,80
India,Himachal Pradesh,Lahul & Spiti,1380877,2610,1146,13,2008,0
India,Himachal Pradesh,Mandi,394812,172547,157589,136,2008,22
India,Himachal Pradesh,Shimla,513204,216911,160881,34,2008,18
India,Himachal Pradesh,Sirmaur,280863,163102,155136,103,2008,26
India,Himachal Pradesh,Solan,195597,92486,78371,65,2008,17
India,Himachal Pradesh,Una,153760,54587,51087,52,2008,14
India,Jammu and Kashmir,Anantnag,270262,74418,54946,33,2008,11
India,Jammu and Kashmir,Badgam,117282,15438,13073,7,2008,6
India,Jammu and Kashmir,Bandipore,252774,47946,34308,14,2008,8
India,Jammu and Kashmir,Baramulla,239201,61349,54085,60,2008,7
India,Jammu and Kashmir,Doda,262526,109809,74548,68,2008,28
India,Jammu and Kashmir,Ganderbal,126196,25483,18496,13,2008,7
India,Jammu and Kashmir,Jammu,214895,22392,18948,26,2008,11
India,Jammu and Kashmir,Kargil,1477323,225,38,11,2008,0
India,Jammu and Kashmir,Kathua,261794,62001,56822,106,2008,9
India,Jammu and Kashmir,Kishtwar,767032,113304,73885,40,2008,21
India,Jammu and Kashmir,Kulgam,134333,25547,24919,33,2008,7
India,Jammu and Kashmir,Kupwara,274748,117992,99047,63,2008,31
India,Jammu and Kashmir,Leh (Ladakh),4908732,62,19,15,2008,0
India,Jammu and Kashmir,Poonch,167356,60015,53733,22,2008,19
India,Jammu and Kashmir,Pulwama,73389,12895,12422,16,2008,2
India,Jammu and Kashmir,Rajouri,254200,83983,69907,19,2008,17
India,Jammu and Kashmir,Ramban,90221,27560,22655,4,2008,5
India,Jammu and Kashmir,Reasi,208383,84644,76285,23,2008,35
India,Jammu and Kashmir,Samba,84362,6928,6182,5,2008,3
India,Jammu and Kashmir,Shupiyan,72418,18029,20804,18,2008,10
India,Jammu and Kashmir,Srinagar,62771,11936,9782,12,2008,1
India,Jammu and Kashmir,Udhampur,245808,91063,77516,68,2008,29
India,Jharkhand,Bokaro,286989,10615,6059,0,2008,1
India,Jharkhand,Chatra,375718,35924,33133,28,2008,12
India,Jharkhand,Deoghar,244100,59,4,0,2008,0
India,Jharkhand,Dhanbad,208382,674,186,0,2008,0
India,Jharkhand,Dumka,377426,3146,665,133,2008,5
India,Jharkhand,Garhwa,407829,29720,12630,28,2008,5
India,Jharkhand,Giridih,499661,8970,5408,1,2008,0
India,Jharkhand,Godda,224195,4067,1254,67,2008,23
India,Jharkhand,Gumla,536525,58922,27871,1,2008,4
India,Jharkhand,Hazaribagh,481712,41777,39730,5,2008,3
India,Jharkhand,Jamtara,180473,8,0,0,2008,0
India,Jharkhand,Khunti,277225,15381,1120,1,2008,3
India,Jharkhand,Kodarma,132242,18562,19552,1,2008,0
India,Jharkhand,Latehar,426444,102907,50236,19,2008,49
India,Jharkhand,Lohardaga,149986,25424,13408,3,2008,16
India,Jharkhand,Pakur,181513,1630,958,66,2008,5
India,Jharkhand,Palamu,445541,18227,12788,29,2008,2
India,Jharkhand,Pashchimi Singhbhum,723098,133283,79138,10,2008,195
India,Jharkhand,Purbi Singhbhum,357770,9110,2382,3,2008,5
India,Jharkhand,Ramgarh,134403,5646,3524,0,2008,2
India,Jharkhand,Ranchi,488387,9234,1856,0,2008,4
India,Jharkhand,Sahibganj,219886,3225,589,93,2008,7
India,Jharkhand,Saraikela-kharsawan,265341,8165,1240,1,2008,4
India,Jharkhand,Simdega,379142,11654,3014,0,2008,1
India,Karnataka,Bagalkot,655258,105,42,0,2008,0
India,Karnataka,Bangalore,217903,162,26,2,2008,1
India,Karnataka,Bangalore Rural,230303,137,33,1,2008,0
India,Karnataka,Belgaum,1333488,49040,38050,38,2008,1
India,Karnataka,Bellary,842531,1836,226,2,2008,5
India,Karnataka,Bidar,543342,52,16,0,2008,0
India,Karnataka,Bijapur,1048432,53,15,0,2008,0
India,Karnataka,Chamrajnagar,565361,116045,83039,42,2008,3
India,Karnataka,Chikballapura,422931,1462,988,3,2008,0
India,Karnataka,Chikmagalur,718838,323326,298783,1150,2008,340
India,Karnataka,Chitradurga,842881,416,8,0,2008,0
India,Karnataka,Dakshina Kannada,456123,281111,231209,638,2008,638
India,Karnataka,Davanagere,660862,6521,346,6,2008,9
India,Karnataka,Dharwad,426092,464,1153,19,2008,1
India,Karnataka,Gadag,463089,15,1,0,2008,0
India,Karnataka,Gulbarga,1096303,48,10,0,2008,0
India,Karnataka,Hassan,679084,84418,62102,312,2008,289
India,Karnataka,Haveri,479411,587,321,15,2008,5
India,Karnataka,Kodagu,409587,308610,267919,818,2008,262
India,Karnataka,Kolar,397159,344,231,1,2008,0
India,Karnataka,Koppal,555591,14,7,7,2008,0
India,Karnataka,Mandya,492564,774,182,11,2008,1
India,Karnataka,Mysore,629741,70536,49242,92,2008,61
India,Karnataka,Raichur,843615,61,51,21,2008,0
India,Karnataka,Ramanagara,350745,2928,356,3,2008,0
India,Karnataka,Shimoga,773369,212771,134060,1093,2008,489
India,Karnataka,Tumkur,1059196,1426,314,7,2008,0
India,Karnataka,Udupi,390213,180568,137247,402,2008,241
India,Karnataka,Uttara Kannada,1027612,632365,575803,389,2008,109
India,Karnataka,Yadgir,526289,10,2,4,2008,0
India,Kerala,Alappuzha,124519,51188,46506,57,2008,29
India,Kerala,Ernakulam,225002,142323,115571,955,2008,168
India,Kerala,Idukki,499006,422964,413423,3789,2008,452
India,Kerala,Kannur,277392,220056,195713,302,2008,456
India,Kerala,Kasaragod,195107,107422,81572,231,2008,365
India,Kerala,Kollam,240436,193294,179738,2383,2008,296
India,Kerala,Kottayam,210255,158914,131488,431,2008,88
India,Kerala,Kozhikode,227197,161134,131968,156,2008,90
India,Kerala,Malappuram,349994,174081,128652,191,2008,180
India,Kerala,Palakkad,447188,216046,180783,692,2008,157
India,Kerala,Pathanamthitta,263424,235819,214996,828,2008,158
India,Kerala,Thiruvananthapuram,204253,153498,127197,1845,2008,326
India,Kerala,Thrissur,294081,191936,170228,866,2008,141
India,Kerala,Wayanad,212196,169547,159045,655,2008,169
India,Lakshadweep,Lakshadweep,3482,0,0,0,2008,0
India,Madhya Pradesh,Agar Malwa,276772,11,3,0,2008,0
India,Madhya Pradesh,Alirajpur,333104,526,41,0,2008,5
India,Madhya Pradesh,Anuppur,202588,5151,2964,0,2008,0
India,Madhya Pradesh,Ashoknagar,472393,353,150,3,2008,0
India,Madhya Pradesh,Balaghat,924893,318150,284474,110,2008,248
India,Madhya Pradesh,Barwani,542445,191,26,0,2008,0
India,Madhya Pradesh,Betul,1006834,44619,12942,15,2008,18
India,Madhya Pradesh,Bhind,447252,37,29,5,2008,0
India,Madhya Pradesh,Bhopal,272180,411,388,1,2008,2
India,Madhya Pradesh,Burhanpur,319674,304,101,0,2008,0
India,Madhya Pradesh,Chhatarpur,871307,9432,10557,37,2008,0
India,Madhya Pradesh,Chhindwara,1180484,47596,33573,19,2008,8
India,Madhya Pradesh,Damoh,735338,4141,3718,2,2008,1
India,Madhya Pradesh,Datia,252254,13,5,0,2008,0
India,Madhya Pradesh,Dewas,695694,683,550,0,2008,1
India,Madhya Pradesh,Dhar,813433,45,48,0,2008,0
India,Madhya Pradesh,Dindori,648866,165015,140518,13,2008,6
India,Madhya Pradesh,East Nimar,744494,2848,672,0,2008,0
India,Madhya Pradesh,Guna,629701,209,67,0,2008,0
India,Madhya Pradesh,Gwalior,458064,63,10,0,2008,0
India,Madhya Pradesh,Harda,331452,2518,1267,0,2008,1
India,Madhya Pradesh,Hoshangabad,670862,79045,47640,16,2008,5
India,Madhya Pradesh,Indore,390867,572,403,0,2008,5
India,Madhya Pradesh,Jabalpur,401166,8857,5026,2,2008,13
India,Madhya Pradesh,Jhabua,342698,9,2,0,2008,0
India,Madhya Pradesh,Katni,616355,20446,11180,17,2008,25
India,Madhya Pradesh,Mandla,677220,93818,90165,22,2008,27
India,Madhya Pradesh,Mandsaur,563118,66,10,0,2008,1
India,Madhya Pradesh,Morena,498479,60,23,2,2008,0
India,Madhya Pradesh,Narsimhapur,514459,17516,13262,4,2008,2
India,Madhya Pradesh,Neemuch,415427,39,11,0,2008,0
India,Madhya Pradesh,Panna,711358,11942,7857,13,2008,1
India,Madhya Pradesh,Raisen,849516,17063,21246,30,2008,7
India,Madhya Pradesh,Rajgarh,612022,44,39,0,2008,1
India,Madhya Pradesh,Ratlam,481618,33,6,0,2008,0
India,Madhya Pradesh,Rewa,631423,2701,3804,1,2008,1
India,Madhya Pradesh,Sagar,1025228,8268,4206,4,2008,6
India,Madhya Pradesh,Satna,750261,10327,5053,28,2008,2
India,Madhya Pradesh,Sehore,656297,4726,5166,6,2008,1
India,Madhya Pradesh,Seoni,875671,60198,52693,10,2008,64
India,Madhya Pradesh,Shahdol,831826,36032,26519,4,2008,13
India,Madhya Pradesh,Shajapur,352411,38,6,0,2008,0
India,Madhya Pradesh,Sheopur,652461,400,40,0,2008,0
India,Madhya Pradesh,Shivpuri,1046628,407,84,1,2008,2
India,Madhya Pradesh,Sidhi,478016,43220,33835,10,2008,2
India,Madhya Pradesh,Singrauli,578643,24183,22954,3,2008,1
India,Madhya Pradesh,Tikamgarh,506638,22,12,1,2008,0
India,Madhya Pradesh,Ujjain,608217,73,8,0,2008,0
India,Madhya Pradesh,Umaria,372591,32574,20399,10,2008,86
India,Madhya Pradesh,Vidisha,730295,2580,2838,0,2008,1
India,Madhya Pradesh,West Nimar,804393,504,174,0,2008,0
India,Maharashtra,Ahmadnagar,1613065,2155,685,0,2008,0
India,Maharashtra,Akola,551391,121,42,0,2008,2
India,Maharashtra,Amravati,1218596,37188,22756,1,2008,26
India,Maharashtra,Aurangabad,1009310,139,70,0,2008,0
India,Maharashtra,Bhandara,470048,29630,22796,10,2008,25
India,Maharashtra,Bid,1141360,18,8,0,2008,0
India,Maharashtra,Buldana,960383,562,217,0,2008,0
India,Maharashtra,Chandrapur,1130866,38431,26245,6,2008,285
India,Maharashtra,Dhule,716652,292,76,0,2008,0
India,Maharashtra,Garhchiroli,1446063,565777,532217,86,2008,421
India,Maharashtra,Gondiya,463678,77177,66986,14,2008,28
India,Maharashtra,Hingoli,468553,51,13,0,2008,0
India,Maharashtra,Jalgaon,1174820,1357,485,0,2008,1
India,Maharashtra,Jalna,777897,9,3,0,2008,0
India,Maharashtra,Kolhapur,765441,64263,50160,19,2008,11
India,Maharashtra,Latur,723325,84,9,0,2008,0
India,Maharashtra,Mumbai City,6798,2,0,0,2008,0
India,Maharashtra,Mumbai Suburban,41216,913,1816,0,2008,0
India,Maharashtra,Nagpur,992630,17895,13709,2,2008,24
India,Maharashtra,Nanded,1058842,2209,2191,0,2008,4
India,Maharashtra,Nandurbar,593190,1224,128,0,2008,1
India,Maharashtra,Nashik,1550954,2520,769,1,2008,0
India,Maharashtra,Osmanabad,755003,31,8,0,2008,0
India,Maharashtra,Palghar,532756,12058,9783,1,2008,0
India,Maharashtra,Parbhani,632812,56,11,0,2008,0
India,Maharashtra,Pune,1560120,20505,7436,2,2008,5
India,Maharashtra,Raigarh,701070,28536,9898,3,2008,3
India,Maharashtra,Ratnagiri,846264,33833,24447,9,2008,3
India,Maharashtra,Sangli,853492,4437,5233,0,2008,0
India,Maharashtra,Satara,1046855,27561,26313,2,2008,2
India,Maharashtra,Sindhudurg,517121,96181,50568,62,2008,90
India,Maharashtra,Solapur,1486719,67,13,0,2008,0
India,Maharashtra,Thane,423883,6043,3295,1,2008,1
India,Maharashtra,Wardha,630912,578,35,0,2008,4
India,Maharashtra,Washim,519150,104,20,0,2008,1
India,Maharashtra,Yavatmal,1352653,1395,760,0,2008,4
India,Manipur,Bishnupur,48080,1740,2108,41,2008,5
India,Manipur,Chandel,318641,269516,271928,8411,2008,1212
India,Manipur,Churachandpur,471866,405634,397101,9196,2008,1223
India,Manipur,Imphal East,59830,18726,19984,132,2008,60
India,Manipur,Imphal West,48793,4009,4525,57,2008,8
India,Manipur,Senapati,348452,241261,254278,1584,2008,812
India,Manipur,Tamenglong,419673,386378,366470,6339,2008,1332
India,Manipur,Thoubal,71407,6569,8341,90,2008,31
India,Manipur,Ukhrul,445329,369843,383303,7931,2008,1202
India,Meghalaya,East Garo Hills,218567,179466,163589,2813,2008,901
India,Meghalaya,East Khasi Hills,286198,179569,180921,716,2008,402
India,Meghalaya,Jaintia Hills,382407,272720,268991,1754,2008,982
India,Meghalaya,North Garo Hills,61123,40202,33277,175,2008,229
India,Meghalaya,Ri Bhoi,238512,190725,179250,1685,2008,744
India,Meghalaya,South Garo Hills,184901,162994,155050,2463,2008,537
India,Meghalaya,South West Garo Hills,51848,24712,19344,485,2008,33
India,Meghalaya,South West Khasi Hills,142031,101167,99795,938,2008,359
India,Meghalaya,West Garo Hills,304369,219605,181181,3872,2008,624
India,Meghalaya,West Khasi Hills,381666,312728,311386,4233,2008,2482
India,Mizoram,Aizawl,345326,318685,295653,4861,2008,613
India,Mizoram,Champhai,343485,298619,288526,12121,2008,1914
India,Mizoram,Kolasib,134891,125638,118388,885,2008,131
India,Mizoram,Lawangtlai,204674,176551,164321,660,2008,194
India,Mizoram,Lunglei,455319,422560,390114,2812,2008,276
India,Mizoram,Mamit,307947,293143,271709,1490,2008,255
India,Mizoram,Saiha,197696,179646,171250,965,2008,238
India,Mizoram,Serchhip,135837,117116,110274,2492,2008,210
India,NCT of Delhi,West,150220,263,122,2,2008,3
India,Nagaland,Dimapur,86683,48008,47284,567,2008,173
India,Nagaland,Kiphire,112226,76884,81496,2438,2008,375
India,Nagaland,Kohima,131049,113206,112344,1181,2008,285
India,Nagaland,Longleng,58857,46310,45195,3993,2008,336
India,Nagaland,Mokokchung,160570,135765,136223,9544,2008,935
India,Nagaland,Mon,216824,175757,171643,8986,2008,1352
India,Nagaland,Peren,168370,153322,150576,3445,2008,1064
India,Nagaland,Phek,191044,138636,151738,1311,2008,207
India,Nagaland,Tuensang,214332,163570,160823,6000,2008,691
India,Nagaland,Wokha,162641,134385,131483,3190,2008,750
India,Nagaland,Zunheboto,157366,124499,128062,3311,2008,372
India,Odisha,Anugul,637420,147440,91636,6,2008,74
India,Odisha,Balangir,657722,21125,7843,4,2008,30
India,Odisha,Baleshwar,370526,8669,2339,6,2008,3
India,Odisha,Bargarh,580584,19856,11873,4,2008,6
India,Odisha,Bauda,312387,94961,69469,32,2008,37
India,Odisha,Bhadrak,245295,122,18,0,2008,0
India,Odisha,Cuttack,394435,20532,6500,0,2008,39
India,Odisha,Debagarh,281405,60859,46069,4,2008,7
India,Odisha,Dhenkanal,448128,34340,12465,2,2008,33
India,Odisha,Gajapati,406805,163314,117932,87,2008,612
India,Odisha,Ganjam,838046,161507,109710,36,2008,282
India,Odisha,Jagatsinghapur,167105,77,12,0,2008,0
India,Odisha,Jajapur,290367,4074,2310,0,2008,1
India,Odisha,Jharsuguda,212024,2842,3758,3,2008,0
India,Odisha,Kalahandi,791570,160738,107293,624,2008,708
India,Odisha,Kandhamal,806513,442907,364535,2967,2008,1386
India,Odisha,Kendrapara,248250,58,13,0,2008,0
India,Odisha,Kendujhar,832369,111738,67637,33,2008,216
India,Odisha,Khordha,275639,15903,4978,0,2008,20
India,Odisha,Koraput,858243,105476,88021,115,2008,274
India,Odisha,Malkangiri,583117,122556,79929,54,2008,195
India,Odisha,Mayurbhanj,1045106,220030,163423,8,2008,27
India,Odisha,Nabarangapur,530817,29098,20600,10,2008,313
India,Odisha,Nayagarh,389939,120024,62714,2,2008,80
India,Odisha,Nuapada,387082,32953,24937,1,2008,27
India,Odisha,Puri,350223,376,36,0,2008,1
India,Odisha,Rayagada,738185,215343,153190,295,2008,1442
India,Odisha,Sambalpur,674416,168907,136091,9,2008,29
India,Odisha,Subarnapur,236169,5721,2533,0,2008,5
India,Odisha,Sundargarh,973917,188647,158696,17,2008,94
India,Puducherry,Karaikal,19216,35,308,2,2008,0
India,Puducherry,Mahe,12834,6855,4980,6,2008,16
India,Puducherry,Puducherry,19529,19,264,2,2008,0
India,Puducherry,Yanam,3154,2,5,0,2008,0
India,Punjab,Amritsar,261222,377,432,6,2008,1
India,Punjab,Barnala,148257,320,4,0,2008,2
India,Punjab,Bathinda,336278,139,7,0,2008,1
India,Punjab,Faridkot,144767,75,0,0,2008,2
India,Punjab,Fatehgarh Sahib,117323,202,191,1,2008,1
India,Punjab,Fazilka,271964,87,3,0,2008,2
India,Punjab,Firozpur,250041,642,145,1,2008,5
India,Punjab,Gurdaspur,257822,347,502,8,2008,1
India,Punjab,Hoshiarpur,336023,36187,35452,102,2008,15
India,Punjab,Jalandhar,260276,36,24,0,2008,0
India,Punjab,Kapurthala,165789,563,284,4,2008,5
India,Punjab,Ludhiana,356965,1649,860,6,2008,14
India,Punjab,Mansa,220700,33,18,0,2008,0
India,Punjab,Moga,230248,779,15,0,2008,7
India,Punjab,Muktsar,259888,35,2,0,2008,0
India,Punjab,Pathankot,99880,11476,11764,118,2008,8
India,Punjab,Patiala,333599,1592,2279,9,2008,1
India,Punjab,Rupnagar,138152,10695,8336,44,2008,19
India,Punjab,Sahibzada Ajit Singh Nagar,108846,7882,7151,18,2008,3
India,Punjab,Sangrur,360325,296,209,2,2008,1
India,Punjab,Shahid Bhagat Singh Nagar,129603,1155,1502,10,2008,1
India,Punjab,Tarn Taran,234611,133,163,3,2008,0
India,Rajasthan,Ajmer,864832,2,0,0,2008,0
India,Rajasthan,Alwar,829131,4301,1955,46,2008,2
India,Rajasthan,Banswara,448765,44,12,0,2008,0
India,Rajasthan,Baran,682336,75,3,0,2008,1
India,Rajasthan,Barmer,2831742,0,0,0,2008,0
India,Rajasthan,Bharatpur,505079,543,402,7,2008,23
India,Rajasthan,Bhilwara,1044866,8,1,0,2008,0
India,Rajasthan,Bikaner,2692523,0,0,0,2008,0
India,Rajasthan,Bundi,557361,18,0,0,2008,0
India,Rajasthan,Chittaurgarh,757295,38,1,2,2008,1
India,Rajasthan,Churu,1705000,0,0,0,2008,0
India,Rajasthan,Dausa,358982,21,32,7,2008,0
India,Rajasthan,Dhaulpur,302532,43,20,0,2008,0
India,Rajasthan,Dungarpur,377631,12,2,0,2008,0
India,Rajasthan,Ganganagar,1166503,18,0,0,2008,0
India,Rajasthan,Hanumangarh,890122,1,0,0,2008,0
India,Rajasthan,Jaipur,1124440,250,114,5,2008,1
India,Rajasthan,Jaisalmer,3857174,0,0,0,2008,0
India,Rajasthan,Jalor,1070386,0,0,0,2008,0
India,Rajasthan,Jhalawar,624795,16,3,0,2008,0
India,Rajasthan,Jhunjhunun,591310,12,1,0,2008,0
India,Rajasthan,Jodhpur,2280202,0,0,0,2008,0
India,Rajasthan,Karauli,518220,40,116,12,2008,0
India,Rajasthan,Kota,550289,41,2,0,2008,0
India,Rajasthan,Nagaur,1764675,0,0,0,2008,0
India,Rajasthan,Pali,1232336,32,15,0,2008,0
India,Rajasthan,Pratapgarh,429766,62,16,0,2008,1
India,Rajasthan,Rajsamand,459177,100,85,0,2008,0
India,Rajasthan,Sawai Madhopur,467033,63,1,0,2008,0
India,Rajasthan,Sikar,768138,15,1,0,2008,0
India,Rajasthan,Sirohi,513533,1992,324,0,2008,0
India,Rajasthan,Tonk,723904,3,0,0,2008,0
India,Rajasthan,Udaipur,1200020,4288,1011,0,2008,4
India,Sikkim,East Sikkim,94656,54725,57243,28,2008,11
India,Sikkim,North Sikkim,424153,101793,94756,14,2008,65
India,Sikkim,South Sikkim,73171,39736,43238,6,2008,27
India,Sikkim,West Sikkim,116327,54197,58525,22,2008,18
India,Tamil Nadu,Ariyalur,195050,179,123,6,2008,2
India,Tamil Nadu,Chennai,19496,24,49,0,2008,0
India,Tamil Nadu,Coimbatore,381876,106394,99049,630,2008,45
India,Tamil Nadu,Cuddalore,381529,567,3119,30,2008,2
India,Tamil Nadu,Dharmapuri,451289,60229,40216,20,2008,3
India,Tamil Nadu,Dindigul,605693,131707,117953,1393,2008,236
India,Tamil Nadu,Erode,597195,110441,75879,31,2008,10
India,Tamil Nadu,Kancheepuram,465580,884,432,2,2008,3
India,Tamil Nadu,Kanniyakumari,159095,94368,73746,729,2008,288
India,Tamil Nadu,Karur,288912,2034,1747,16,2008,0
India,Tamil Nadu,Krishnagiri,513456,22659,9827,20,2008,2
India,Tamil Nadu,Madurai,368763,20142,12710,87,2008,23
India,Tamil Nadu,Nagappattinam,240430,2545,5577,43,2008,2
India,Tamil Nadu,Namakkal,340077,26491,18764,75,2008,8
India,Tamil Nadu,Perambalur,175214,6038,4306,0,2008,5
India,Tamil Nadu,Pudukkottai,469005,429,2027,35,2008,1
India,Tamil Nadu,Ramanathapuram,426072,1106,1433,4,2008,1
India,Tamil Nadu,Salem,521044,69377,48800,162,2008,70
India,Tamil Nadu,Sivaganga,406634,719,2896,40,2008,1
India,Tamil Nadu,Thanjavur,339136,6027,5306,127,2008,40
India,Tamil Nadu,The Nilgiris,254621,161439,142481,976,2008,106
India,Tamil Nadu,Theni,284519,68470,59469,295,2008,86
India,Tamil Nadu,Thiruvallur,330691,878,6890,14,2008,2
India,Tamil Nadu,Thiruvarur,251518,5829,11729,55,2008,3
India,Tamil Nadu,Thoothukkudi,471255,7328,2740,17,2008,29
India,Tamil Nadu,Tiruchirappalli,450426,19990,12920,64,2008,45
India,Tamil Nadu,Tirunelveli,677048,122641,101337,292,2008,205
India,Tamil Nadu,Tiruppur,579045,35152,29946,129,2008,12
India,Tamil Nadu,Tiruvannamalai,618357,53147,39589,7,2008,14
India,Tamil Nadu,Vellore,606757,52516,36387,13,2008,48
India,Tamil Nadu,Viluppuram,729374,26944,21438,82,2008,30
India,Tamil Nadu,Virudunagar,428927,13827,9721,44,2008,27
India,Telangana,Adilabad,1604386,43451,45576,1,2008,239
India,Telangana,Hyderabad,17802,7,0,0,2008,0
India,Telangana,Karimnagar,1190025,33293,27498,4,2008,21
India,Telangana,Khammam,1610018,420082,323300,263,2008,3694
India,Telangana,Mahbubnagar,1837327,16103,10164,7,2008,7
India,Telangana,Medak,975732,310,48,0,2008,2
India,Telangana,Nalgonda,1409411,393,362,55,2008,2
India,Telangana,Nizamabad,790786,5468,3355,0,2008,81
India,Telangana,Ranga Reddy,754836,86,8,0,2008,2
India,Telangana,Warangal,1280889,144423,93032,23,2008,653
India,Tripura,Dhalai,243285,196775,179288,243,2008,974
India,Tripura,Gomati,141064,92622,78803,92,2008,1089
India,Tripura,Khowai,103448,64933,53587,77,2008,304
India,Tripura,North Tripura,131984,95513,85079,207,2008,233
India,Tripura,Sipahijala,102396,44035,31352,173,2008,449
India,Tripura,South Tripura,152454,84216,68592,115,2008,1661
India,Tripura,Unokoti,77444,50734,41125,90,2008,305
India,Tripura,West Tripura,101551,40464,31891,180,2008,231
India,Uttar Pradesh,Agra,352635,1111,433,9,2008,6
India,Uttar Pradesh,Aligarh,386530,269,234,2,2008,1
India,Uttar Pradesh,Allahabad,514803,109,1798,87,2008,3
India,Uttar Pradesh,Ambedkar Nagar,232472,190,2167,34,2008,1
India,Uttar Pradesh,Amethi,330740,180,3026,42,2008,1
India,Uttar Pradesh,Amroha,251713,225,224,9,2008,3
India,Uttar Pradesh,Auraiya,217850,52,54,2,2008,0
India,Uttar Pradesh,Azamgarh,389662,399,3073,53,2008,4
India,Uttar Pradesh,Baghpat,133245,118,759,29,2008,1
India,Uttar Pradesh,Bahraich,368710,29878,23583,83,2008,2
India,Uttar Pradesh,Ballia,300802,152,3476,22,2008,0
India,Uttar Pradesh,Balrampur,336719,42532,40338,194,2008,8
India,Uttar Pradesh,Banda,451968,158,1145,3,2008,0
India,Uttar Pradesh,Barabanki,443233,439,1197,33,2008,4
India,Uttar Pradesh,Bareilly,378328,72,251,10,2008,0
India,Uttar Pradesh,Basti,251766,171,697,7,2008,1
India,Uttar Pradesh,Bijnor,431434,15649,15499,108,2008,11
India,Uttar Pradesh,Budaun,420899,86,113,4,2008,1
India,Uttar Pradesh,Bulandshahr,357886,101,37,3,2008,1
India,Uttar Pradesh,Chandauli,253552,1556,7401,189,2008,1
India,Uttar Pradesh,Chitrakoot,308393,5790,5255,26,2008,0
India,Uttar Pradesh,Deoria,255677,321,1221,10,2008,3
India,Uttar Pradesh,Etah,250079,120,115,2,2008,2
India,Uttar Pradesh,Etawah,215276,531,454,13,2008,1
India,Uttar Pradesh,Faizabad,209951,186,856,18,2008,0
India,Uttar Pradesh,Farrukhabad,218442,353,417,3,2008,3
India,Uttar Pradesh,Fatehpur,417684,14,65,2,2008,0
India,Uttar Pradesh,Firozabad,284638,426,155,4,2008,3
India,Uttar Pradesh,Gautam Buddha Nagar,138611,8,7,0,2008,0
India,Uttar Pradesh,Ghaziabad,87238,15,36,0,2008,0
India,Uttar Pradesh,Ghazipur,338598,527,9953,117,2008,1
India,Uttar Pradesh,Gonda,400797,3583,5474,28,2008,1
India,Uttar Pradesh,Gorakhpur,306670,1170,2561,17,2008,2
India,Uttar Pradesh,Hamirpur,426283,251,26,1,2008,0
India,Uttar Pradesh,Hapur,110314,33,25,1,2008,1
India,Uttar Pradesh,Hardoi,601016,1430,532,44,2008,17
India,Uttar Pradesh,Hathras,162087,113,52,1,2008,0
India,Uttar Pradesh,Jalaun,456365,32,4,0,2008,0
India,Uttar Pradesh,Jaunpur,403582,104,1442,23,2008,1
India,Uttar Pradesh,Jhansi,506579,161,35,0,2008,1
India,Uttar Pradesh,Kannauj,207454,139,16,3,2008,2
India,Uttar Pradesh,Kanpur Dehat,316373,26,84,4,2008,0
India,Uttar Pradesh,Kanpur Nagar,292815,65,55,1,2008,0
India,Uttar Pradesh,Kasganj,197603,280,150,2,2008,3
India,Uttar Pradesh,Kaushambi,210356,11,338,8,2008,0
India,Uttar Pradesh,Kushinagar,288811,531,749,2,2008,1
India,Uttar Pradesh,Lakhimpur Kheri,770148,94748,78902,302,2008,44
India,Uttar Pradesh,Lalitpur,504678,2496,623,4,2008,2
India,Uttar Pradesh,Lucknow,253976,1160,1453,103,2008,14
India,Uttar Pradesh,Maharajganj,318731,31937,35386,72,2008,8
India,Uttar Pradesh,Mahoba,283604,111,116,1,2008,0
India,Uttar Pradesh,Mainpuri,275040,148,137,4,2008,2
India,Uttar Pradesh,Mathura,337399,304,568,2,2008,0
India,Uttar Pradesh,Mau,206654,176,2088,15,2008,1
India,Uttar Pradesh,Meerut,260507,729,710,4,2008,1
India,Uttar Pradesh,Mirzapur,451742,76,126,2,2008,0
India,Uttar Pradesh,Moradabad,210602,62,167,8,2008,1
India,Uttar Pradesh,Muzaffarnagar,273061,336,1206,27,2008,2
India,Uttar Pradesh,Pilibhit,359157,51081,50411,89,2008,13
India,Uttar Pradesh,Pratapgarh,371568,115,984,17,2008,1
India,Uttar Pradesh,Rae Bareli,327076,73,496,10,2008,0
India,Uttar Pradesh,Rampur,257084,3333,3481,26,2008,4
India,Uttar Pradesh,Saharanpur,372025,19899,17358,50,2008,10
India,Uttar Pradesh,Sambhal,213644,19,1,0,2008,1
India,Uttar Pradesh,Sant Kabir Nagar,132684,182,964,16,2008,2
India,Uttar Pradesh,Sant Ravi Das Nagar,100916,16,181,8,2008,0
India,Uttar Pradesh,Shahjahanpur,465191,5698,5281,29,2008,6
India,Uttar Pradesh,Shamli,131834,222,327,10,2008,1
India,Uttar Pradesh,Shravasti,315223,29554,26449,126,2008,7
India,Uttar Pradesh,Siddharth Nagar,347860,721,2477,9,2008,1
India,Uttar Pradesh,Sitapur,578044,1843,905,175,2008,23
India,Uttar Pradesh,Sonbhadra,678916,4879,1358,2,2008,3
India,Uttar Pradesh,Sultanpur,246165,90,1438,16,2008,1
India,Uttar Pradesh,Unnao,459854,243,709,46,2008,1
India,Uttar Pradesh,Varanasi,155118,54,47,2,2008,0
India,Uttarakhand,Almora,310201,112210,83294,188,2008,4
India,Uttarakhand,Bageshwar,228123,79668,58991,4,2008,3
India,Uttarakhand,Chamoli,792867,192909,152828,19,2008,8
India,Uttarakhand,Champawat,168452,118482,115597,521,2008,117
India,Uttarakhand,Dehradun,306702,156029,150809,52,2008,18
India,Uttarakhand,Garhwal,545564,291677,261345,120,2008,37
India,Uttarakhand,Hardwar,238572,25703,24158,211,2008,3
India,Uttarakhand,Nainital,406379,297778,287829,3809,2008,1317
India,Uttarakhand,Pithoragarh,732913,124243,89944,33,2008,8
India,Uttarakhand,Rudraprayag,121405,46549,38960,6,2008,9
India,Uttarakhand,Tehri Garhwal,438890,216898,212079,72,2008,30
India,Uttarakhand,Udham Singh Nagar,286233,54957,57103,955,2008,124
India,Uttarakhand,Uttarkashi,804550,231737,198289,63,2008,30
India,West Bengal,Alipurduar,280176,118440,83490,660,2008,1173
India,West Bengal,Bankura,696472,423,15,27,2008,10
India,West Bengal,Barddhaman,704144,190,172,4,2008,0
India,West Bengal,Birbhum,455570,7,96,1,2008,0
India,West Bengal,Dakshin Dinajpur,211766,122,160,1,2008,0
India,West Bengal,Darjiling,314436,152184,156762,399,2008,101
India,West Bengal,Haora,144036,1435,922,2,2008,2
India,West Bengal,Hugli,315210,1188,244,0,2008,0
India,West Bengal,Jalpaiguri,338376,67359,49856,480,2008,110
India,West Bengal,Koch Bihar,338718,14449,8297,172,2008,28
India,West Bengal,Kolkata,9162,35,3,0,2008,0
India,West Bengal,Maldah,361110,212,147,10,2008,2
India,West Bengal,Murshidabad,541121,357,173,3,2008,2
India,West Bengal,Nadia,392088,2000,790,1,2008,1
India,West Bengal,North 24 Parganas,581554,35148,26531,0,2008,1
India,West Bengal,Pashchim Medinipur,940038,1560,174,72,2008,68
India,West Bengal,Purba Medinipur,398147,850,253,1,2008,2
India,West Bengal,Puruliya,625675,3124,117,1,2008,2
India,West Bengal,South 24 Parganas,552715,4568,3307,0,2008,1
India,West Bengal,Uttar Dinajpur,336010,4269,375,208,2008,29
India,Andaman and Nicobar,Nicobar Islands,172679,147634,144925,1587,2009,325
India,Andaman and Nicobar,North and Middle Andaman,340652,310759,308793,2600,2009,267
India,Andaman and Nicobar,South Andaman,247753,226008,225722,1658,2009,247
India,Andhra Pradesh,Anantapur,1922649,517,111,14,2009,0
India,Andhra Pradesh,Chittoor,1516880,81831,56859,218,2009,39
India,Andhra Pradesh,East Godavari,1075476,310205,284237,537,2009,864
India,Andhra Pradesh,Guntur,1141089,23783,57053,211,2009,35
India,Andhra Pradesh,Krishna,861607,17233,32054,57,2009,29
India,Andhra Pradesh,Kurnool,1777836,59574,40932,15,2009,11
India,Andhra Pradesh,Nellore,1301782,20837,28123,480,2009,19
India,Andhra Pradesh,Prakasam,1779564,79027,62790,158,2009,21
India,Andhra Pradesh,Srikakulam,627635,32693,20281,49,2009,63
India,Andhra Pradesh,Visakhapatnam,1137192,300879,241668,501,2009,1135
India,Andhra Pradesh,Vizianagaram,572603,49147,37843,36,2009,86
India,Andhra Pradesh,West Godavari,775702,60575,58435,159,2009,239
India,Andhra Pradesh,Y.S.R.,1514967,69611,78628,109,2009,11
India,Arunachal Pradesh,Anjaw,651942,398495,369756,869,2009,295
India,Arunachal Pradesh,Changlang,503616,438332,431075,2788,2009,1180
India,Arunachal Pradesh,Dibang Valley,751403,391182,373790,461,2009,44
India,Arunachal Pradesh,East Kameng,409167,390145,385591,1758,2009,655
India,Arunachal Pradesh,East Siang,361698,290410,288417,3988,2009,349
India,Arunachal Pradesh,Kurung Kumey,572190,445717,424968,1687,2009,200
India,Arunachal Pradesh,Lohit,344025,271516,266067,3990,2009,1291
India,Arunachal Pradesh,Longding,93352,78346,76441,3641,2009,283
India,Arunachal Pradesh,Lower Dibang Valley,556430,415248,395777,2827,2009,976
India,Arunachal Pradesh,Lower Subansiri,378817,360577,353607,3121,2009,568
India,Arunachal Pradesh,Namsai,42486,17668,16789,468,2009,217
India,Arunachal Pradesh,Papum Pare,353251,332915,327083,1728,2009,934
India,Arunachal Pradesh,Tawang,215022,101851,91644,88,2009,47
India,Arunachal Pradesh,Tirap,109276,100278,97211,1525,2009,210
India,Arunachal Pradesh,Upper Siang,701634,542210,539323,2566,2009,220
India,Arunachal Pradesh,Upper Subansiri,641172,508012,470378,3444,2009,240
India,Arunachal Pradesh,West Kameng,734287,551070,545555,897,2009,493
India,Arunachal Pradesh,West Siang,779775,673340,659039,11997,2009,870
India,Assam,Baksa,239364,50158,45466,75,2009,133
India,Assam,Barpeta,227857,10844,13386,12,2009,5
India,Assam,Bongaigaon,112362,15343,13976,40,2009,13
India,Assam,Cachar,378676,219197,215588,598,2009,534
India,Assam,Chirang,118891,44423,42350,24,2009,51
India,Assam,Darrang,159926,7656,4845,26,2009,10
India,Assam,Dhemaji,253740,39030,37503,185,2009,91
India,Assam,Dhubri,278096,35918,17751,73,2009,152
India,Assam,Dibrugarh,339191,84744,77617,1595,2009,435
India,Assam,Dima Hasao,490917,434941,406980,6766,2009,2198
India,Assam,Goalpara,190100,21348,19886,58,2009,42
India,Assam,Golaghat,352585,49848,45910,1026,2009,296
India,Assam,Hailakandi,133352,68651,62917,273,2009,214
India,Assam,Jorhat,283776,49292,45600,943,2009,368
India,Assam,Kamrup,330488,96479,91075,288,2009,172
India,Assam,Kamrup Metropolitan,79666,28785,22733,100,2009,100
India,Assam,Karbi Anglong,1042664,789948,763795,6958,2009,5869
India,Assam,Karimganj,183306,74681,67823,235,2009,287
India,Assam,Kokrajhar,328978,109051,92428,155,2009,984
India,Assam,Lakhimpur,295203,53192,50368,413,2009,153
India,Assam,Morigaon,155363,10518,9080,25,2009,21
India,Assam,Nagaon,399001,77488,72138,443,2009,443
India,Assam,Nalbari,107600,11154,12942,2,2009,2
India,Assam,Sivasagar,263352,66061,58876,1211,2009,349
India,Assam,Sonitpur,528686,98395,84143,2521,2009,1334
India,Assam,Tinsukia,379304,170120,170440,5279,2009,755
India,Assam,Udalguri,196790,32871,19883,548,2009,877
India,Bihar,Araria,281932,561,922,4,2009,1
India,Bihar,Arwal,66615,392,1880,14,2009,2
India,Bihar,Aurangabad,328198,875,630,5,2009,0
India,Bihar,Banka,309145,51,10,0,2009,0
India,Bihar,Begusarai,193928,196,271,1,2009,1
India,Bihar,Bhagalpur,256033,66,498,6,2009,0
India,Bihar,Bhojpur,237388,5464,22320,279,2009,22
India,Bihar,Buxar,170992,2040,5315,96,2009,47
India,Bihar,Darbhanga,228940,969,2839,15,2009,2
India,Bihar,Gaya,496554,2110,2748,2,2009,1
India,Bihar,Gopalganj,204094,175,2320,12,2009,1
India,Bihar,Jamui,308302,8863,2972,0,2009,0
India,Bihar,Jehanabad,93892,169,297,3,2009,21
India,Bihar,Kaimur,335075,4156,7422,89,2009,8
India,Bihar,Katihar,306233,107,223,8,2009,2
India,Bihar,Khagaria,149147,67,103,1,2009,0
India,Bihar,Kishanganj,193427,624,158,27,2009,7
India,Bihar,Lakhisarai,133641,7420,2606,11,2009,2
India,Bihar,Madhepura,183827,64,219,3,2009,0
India,Bihar,Madhubani,344146,3316,7618,25,2009,1
India,Bihar,Munger,136969,13748,10808,56,2009,0
India,Bihar,Muzaffarpur,318646,437,5012,8,2009,2
India,Bihar,Nalanda,233710,439,1645,4,2009,27
India,Bihar,Nawada,248578,9253,10478,1,2009,0
India,Bihar,Pashchim Champaran,523188,80413,80361,123,2009,26
India,Bihar,Patna,320539,1515,8189,38,2009,22
India,Bihar,Purba Champaran,399105,710,4891,6,2009,2
India,Bihar,Purnia,324600,128,133,6,2009,0
India,Bihar,Rohtas,386837,6235,7191,116,2009,6
India,Bihar,Saharsa,168897,153,215,4,2009,0
India,Bihar,Samastipur,290579,137,388,1,2009,0
India,Bihar,Saran,264523,223,3009,6,2009,1
India,Bihar,Sheikhpura,60405,9,18,0,2009,0
India,Bihar,Sheohar,57459,302,1358,6,2009,1
India,Bihar,Sitamarhi,205458,584,3341,7,2009,1
India,Bihar,Siwan,222545,223,3506,14,2009,3
India,Bihar,Supaul,238732,1517,2457,18,2009,50
India,Bihar,Vaishali,200961,132,1190,3,2009,0
India,Chandigarh,Chandigarh,11812,702,935,10,2009,1
India,Chhattisgarh,Balod,275414,16919,25869,3,2009,1
India,Chhattisgarh,Baloda Bazar,468572,25143,46646,1,2009,4
India,Chhattisgarh,Balrampur,633124,115996,64274,6,2009,12
India,Chhattisgarh,Bastar,591945,130358,118812,8,2009,257
India,Chhattisgarh,Bemetara,286904,44,29,0,2009,0
India,Chhattisgarh,Bijapur,879329,540837,498772,158,2009,164
India,Chhattisgarh,Bilaspur,555476,52822,34569,2,2009,14
India,Chhattisgarh,Dantewada,298090,88405,78733,17,2009,164
India,Chhattisgarh,Dhamtari,406306,84698,87870,1,2009,18
India,Chhattisgarh,Durg,298982,30,22,0,2009,0
India,Chhattisgarh,Gariaband,422957,110487,99238,1,2009,66
India,Chhattisgarh,Janjgir-Champa,387475,812,532,0,2009,1
India,Chhattisgarh,Jashpur,582341,73535,52235,2,2009,10
India,Chhattisgarh,Kabeerdham,422230,68990,63598,13,2009,82
India,Chhattisgarh,Kondagaon,509911,101269,93982,6,2009,21
India,Chhattisgarh,Korba,660932,134282,84264,2,2009,24
India,Chhattisgarh,Koriya,663712,115888,79594,1,2009,5
India,Chhattisgarh,Mahasamund,475380,7215,13348,3,2009,2
India,Chhattisgarh,Mungeli,278450,74732,52071,3,2009,52
India,Chhattisgarh,Narayanpur,392992,271260,249478,446,2009,547
India,Chhattisgarh,Raigarh,708412,55534,39766,4,2009,38
India,Chhattisgarh,Raipur,353390,370,888,0,2009,0
India,Chhattisgarh,Rajnandgaon,806554,113121,117362,50,2009,128
India,Chhattisgarh,Sukma,525060,150881,108640,44,2009,96
India,Chhattisgarh,Surajpur,544120,70867,40372,1,2009,7
India,Chhattisgarh,Surguja,399359,51150,32745,1,2009,13
India,Chhattisgarh,Uttar Bastar Kanker,715735,207926,200686,55,2009,423
India,Dadra and Nagar Haveli,Dadra and Nagar Haveli,49152,457,259,0,2009,0
India,Daman and Diu,Daman,5831,17,3,0,2009,0
India,Daman and Diu,Diu,2523,0,0,0,2009,0
India,Goa,North Goa,170604,41915,26028,1,2009,3
India,Goa,South Goa,198964,104551,90798,89,2009,59
India,Gujarat,Ahmadabad,773436,60,8,0,2009,0
India,Gujarat,Amreli,735510,5,1,0,2009,0
India,Gujarat,Anand,287832,46,7,0,2009,0
India,Gujarat,Aravalli,325245,10,2,1,2009,0
India,Gujarat,Banas Kantha,1061522,121,10,0,2009,0
India,Gujarat,Bharuch,543453,105,9,0,2009,0
India,Gujarat,Bhavnagar,677448,95,19,0,2009,0
India,Gujarat,Botad,162060,0,0,0,2009,0
India,Gujarat,Chhota Udaipur,368590,52,26,0,2009,0
India,Gujarat,Dahod,385651,310,44,0,2009,2
India,Gujarat,Devbhumi Dwarka,456016,17,0,0,2009,0
India,Gujarat,Gandhinagar,172338,1,0,0,2009,0
India,Gujarat,Gir Somnath,170164,15,1,6,2009,0
India,Gujarat,Jamnagar,670502,34,0,0,2009,0
India,Gujarat,Junagadh,702843,487,174,1,2009,0
India,Gujarat,Kachchh,4220838,33,2,0,2009,0
India,Gujarat,Kheda,398303,30,1,0,2009,0
India,Gujarat,Mahesana,438831,2,0,0,2009,0
India,Gujarat,Mahisagar,233539,11,4,0,2009,0
India,Gujarat,Morbi,481031,12,1,0,2009,0
India,Gujarat,Narmada,256838,2533,447,0,2009,3
India,Gujarat,Navsari,218334,1297,1294,0,2009,0
India,Gujarat,Panch Mahals,267704,27,16,0,2009,0
India,Gujarat,Patan,601243,0,0,0,2009,0
India,Gujarat,Porbandar,231056,39,0,0,2009,0
India,Gujarat,Rajkot,760630,17,2,0,2009,0
India,Gujarat,Sabar Kantha,418769,132,29,0,2009,0
India,Gujarat,Surat,439791,623,281,0,2009,0
India,Gujarat,Surendranagar,920266,180,26,0,2009,0
India,Gujarat,Tapi,314442,1563,620,0,2009,0
India,Gujarat,The Dangs,171142,8716,2274,0,2009,2
India,Gujarat,Vadodara,405249,9,1,0,2009,0
India,Gujarat,Valsad,301394,1346,1722,0,2009,0
India,Haryana,Ambala,175294,1380,1576,18,2009,5
India,Haryana,Bhiwani,463529,56,11,0,2009,0
India,Haryana,Faridabad,125761,80,174,8,2009,1
India,Haryana,Fatehabad,239977,13,54,0,2009,0
India,Haryana,Gurgaon,128536,169,111,1,2009,0
India,Haryana,Hisar,416939,68,6,0,2009,0
India,Haryana,Jhajjar,211225,135,91,4,2009,0
India,Haryana,Jind,273318,248,78,1,2009,5
India,Haryana,Kaithal,230046,1056,928,1,2009,5
India,Haryana,Karnal,258463,21,7,0,2009,0
India,Haryana,Kurukshetra,183593,445,241,1,2009,3
India,Haryana,Mahendragarh,193665,8,2,0,2009,0
India,Haryana,Mewat,146554,104,138,1,2009,0
India,Haryana,Palwal,90451,89,31,0,2009,1
India,Haryana,Panchkula,73780,27504,25438,39,2009,26
India,Haryana,Panipat,122468,60,365,19,2009,0
India,Haryana,Rewari,125324,47,23,0,2009,0
India,Haryana,Rohtak,168545,79,54,1,2009,1
India,Haryana,Sirsa,423119,4,3,0,2009,0
India,Haryana,Sonipat,221338,63,200,6,2009,0
India,Haryana,Yamunanagar,130521,11018,10477,22,2009,3
India,Himachal Pradesh,Bilaspur,116606,34773,31610,25,2009,2
India,Himachal Pradesh,Chamba,646061,170243,123366,144,2009,28
India,Himachal Pradesh,Hamirpur,112145,49052,45948,54,2009,5
India,Himachal Pradesh,Kangra,570651,231326,216284,499,2009,63
India,Himachal Pradesh,Kinnaur,645578,27943,15186,13,2009,1
India,Himachal Pradesh,Kullu,550194,151529,111321,40,2009,58
India,Himachal Pradesh,Lahul & Spiti,1380877,2610,1146,13,2009,0
India,Himachal Pradesh,Mandi,394812,172547,157589,136,2009,63
India,Himachal Pradesh,Shimla,513204,216911,160881,34,2009,89
India,Himachal Pradesh,Sirmaur,280863,163102,155136,103,2009,70
India,Himachal Pradesh,Solan,195597,92486,78371,65,2009,41
India,Himachal Pradesh,Una,153760,54587,51087,52,2009,10
India,Jammu and Kashmir,Anantnag,270262,74418,54946,33,2009,7
India,Jammu and Kashmir,Badgam,117282,15438,13073,7,2009,12
India,Jammu and Kashmir,Bandipore,252774,47946,34308,14,2009,4
India,Jammu and Kashmir,Baramulla,239201,61349,54085,60,2009,28
India,Jammu and Kashmir,Doda,262526,109809,74548,68,2009,21
India,Jammu and Kashmir,Ganderbal,126196,25483,18496,13,2009,4
India,Jammu and Kashmir,Jammu,214895,22392,18948,26,2009,12
India,Jammu and Kashmir,Kargil,1477323,225,38,11,2009,0
India,Jammu and Kashmir,Kathua,261794,62001,56822,106,2009,28
India,Jammu and Kashmir,Kishtwar,767032,113304,73885,40,2009,7
India,Jammu and Kashmir,Kulgam,134333,25547,24919,33,2009,3
India,Jammu and Kashmir,Kupwara,274748,117992,99047,63,2009,14
India,Jammu and Kashmir,Leh (Ladakh),4908732,62,19,15,2009,0
India,Jammu and Kashmir,Poonch,167356,60015,53733,22,2009,11
India,Jammu and Kashmir,Pulwama,73389,12895,12422,16,2009,0
India,Jammu and Kashmir,Rajouri,254200,83983,69907,19,2009,29
India,Jammu and Kashmir,Ramban,90221,27560,22655,4,2009,4
India,Jammu and Kashmir,Reasi,208383,84644,76285,23,2009,35
India,Jammu and Kashmir,Samba,84362,6928,6182,5,2009,4
India,Jammu and Kashmir,Shupiyan,72418,18029,20804,18,2009,10
India,Jammu and Kashmir,Srinagar,62771,11936,9782,12,2009,0
India,Jammu and Kashmir,Udhampur,245808,91063,77516,68,2009,15
India,Jharkhand,Bokaro,286989,10615,6059,0,2009,0
India,Jharkhand,Chatra,375718,35924,33133,28,2009,3
India,Jharkhand,Deoghar,244100,59,4,0,2009,0
India,Jharkhand,Dhanbad,208382,674,186,0,2009,0
India,Jharkhand,Dumka,377426,3146,665,133,2009,121
India,Jharkhand,Garhwa,407829,29720,12630,28,2009,1
India,Jharkhand,Giridih,499661,8970,5408,1,2009,0
India,Jharkhand,Godda,224195,4067,1254,67,2009,220
India,Jharkhand,Gumla,536525,58922,27871,1,2009,13
India,Jharkhand,Hazaribagh,481712,41777,39730,5,2009,11
India,Jharkhand,Jamtara,180473,8,0,0,2009,0
India,Jharkhand,Khunti,277225,15381,1120,1,2009,3
India,Jharkhand,Kodarma,132242,18562,19552,1,2009,0
India,Jharkhand,Latehar,426444,102907,50236,19,2009,16
India,Jharkhand,Lohardaga,149986,25424,13408,3,2009,28
India,Jharkhand,Pakur,181513,1630,958,66,2009,96
India,Jharkhand,Palamu,445541,18227,12788,29,2009,1
India,Jharkhand,Pashchimi Singhbhum,723098,133283,79138,10,2009,194
India,Jharkhand,Purbi Singhbhum,357770,9110,2382,3,2009,2
India,Jharkhand,Ramgarh,134403,5646,3524,0,2009,5
India,Jharkhand,Ranchi,488387,9234,1856,0,2009,1
India,Jharkhand,Sahibganj,219886,3225,589,93,2009,124
India,Jharkhand,Saraikela-kharsawan,265341,8165,1240,1,2009,2
India,Jharkhand,Simdega,379142,11654,3014,0,2009,1
India,Karnataka,Bagalkot,655258,105,42,0,2009,0
India,Karnataka,Bangalore,217903,162,26,2,2009,1
India,Karnataka,Bangalore Rural,230303,137,33,1,2009,7
India,Karnataka,Belgaum,1333488,49040,38050,38,2009,2
India,Karnataka,Bellary,842531,1836,226,2,2009,2
India,Karnataka,Bidar,543342,52,16,0,2009,0
India,Karnataka,Bijapur,1048432,53,15,0,2009,0
India,Karnataka,Chamrajnagar,565361,116045,83039,42,2009,1
India,Karnataka,Chikballapura,422931,1462,988,3,2009,0
India,Karnataka,Chikmagalur,718838,323326,298783,1150,2009,290
India,Karnataka,Chitradurga,842881,416,8,0,2009,0
India,Karnataka,Dakshina Kannada,456123,281111,231209,638,2009,568
India,Karnataka,Davanagere,660862,6521,346,6,2009,20
India,Karnataka,Dharwad,426092,464,1153,19,2009,0
India,Karnataka,Gadag,463089,15,1,0,2009,0
India,Karnataka,Gulbarga,1096303,48,10,0,2009,0
India,Karnataka,Hassan,679084,84418,62102,312,2009,327
India,Karnataka,Haveri,479411,587,321,15,2009,0
India,Karnataka,Kodagu,409587,308610,267919,818,2009,329
India,Karnataka,Kolar,397159,344,231,1,2009,0
India,Karnataka,Koppal,555591,14,7,7,2009,0
India,Karnataka,Mandya,492564,774,182,11,2009,0
India,Karnataka,Mysore,629741,70536,49242,92,2009,7
India,Karnataka,Raichur,843615,61,51,21,2009,1
India,Karnataka,Ramanagara,350745,2928,356,3,2009,0
India,Karnataka,Shimoga,773369,212771,134060,1093,2009,268
India,Karnataka,Tumkur,1059196,1426,314,7,2009,2
India,Karnataka,Udupi,390213,180568,137247,402,2009,283
India,Karnataka,Uttara Kannada,1027612,632365,575803,389,2009,174
India,Karnataka,Yadgir,526289,10,2,4,2009,0
India,Kerala,Alappuzha,124519,51188,46506,57,2009,8
India,Kerala,Ernakulam,225002,142323,115571,955,2009,56
India,Kerala,Idukki,499006,422964,413423,3789,2009,62
India,Kerala,Kannur,277392,220056,195713,302,2009,139
India,Kerala,Kasaragod,195107,107422,81572,231,2009,207
India,Kerala,Kollam,240436,193294,179738,2383,2009,71
India,Kerala,Kottayam,210255,158914,131488,431,2009,46
India,Kerala,Kozhikode,227197,161134,131968,156,2009,29
India,Kerala,Malappuram,349994,174081,128652,191,2009,29
India,Kerala,Palakkad,447188,216046,180783,692,2009,67
India,Kerala,Pathanamthitta,263424,235819,214996,828,2009,73
India,Kerala,Thiruvananthapuram,204253,153498,127197,1845,2009,119
India,Kerala,Thrissur,294081,191936,170228,866,2009,81
India,Kerala,Wayanad,212196,169547,159045,655,2009,59
India,Lakshadweep,Lakshadweep,3482,0,0,0,2009,0
India,Madhya Pradesh,Agar Malwa,276772,11,3,0,2009,0
India,Madhya Pradesh,Alirajpur,333104,526,41,0,2009,3
India,Madhya Pradesh,Anuppur,202588,5151,2964,0,2009,0
India,Madhya Pradesh,Ashoknagar,472393,353,150,3,2009,0
India,Madhya Pradesh,Balaghat,924893,318150,284474,110,2009,309
India,Madhya Pradesh,Barwani,542445,191,26,0,2009,0
India,Madhya Pradesh,Betul,1006834,44619,12942,15,2009,7
India,Madhya Pradesh,Bhind,447252,37,29,5,2009,0
India,Madhya Pradesh,Bhopal,272180,411,388,1,2009,1
India,Madhya Pradesh,Burhanpur,319674,304,101,0,2009,0
India,Madhya Pradesh,Chhatarpur,871307,9432,10557,37,2009,1
India,Madhya Pradesh,Chhindwara,1180484,47596,33573,19,2009,8
India,Madhya Pradesh,Damoh,735338,4141,3718,2,2009,5
India,Madhya Pradesh,Datia,252254,13,5,0,2009,0
India,Madhya Pradesh,Dewas,695694,683,550,0,2009,3
India,Madhya Pradesh,Dhar,813433,45,48,0,2009,0
India,Madhya Pradesh,Dindori,648866,165015,140518,13,2009,11
India,Madhya Pradesh,East Nimar,744494,2848,672,0,2009,1
India,Madhya Pradesh,Guna,629701,209,67,0,2009,0
India,Madhya Pradesh,Gwalior,458064,63,10,0,2009,0
India,Madhya Pradesh,Harda,331452,2518,1267,0,2009,1
India,Madhya Pradesh,Hoshangabad,670862,79045,47640,16,2009,4
India,Madhya Pradesh,Indore,390867,572,403,0,2009,1
India,Madhya Pradesh,Jabalpur,401166,8857,5026,2,2009,7
India,Madhya Pradesh,Jhabua,342698,9,2,0,2009,0
India,Madhya Pradesh,Katni,616355,20446,11180,17,2009,32
India,Madhya Pradesh,Mandla,677220,93818,90165,22,2009,9
India,Madhya Pradesh,Mandsaur,563118,66,10,0,2009,0
India,Madhya Pradesh,Morena,498479,60,23,2,2009,1
India,Madhya Pradesh,Narsimhapur,514459,17516,13262,4,2009,10
India,Madhya Pradesh,Neemuch,415427,39,11,0,2009,1
India,Madhya Pradesh,Panna,711358,11942,7857,13,2009,1
India,Madhya Pradesh,Raisen,849516,17063,21246,30,2009,3
India,Madhya Pradesh,Rajgarh,612022,44,39,0,2009,0
India,Madhya Pradesh,Ratlam,481618,33,6,0,2009,0
India,Madhya Pradesh,Rewa,631423,2701,3804,1,2009,0
India,Madhya Pradesh,Sagar,1025228,8268,4206,4,2009,25
India,Madhya Pradesh,Satna,750261,10327,5053,28,2009,2
India,Madhya Pradesh,Sehore,656297,4726,5166,6,2009,2
India,Madhya Pradesh,Seoni,875671,60198,52693,10,2009,11
India,Madhya Pradesh,Shahdol,831826,36032,26519,4,2009,6
India,Madhya Pradesh,Shajapur,352411,38,6,0,2009,1
India,Madhya Pradesh,Sheopur,652461,400,40,0,2009,0
India,Madhya Pradesh,Shivpuri,1046628,407,84,1,2009,5
India,Madhya Pradesh,Sidhi,478016,43220,33835,10,2009,1
India,Madhya Pradesh,Singrauli,578643,24183,22954,3,2009,4
India,Madhya Pradesh,Tikamgarh,506638,22,12,1,2009,0
India,Madhya Pradesh,Ujjain,608217,73,8,0,2009,0
India,Madhya Pradesh,Umaria,372591,32574,20399,10,2009,32
India,Madhya Pradesh,Vidisha,730295,2580,2838,0,2009,1
India,Madhya Pradesh,West Nimar,804393,504,174,0,2009,0
India,Maharashtra,Ahmadnagar,1613065,2155,685,0,2009,1
India,Maharashtra,Akola,551391,121,42,0,2009,1
India,Maharashtra,Amravati,1218596,37188,22756,1,2009,53
India,Maharashtra,Aurangabad,1009310,139,70,0,2009,0
India,Maharashtra,Bhandara,470048,29630,22796,10,2009,35
India,Maharashtra,Bid,1141360,18,8,0,2009,0
India,Maharashtra,Buldana,960383,562,217,0,2009,1
India,Maharashtra,Chandrapur,1130866,38431,26245,6,2009,346
India,Maharashtra,Dhule,716652,292,76,0,2009,0
India,Maharashtra,Garhchiroli,1446063,565777,532217,86,2009,775
India,Maharashtra,Gondiya,463678,77177,66986,14,2009,217
India,Maharashtra,Hingoli,468553,51,13,0,2009,0
India,Maharashtra,Jalgaon,1174820,1357,485,0,2009,6
India,Maharashtra,Jalna,777897,9,3,0,2009,0
India,Maharashtra,Kolhapur,765441,64263,50160,19,2009,4
India,Maharashtra,Latur,723325,84,9,0,2009,1
India,Maharashtra,Mumbai City,6798,2,0,0,2009,0
India,Maharashtra,Mumbai Suburban,41216,913,1816,0,2009,0
India,Maharashtra,Nagpur,992630,17895,13709,2,2009,27
India,Maharashtra,Nanded,1058842,2209,2191,0,2009,4
India,Maharashtra,Nandurbar,593190,1224,128,0,2009,7
India,Maharashtra,Nashik,1550954,2520,769,1,2009,1
India,Maharashtra,Osmanabad,755003,31,8,0,2009,0
India,Maharashtra,Palghar,532756,12058,9783,1,2009,0
India,Maharashtra,Parbhani,632812,56,11,0,2009,0
India,Maharashtra,Pune,1560120,20505,7436,2,2009,0
India,Maharashtra,Raigarh,701070,28536,9898,3,2009,2
India,Maharashtra,Ratnagiri,846264,33833,24447,9,2009,3
India,Maharashtra,Sangli,853492,4437,5233,0,2009,0
India,Maharashtra,Satara,1046855,27561,26313,2,2009,2
India,Maharashtra,Sindhudurg,517121,96181,50568,62,2009,87
India,Maharashtra,Solapur,1486719,67,13,0,2009,0
India,Maharashtra,Thane,423883,6043,3295,1,2009,1
India,Maharashtra,Wardha,630912,578,35,0,2009,8
India,Maharashtra,Washim,519150,104,20,0,2009,0
India,Maharashtra,Yavatmal,1352653,1395,760,0,2009,18
India,Manipur,Bishnupur,48080,1740,2108,41,2009,6
India,Manipur,Chandel,318641,269516,271928,8411,2009,1485
India,Manipur,Churachandpur,471866,405634,397101,9196,2009,1325
India,Manipur,Imphal East,59830,18726,19984,132,2009,61
India,Manipur,Imphal West,48793,4009,4525,57,2009,17
India,Manipur,Senapati,348452,241261,254278,1584,2009,659
India,Manipur,Tamenglong,419673,386378,366470,6339,2009,989
India,Manipur,Thoubal,71407,6569,8341,90,2009,51
India,Manipur,Ukhrul,445329,369843,383303,7931,2009,1586
India,Meghalaya,East Garo Hills,218567,179466,163589,2813,2009,549
India,Meghalaya,East Khasi Hills,286198,179569,180921,716,2009,403
India,Meghalaya,Jaintia Hills,382407,272720,268991,1754,2009,1391
India,Meghalaya,North Garo Hills,61123,40202,33277,175,2009,131
India,Meghalaya,Ri Bhoi,238512,190725,179250,1685,2009,595
India,Meghalaya,South Garo Hills,184901,162994,155050,2463,2009,343
India,Meghalaya,South West Garo Hills,51848,24712,19344,485,2009,20
India,Meghalaya,South West Khasi Hills,142031,101167,99795,938,2009,207
India,Meghalaya,West Garo Hills,304369,219605,181181,3872,2009,457
India,Meghalaya,West Khasi Hills,381666,312728,311386,4233,2009,1088
India,Mizoram,Aizawl,345326,318685,295653,4861,2009,783
India,Mizoram,Champhai,343485,298619,288526,12121,2009,1697
India,Mizoram,Kolasib,134891,125638,118388,885,2009,244
India,Mizoram,Lawangtlai,204674,176551,164321,660,2009,214
India,Mizoram,Lunglei,455319,422560,390114,2812,2009,479
India,Mizoram,Mamit,307947,293143,271709,1490,2009,475
India,Mizoram,Saiha,197696,179646,171250,965,2009,236
India,Mizoram,Serchhip,135837,117116,110274,2492,2009,242
India,NCT of Delhi,West,150220,263,122,2,2009,1
India,Nagaland,Dimapur,86683,48008,47284,567,2009,255
India,Nagaland,Kiphire,112226,76884,81496,2438,2009,346
India,Nagaland,Kohima,131049,113206,112344,1181,2009,433
India,Nagaland,Longleng,58857,46310,45195,3993,2009,300
India,Nagaland,Mokokchung,160570,135765,136223,9544,2009,1034
India,Nagaland,Mon,216824,175757,171643,8986,2009,1416
India,Nagaland,Peren,168370,153322,150576,3445,2009,783
India,Nagaland,Phek,191044,138636,151738,1311,2009,406
India,Nagaland,Tuensang,214332,163570,160823,6000,2009,936
India,Nagaland,Wokha,162641,134385,131483,3190,2009,753
India,Nagaland,Zunheboto,157366,124499,128062,3311,2009,588
India,Odisha,Anugul,637420,147440,91636,6,2009,17
India,Odisha,Balangir,657722,21125,7843,4,2009,17
India,Odisha,Baleshwar,370526,8669,2339,6,2009,3
India,Odisha,Bargarh,580584,19856,11873,4,2009,20
India,Odisha,Bauda,312387,94961,69469,32,2009,32
India,Odisha,Bhadrak,245295,122,18,0,2009,0
India,Odisha,Cuttack,394435,20532,6500,0,2009,9
India,Odisha,Debagarh,281405,60859,46069,4,2009,8
India,Odisha,Dhenkanal,448128,34340,12465,2,2009,5
India,Odisha,Gajapati,406805,163314,117932,87,2009,460
India,Odisha,Ganjam,838046,161507,109710,36,2009,227
India,Odisha,Jagatsinghapur,167105,77,12,0,2009,0
India,Odisha,Jajapur,290367,4074,2310,0,2009,3
India,Odisha,Jharsuguda,212024,2842,3758,3,2009,1
India,Odisha,Kalahandi,791570,160738,107293,624,2009,759
India,Odisha,Kandhamal,806513,442907,364535,2967,2009,1142
India,Odisha,Kendrapara,248250,58,13,0,2009,0
India,Odisha,Kendujhar,832369,111738,67637,33,2009,211
India,Odisha,Khordha,275639,15903,4978,0,2009,7
India,Odisha,Koraput,858243,105476,88021,115,2009,199
India,Odisha,Malkangiri,583117,122556,79929,54,2009,211
India,Odisha,Mayurbhanj,1045106,220030,163423,8,2009,42
India,Odisha,Nabarangapur,530817,29098,20600,10,2009,134
India,Odisha,Nayagarh,389939,120024,62714,2,2009,37
India,Odisha,Nuapada,387082,32953,24937,1,2009,12
India,Odisha,Puri,350223,376,36,0,2009,2
India,Odisha,Rayagada,738185,215343,153190,295,2009,1082
India,Odisha,Sambalpur,674416,168907,136091,9,2009,43
India,Odisha,Subarnapur,236169,5721,2533,0,2009,6
India,Odisha,Sundargarh,973917,188647,158696,17,2009,101
India,Puducherry,Karaikal,19216,35,308,2,2009,0
India,Puducherry,Mahe,12834,6855,4980,6,2009,8
India,Puducherry,Puducherry,19529,19,264,2,2009,0
India,Puducherry,Yanam,3154,2,5,0,2009,0
India,Punjab,Amritsar,261222,377,432,6,2009,0
India,Punjab,Barnala,148257,320,4,0,2009,1
India,Punjab,Bathinda,336278,139,7,0,2009,0
India,Punjab,Faridkot,144767,75,0,0,2009,1
India,Punjab,Fatehgarh Sahib,117323,202,191,1,2009,1
India,Punjab,Fazilka,271964,87,3,0,2009,1
India,Punjab,Firozpur,250041,642,145,1,2009,4
India,Punjab,Gurdaspur,257822,347,502,8,2009,1
India,Punjab,Hoshiarpur,336023,36187,35452,102,2009,10
India,Punjab,Jalandhar,260276,36,24,0,2009,0
India,Punjab,Kapurthala,165789,563,284,4,2009,3
India,Punjab,Ludhiana,356965,1649,860,6,2009,7
India,Punjab,Mansa,220700,33,18,0,2009,0
India,Punjab,Moga,230248,779,15,0,2009,2
India,Punjab,Muktsar,259888,35,2,0,2009,0
India,Punjab,Pathankot,99880,11476,11764,118,2009,13
India,Punjab,Patiala,333599,1592,2279,9,2009,6
India,Punjab,Rupnagar,138152,10695,8336,44,2009,23
India,Punjab,Sahibzada Ajit Singh Nagar,108846,7882,7151,18,2009,7
India,Punjab,Sangrur,360325,296,209,2,2009,1
India,Punjab,Shahid Bhagat Singh Nagar,129603,1155,1502,10,2009,3
India,Punjab,Tarn Taran,234611,133,163,3,2009,0
India,Rajasthan,Ajmer,864832,2,0,0,2009,0
India,Rajasthan,Alwar,829131,4301,1955,46,2009,19
India,Rajasthan,Banswara,448765,44,12,0,2009,0
India,Rajasthan,Baran,682336,75,3,0,2009,1
India,Rajasthan,Barmer,2831742,0,0,0,2009,0
India,Rajasthan,Bharatpur,505079,543,402,7,2009,10
India,Rajasthan,Bhilwara,1044866,8,1,0,2009,0
India,Rajasthan,Bikaner,2692523,0,0,0,2009,0
India,Rajasthan,Bundi,557361,18,0,0,2009,0
India,Rajasthan,Chittaurgarh,757295,38,1,2,2009,1
India,Rajasthan,Churu,1705000,0,0,0,2009,0
India,Rajasthan,Dausa,358982,21,32,7,2009,0
India,Rajasthan,Dhaulpur,302532,43,20,0,2009,0
India,Rajasthan,Dungarpur,377631,12,2,0,2009,0
India,Rajasthan,Ganganagar,1166503,18,0,0,2009,0
India,Rajasthan,Hanumangarh,890122,1,0,0,2009,0
India,Rajasthan,Jaipur,1124440,250,114,5,2009,0
India,Rajasthan,Jaisalmer,3857174,0,0,0,2009,0
India,Rajasthan,Jalor,1070386,0,0,0,2009,0
India,Rajasthan,Jhalawar,624795,16,3,0,2009,0
India,Rajasthan,Jhunjhunun,591310,12,1,0,2009,0
India,Rajasthan,Jodhpur,2280202,0,0,0,2009,0
India,Rajasthan,Karauli,518220,40,116,12,2009,0
India,Rajasthan,Kota,550289,41,2,0,2009,1
India,Rajasthan,Nagaur,1764675,0,0,0,2009,0
India,Rajasthan,Pali,1232336,32,15,0,2009,0
India,Rajasthan,Pratapgarh,429766,62,16,0,2009,0
India,Rajasthan,Rajsamand,459177,100,85,0,2009,0
India,Rajasthan,Sawai Madhopur,467033,63,1,0,2009,0
India,Rajasthan,Sikar,768138,15,1,0,2009,0
India,Rajasthan,Sirohi,513533,1992,324,0,2009,0
India,Rajasthan,Tonk,723904,3,0,0,2009,0
India,Rajasthan,Udaipur,1200020,4288,1011,0,2009,1
India,Sikkim,East Sikkim,94656,54725,57243,28,2009,29
India,Sikkim,North Sikkim,424153,101793,94756,14,2009,40
India,Sikkim,South Sikkim,73171,39736,43238,6,2009,38
India,Sikkim,West Sikkim,116327,54197,58525,22,2009,29
India,Tamil Nadu,Ariyalur,195050,179,123,6,2009,0
India,Tamil Nadu,Chennai,19496,24,49,0,2009,0
India,Tamil Nadu,Coimbatore,381876,106394,99049,630,2009,20
India,Tamil Nadu,Cuddalore,381529,567,3119,30,2009,0
India,Tamil Nadu,Dharmapuri,451289,60229,40216,20,2009,1
India,Tamil Nadu,Dindigul,605693,131707,117953,1393,2009,40
India,Tamil Nadu,Erode,597195,110441,75879,31,2009,1
India,Tamil Nadu,Kancheepuram,465580,884,432,2,2009,2
India,Tamil Nadu,Kanniyakumari,159095,94368,73746,729,2009,137
India,Tamil Nadu,Karur,288912,2034,1747,16,2009,0
India,Tamil Nadu,Krishnagiri,513456,22659,9827,20,2009,2
India,Tamil Nadu,Madurai,368763,20142,12710,87,2009,15
India,Tamil Nadu,Nagappattinam,240430,2545,5577,43,2009,0
India,Tamil Nadu,Namakkal,340077,26491,18764,75,2009,2
India,Tamil Nadu,Perambalur,175214,6038,4306,0,2009,0
India,Tamil Nadu,Pudukkottai,469005,429,2027,35,2009,0
India,Tamil Nadu,Ramanathapuram,426072,1106,1433,4,2009,2
India,Tamil Nadu,Salem,521044,69377,48800,162,2009,10
India,Tamil Nadu,Sivaganga,406634,719,2896,40,2009,0
India,Tamil Nadu,Thanjavur,339136,6027,5306,127,2009,9
India,Tamil Nadu,The Nilgiris,254621,161439,142481,976,2009,52
India,Tamil Nadu,Theni,284519,68470,59469,295,2009,25
India,Tamil Nadu,Thiruvallur,330691,878,6890,14,2009,1
India,Tamil Nadu,Thiruvarur,251518,5829,11729,55,2009,1
India,Tamil Nadu,Thoothukkudi,471255,7328,2740,17,2009,16
India,Tamil Nadu,Tiruchirappalli,450426,19990,12920,64,2009,1
India,Tamil Nadu,Tirunelveli,677048,122641,101337,292,2009,22
India,Tamil Nadu,Tiruppur,579045,35152,29946,129,2009,3
India,Tamil Nadu,Tiruvannamalai,618357,53147,39589,7,2009,57
India,Tamil Nadu,Vellore,606757,52516,36387,13,2009,35
India,Tamil Nadu,Viluppuram,729374,26944,21438,82,2009,6
India,Tamil Nadu,Virudunagar,428927,13827,9721,44,2009,5
India,Telangana,Adilabad,1604386,43451,45576,1,2009,213
India,Telangana,Hyderabad,17802,7,0,0,2009,0
India,Telangana,Karimnagar,1190025,33293,27498,4,2009,122
India,Telangana,Khammam,1610018,420082,323300,263,2009,3690
India,Telangana,Mahbubnagar,1837327,16103,10164,7,2009,7
India,Telangana,Medak,975732,310,48,0,2009,4
India,Telangana,Nalgonda,1409411,393,362,55,2009,2
India,Telangana,Nizamabad,790786,5468,3355,0,2009,72
India,Telangana,Ranga Reddy,754836,86,8,0,2009,1
India,Telangana,Warangal,1280889,144423,93032,23,2009,1569
India,Tripura,Dhalai,243285,196775,179288,243,2009,828
India,Tripura,Gomati,141064,92622,78803,92,2009,1060
India,Tripura,Khowai,103448,64933,53587,77,2009,675
India,Tripura,North Tripura,131984,95513,85079,207,2009,407
India,Tripura,Sipahijala,102396,44035,31352,173,2009,492
India,Tripura,South Tripura,152454,84216,68592,115,2009,734
India,Tripura,Unokoti,77444,50734,41125,90,2009,389
India,Tripura,West Tripura,101551,40464,31891,180,2009,396
India,Uttar Pradesh,Agra,352635,1111,433,9,2009,2
India,Uttar Pradesh,Aligarh,386530,269,234,2,2009,4
India,Uttar Pradesh,Allahabad,514803,109,1798,87,2009,1
India,Uttar Pradesh,Ambedkar Nagar,232472,190,2167,34,2009,1
India,Uttar Pradesh,Amethi,330740,180,3026,42,2009,1
India,Uttar Pradesh,Amroha,251713,225,224,9,2009,5
India,Uttar Pradesh,Auraiya,217850,52,54,2,2009,0
India,Uttar Pradesh,Azamgarh,389662,399,3073,53,2009,6
India,Uttar Pradesh,Baghpat,133245,118,759,29,2009,3
India,Uttar Pradesh,Bahraich,368710,29878,23583,83,2009,6
India,Uttar Pradesh,Ballia,300802,152,3476,22,2009,1
India,Uttar Pradesh,Balrampur,336719,42532,40338,194,2009,18
India,Uttar Pradesh,Banda,451968,158,1145,3,2009,0
India,Uttar Pradesh,Barabanki,443233,439,1197,33,2009,2
India,Uttar Pradesh,Bareilly,378328,72,251,10,2009,0
India,Uttar Pradesh,Basti,251766,171,697,7,2009,1
India,Uttar Pradesh,Bijnor,431434,15649,15499,108,2009,14
India,Uttar Pradesh,Budaun,420899,86,113,4,2009,4
India,Uttar Pradesh,Bulandshahr,357886,101,37,3,2009,3
India,Uttar Pradesh,Chandauli,253552,1556,7401,189,2009,32
India,Uttar Pradesh,Chitrakoot,308393,5790,5255,26,2009,0
India,Uttar Pradesh,Deoria,255677,321,1221,10,2009,4
India,Uttar Pradesh,Etah,250079,120,115,2,2009,2
India,Uttar Pradesh,Etawah,215276,531,454,13,2009,1
India,Uttar Pradesh,Faizabad,209951,186,856,18,2009,0
India,Uttar Pradesh,Farrukhabad,218442,353,417,3,2009,15
India,Uttar Pradesh,Fatehpur,417684,14,65,2,2009,0
India,Uttar Pradesh,Firozabad,284638,426,155,4,2009,4
India,Uttar Pradesh,Gautam Buddha Nagar,138611,8,7,0,2009,0
India,Uttar Pradesh,Ghaziabad,87238,15,36,0,2009,0
India,Uttar Pradesh,Ghazipur,338598,527,9953,117,2009,2
India,Uttar Pradesh,Gonda,400797,3583,5474,28,2009,0
India,Uttar Pradesh,Gorakhpur,306670,1170,2561,17,2009,3
India,Uttar Pradesh,Hamirpur,426283,251,26,1,2009,0
India,Uttar Pradesh,Hapur,110314,33,25,1,2009,2
India,Uttar Pradesh,Hardoi,601016,1430,532,44,2009,33
India,Uttar Pradesh,Hathras,162087,113,52,1,2009,1
India,Uttar Pradesh,Jalaun,456365,32,4,0,2009,0
India,Uttar Pradesh,Jaunpur,403582,104,1442,23,2009,1
India,Uttar Pradesh,Jhansi,506579,161,35,0,2009,0
India,Uttar Pradesh,Kannauj,207454,139,16,3,2009,6
India,Uttar Pradesh,Kanpur Dehat,316373,26,84,4,2009,0
India,Uttar Pradesh,Kanpur Nagar,292815,65,55,1,2009,0
India,Uttar Pradesh,Kasganj,197603,280,150,2,2009,12
India,Uttar Pradesh,Kaushambi,210356,11,338,8,2009,0
India,Uttar Pradesh,Kushinagar,288811,531,749,2,2009,1
India,Uttar Pradesh,Lakhimpur Kheri,770148,94748,78902,302,2009,35
India,Uttar Pradesh,Lalitpur,504678,2496,623,4,2009,0
India,Uttar Pradesh,Lucknow,253976,1160,1453,103,2009,23
India,Uttar Pradesh,Maharajganj,318731,31937,35386,72,2009,7
India,Uttar Pradesh,Mahoba,283604,111,116,1,2009,0
India,Uttar Pradesh,Mainpuri,275040,148,137,4,2009,1
India,Uttar Pradesh,Mathura,337399,304,568,2,2009,1
India,Uttar Pradesh,Mau,206654,176,2088,15,2009,7
India,Uttar Pradesh,Meerut,260507,729,710,4,2009,2
India,Uttar Pradesh,Mirzapur,451742,76,126,2,2009,2
India,Uttar Pradesh,Moradabad,210602,62,167,8,2009,1
India,Uttar Pradesh,Muzaffarnagar,273061,336,1206,27,2009,2
India,Uttar Pradesh,Pilibhit,359157,51081,50411,89,2009,3
India,Uttar Pradesh,Pratapgarh,371568,115,984,17,2009,1
India,Uttar Pradesh,Rae Bareli,327076,73,496,10,2009,1
India,Uttar Pradesh,Rampur,257084,3333,3481,26,2009,3
India,Uttar Pradesh,Saharanpur,372025,19899,17358,50,2009,6
India,Uttar Pradesh,Sambhal,213644,19,1,0,2009,2
India,Uttar Pradesh,Sant Kabir Nagar,132684,182,964,16,2009,2
India,Uttar Pradesh,Sant Ravi Das Nagar,100916,16,181,8,2009,0
India,Uttar Pradesh,Shahjahanpur,465191,5698,5281,29,2009,6
India,Uttar Pradesh,Shamli,131834,222,327,10,2009,1
India,Uttar Pradesh,Shravasti,315223,29554,26449,126,2009,13
India,Uttar Pradesh,Siddharth Nagar,347860,721,2477,9,2009,2
India,Uttar Pradesh,Sitapur,578044,1843,905,175,2009,22
India,Uttar Pradesh,Sonbhadra,678916,4879,1358,2,2009,1
India,Uttar Pradesh,Sultanpur,246165,90,1438,16,2009,0
India,Uttar Pradesh,Unnao,459854,243,709,46,2009,12
India,Uttar Pradesh,Varanasi,155118,54,47,2,2009,1
India,Uttarakhand,Almora,310201,112210,83294,188,2009,54
India,Uttarakhand,Bageshwar,228123,79668,58991,4,2009,12
India,Uttarakhand,Chamoli,792867,192909,152828,19,2009,52
India,Uttarakhand,Champawat,168452,118482,115597,521,2009,36
India,Uttarakhand,Dehradun,306702,156029,150809,52,2009,27
India,Uttarakhand,Garhwal,545564,291677,261345,120,2009,76
India,Uttarakhand,Hardwar,238572,25703,24158,211,2009,3
India,Uttarakhand,Nainital,406379,297778,287829,3809,2009,319
India,Uttarakhand,Pithoragarh,732913,124243,89944,33,2009,20
India,Uttarakhand,Rudraprayag,121405,46549,38960,6,2009,21
India,Uttarakhand,Tehri Garhwal,438890,216898,212079,72,2009,86
India,Uttarakhand,Udham Singh Nagar,286233,54957,57103,955,2009,84
India,Uttarakhand,Uttarkashi,804550,231737,198289,63,2009,163
India,West Bengal,Alipurduar,280176,118440,83490,660,2009,417
India,West Bengal,Bankura,696472,423,15,27,2009,19
India,West Bengal,Barddhaman,704144,190,172,4,2009,0
India,West Bengal,Birbhum,455570,7,96,1,2009,0
India,West Bengal,Dakshin Dinajpur,211766,122,160,1,2009,0
India,West Bengal,Darjiling,314436,152184,156762,399,2009,186
India,West Bengal,Haora,144036,1435,922,2,2009,0
India,West Bengal,Hugli,315210,1188,244,0,2009,0
India,West Bengal,Jalpaiguri,338376,67359,49856,480,2009,155
India,West Bengal,Koch Bihar,338718,14449,8297,172,2009,17
India,West Bengal,Kolkata,9162,35,3,0,2009,0
India,West Bengal,Maldah,361110,212,147,10,2009,9
India,West Bengal,Murshidabad,541121,357,173,3,2009,1
India,West Bengal,Nadia,392088,2000,790,1,2009,3
India,West Bengal,North 24 Parganas,581554,35148,26531,0,2009,2
India,West Bengal,Pashchim Medinipur,940038,1560,174,72,2009,16
India,West Bengal,Purba Medinipur,398147,850,253,1,2009,0
India,West Bengal,Puruliya,625675,3124,117,1,2009,1
India,West Bengal,South 24 Parganas,552715,4568,3307,0,2009,0
India,West Bengal,Uttar Dinajpur,336010,4269,375,208,2009,69
India,Andaman and Nicobar,Nicobar Islands,172679,147634,144925,1587,2010,354
India,Andaman and Nicobar,North and Middle Andaman,340652,310759,308793,2600,2010,199
India,Andaman and Nicobar,South Andaman,247753,226008,225722,1658,2010,221
India,Andhra Pradesh,Anantapur,1922649,517,111,14,2010,0
India,Andhra Pradesh,Chittoor,1516880,81831,56859,218,2010,4
India,Andhra Pradesh,East Godavari,1075476,310205,284237,537,2010,439
India,Andhra Pradesh,Guntur,1141089,23783,57053,211,2010,103
India,Andhra Pradesh,Krishna,861607,17233,32054,57,2010,30
India,Andhra Pradesh,Kurnool,1777836,59574,40932,15,2010,2
India,Andhra Pradesh,Nellore,1301782,20837,28123,480,2010,3
India,Andhra Pradesh,Prakasam,1779564,79027,62790,158,2010,3
India,Andhra Pradesh,Srikakulam,627635,32693,20281,49,2010,38
India,Andhra Pradesh,Visakhapatnam,1137192,300879,241668,501,2010,282
India,Andhra Pradesh,Vizianagaram,572603,49147,37843,36,2010,41
India,Andhra Pradesh,West Godavari,775702,60575,58435,159,2010,67
India,Andhra Pradesh,Y.S.R.,1514967,69611,78628,109,2010,0
India,Arunachal Pradesh,Anjaw,651942,398495,369756,869,2010,114
India,Arunachal Pradesh,Changlang,503616,438332,431075,2788,2010,607
India,Arunachal Pradesh,Dibang Valley,751403,391182,373790,461,2010,20
India,Arunachal Pradesh,East Kameng,409167,390145,385591,1758,2010,165
India,Arunachal Pradesh,East Siang,361698,290410,288417,3988,2010,460
India,Arunachal Pradesh,Kurung Kumey,572190,445717,424968,1687,2010,64
India,Arunachal Pradesh,Lohit,344025,271516,266067,3990,2010,751
India,Arunachal Pradesh,Longding,93352,78346,76441,3641,2010,167
India,Arunachal Pradesh,Lower Dibang Valley,556430,415248,395777,2827,2010,316
India,Arunachal Pradesh,Lower Subansiri,378817,360577,353607,3121,2010,324
India,Arunachal Pradesh,Namsai,42486,17668,16789,468,2010,171
India,Arunachal Pradesh,Papum Pare,353251,332915,327083,1728,2010,483
India,Arunachal Pradesh,Tawang,215022,101851,91644,88,2010,67
India,Arunachal Pradesh,Tirap,109276,100278,97211,1525,2010,221
India,Arunachal Pradesh,Upper Siang,701634,542210,539323,2566,2010,421
India,Arunachal Pradesh,Upper Subansiri,641172,508012,470378,3444,2010,358
India,Arunachal Pradesh,West Kameng,734287,551070,545555,897,2010,195
India,Arunachal Pradesh,West Siang,779775,673340,659039,11997,2010,1022
India,Assam,Baksa,239364,50158,45466,75,2010,104
India,Assam,Barpeta,227857,10844,13386,12,2010,7
India,Assam,Bongaigaon,112362,15343,13976,40,2010,33
India,Assam,Cachar,378676,219197,215588,598,2010,293
India,Assam,Chirang,118891,44423,42350,24,2010,60
India,Assam,Darrang,159926,7656,4845,26,2010,25
India,Assam,Dhemaji,253740,39030,37503,185,2010,110
India,Assam,Dhubri,278096,35918,17751,73,2010,255
India,Assam,Dibrugarh,339191,84744,77617,1595,2010,427
India,Assam,Dima Hasao,490917,434941,406980,6766,2010,1277
India,Assam,Goalpara,190100,21348,19886,58,2010,98
India,Assam,Golaghat,352585,49848,45910,1026,2010,224
India,Assam,Hailakandi,133352,68651,62917,273,2010,114
India,Assam,Jorhat,283776,49292,45600,943,2010,189
India,Assam,Kamrup,330488,96479,91075,288,2010,264
India,Assam,Kamrup Metropolitan,79666,28785,22733,100,2010,59
India,Assam,Karbi Anglong,1042664,789948,763795,6958,2010,2535
India,Assam,Karimganj,183306,74681,67823,235,2010,235
India,Assam,Kokrajhar,328978,109051,92428,155,2010,1484
India,Assam,Lakhimpur,295203,53192,50368,413,2010,142
India,Assam,Morigaon,155363,10518,9080,25,2010,23
India,Assam,Nagaon,399001,77488,72138,443,2010,269
India,Assam,Nalbari,107600,11154,12942,2,2010,5
India,Assam,Sivasagar,263352,66061,58876,1211,2010,259
India,Assam,Sonitpur,528686,98395,84143,2521,2010,763
India,Assam,Tinsukia,379304,170120,170440,5279,2010,778
India,Assam,Udalguri,196790,32871,19883,548,2010,414
India,Bihar,Araria,281932,561,922,4,2010,0
India,Bihar,Arwal,66615,392,1880,14,2010,1
India,Bihar,Aurangabad,328198,875,630,5,2010,0
India,Bihar,Banka,309145,51,10,0,2010,0
India,Bihar,Begusarai,193928,196,271,1,2010,1
India,Bihar,Bhagalpur,256033,66,498,6,2010,0
India,Bihar,Bhojpur,237388,5464,22320,279,2010,7
India,Bihar,Buxar,170992,2040,5315,96,2010,13
India,Bihar,Darbhanga,228940,969,2839,15,2010,1
India,Bihar,Gaya,496554,2110,2748,2,2010,1
India,Bihar,Gopalganj,204094,175,2320,12,2010,1
India,Bihar,Jamui,308302,8863,2972,0,2010,0
India,Bihar,Jehanabad,93892,169,297,3,2010,3
India,Bihar,Kaimur,335075,4156,7422,89,2010,4
India,Bihar,Katihar,306233,107,223,8,2010,1
India,Bihar,Khagaria,149147,67,103,1,2010,0
India,Bihar,Kishanganj,193427,624,158,27,2010,2
India,Bihar,Lakhisarai,133641,7420,2606,11,2010,2
India,Bihar,Madhepura,183827,64,219,3,2010,1
India,Bihar,Madhubani,344146,3316,7618,25,2010,6
India,Bihar,Munger,136969,13748,10808,56,2010,0
India,Bihar,Muzaffarpur,318646,437,5012,8,2010,2
India,Bihar,Nalanda,233710,439,1645,4,2010,1
India,Bihar,Nawada,248578,9253,10478,1,2010,0
India,Bihar,Pashchim Champaran,523188,80413,80361,123,2010,39
India,Bihar,Patna,320539,1515,8189,38,2010,4
India,Bihar,Purba Champaran,399105,710,4891,6,2010,1
India,Bihar,Purnia,324600,128,133,6,2010,0
India,Bihar,Rohtas,386837,6235,7191,116,2010,8
India,Bihar,Saharsa,168897,153,215,4,2010,0
India,Bihar,Samastipur,290579,137,388,1,2010,0
India,Bihar,Saran,264523,223,3009,6,2010,1
India,Bihar,Sheikhpura,60405,9,18,0,2010,0
India,Bihar,Sheohar,57459,302,1358,6,2010,0
India,Bihar,Sitamarhi,205458,584,3341,7,2010,0
India,Bihar,Siwan,222545,223,3506,14,2010,1
India,Bihar,Supaul,238732,1517,2457,18,2010,10
India,Bihar,Vaishali,200961,132,1190,3,2010,1
India,Chandigarh,Chandigarh,11812,702,935,10,2010,0
India,Chhattisgarh,Balod,275414,16919,25869,3,2010,0
India,Chhattisgarh,Baloda Bazar,468572,25143,46646,1,2010,94
India,Chhattisgarh,Balrampur,633124,115996,64274,6,2010,15
India,Chhattisgarh,Bastar,591945,130358,118812,8,2010,155
India,Chhattisgarh,Bemetara,286904,44,29,0,2010,0
India,Chhattisgarh,Bijapur,879329,540837,498772,158,2010,87
India,Chhattisgarh,Bilaspur,555476,52822,34569,2,2010,95
India,Chhattisgarh,Dantewada,298090,88405,78733,17,2010,60
India,Chhattisgarh,Dhamtari,406306,84698,87870,1,2010,41
India,Chhattisgarh,Durg,298982,30,22,0,2010,0
India,Chhattisgarh,Gariaband,422957,110487,99238,1,2010,157
India,Chhattisgarh,Janjgir-Champa,387475,812,532,0,2010,9
India,Chhattisgarh,Jashpur,582341,73535,52235,2,2010,2
India,Chhattisgarh,Kabeerdham,422230,68990,63598,13,2010,26
India,Chhattisgarh,Kondagaon,509911,101269,93982,6,2010,133
India,Chhattisgarh,Korba,660932,134282,84264,2,2010,53
India,Chhattisgarh,Koriya,663712,115888,79594,1,2010,5
India,Chhattisgarh,Mahasamund,475380,7215,13348,3,2010,41
India,Chhattisgarh,Mungeli,278450,74732,52071,3,2010,32
India,Chhattisgarh,Narayanpur,392992,271260,249478,446,2010,98
India,Chhattisgarh,Raigarh,708412,55534,39766,4,2010,13
India,Chhattisgarh,Raipur,353390,370,888,0,2010,2
India,Chhattisgarh,Rajnandgaon,806554,113121,117362,50,2010,32
India,Chhattisgarh,Sukma,525060,150881,108640,44,2010,52
India,Chhattisgarh,Surajpur,544120,70867,40372,1,2010,17
India,Chhattisgarh,Surguja,399359,51150,32745,1,2010,14
India,Chhattisgarh,Uttar Bastar Kanker,715735,207926,200686,55,2010,113
India,Dadra and Nagar Haveli,Dadra and Nagar Haveli,49152,457,259,0,2010,0
India,Daman and Diu,Daman,5831,17,3,0,2010,0
India,Daman and Diu,Diu,2523,0,0,0,2010,0
India,Goa,North Goa,170604,41915,26028,1,2010,4
India,Goa,South Goa,198964,104551,90798,89,2010,1
India,Gujarat,Ahmadabad,773436,60,8,0,2010,0
India,Gujarat,Amreli,735510,5,1,0,2010,0
India,Gujarat,Anand,287832,46,7,0,2010,0
India,Gujarat,Aravalli,325245,10,2,1,2010,0
India,Gujarat,Banas Kantha,1061522,121,10,0,2010,0
India,Gujarat,Bharuch,543453,105,9,0,2010,0
India,Gujarat,Bhavnagar,677448,95,19,0,2010,0
India,Gujarat,Botad,162060,0,0,0,2010,0
India,Gujarat,Chhota Udaipur,368590,52,26,0,2010,0
India,Gujarat,Dahod,385651,310,44,0,2010,1
India,Gujarat,Devbhumi Dwarka,456016,17,0,0,2010,0
India,Gujarat,Gandhinagar,172338,1,0,0,2010,0
India,Gujarat,Gir Somnath,170164,15,1,6,2010,0
India,Gujarat,Jamnagar,670502,34,0,0,2010,0
India,Gujarat,Junagadh,702843,487,174,1,2010,0
India,Gujarat,Kachchh,4220838,33,2,0,2010,0
India,Gujarat,Kheda,398303,30,1,0,2010,0
India,Gujarat,Mahesana,438831,2,0,0,2010,0
India,Gujarat,Mahisagar,233539,11,4,0,2010,0
India,Gujarat,Morbi,481031,12,1,0,2010,0
India,Gujarat,Narmada,256838,2533,447,0,2010,1
India,Gujarat,Navsari,218334,1297,1294,0,2010,0
India,Gujarat,Panch Mahals,267704,27,16,0,2010,0
India,Gujarat,Patan,601243,0,0,0,2010,0
India,Gujarat,Porbandar,231056,39,0,0,2010,0
India,Gujarat,Rajkot,760630,17,2,0,2010,0
India,Gujarat,Sabar Kantha,418769,132,29,0,2010,1
India,Gujarat,Surat,439791,623,281,0,2010,0
India,Gujarat,Surendranagar,920266,180,26,0,2010,0
India,Gujarat,Tapi,314442,1563,620,0,2010,0
India,Gujarat,The Dangs,171142,8716,2274,0,2010,1
India,Gujarat,Vadodara,405249,9,1,0,2010,0
India,Gujarat,Valsad,301394,1346,1722,0,2010,0
India,Haryana,Ambala,175294,1380,1576,18,2010,5
India,Haryana,Bhiwani,463529,56,11,0,2010,0
India,Haryana,Faridabad,125761,80,174,8,2010,1
India,Haryana,Fatehabad,239977,13,54,0,2010,0
India,Haryana,Gurgaon,128536,169,111,1,2010,0
India,Haryana,Hisar,416939,68,6,0,2010,1
India,Haryana,Jhajjar,211225,135,91,4,2010,0
India,Haryana,Jind,273318,248,78,1,2010,1
India,Haryana,Kaithal,230046,1056,928,1,2010,2
India,Haryana,Karnal,258463,21,7,0,2010,0
India,Haryana,Kurukshetra,183593,445,241,1,2010,1
India,Haryana,Mahendragarh,193665,8,2,0,2010,0
India,Haryana,Mewat,146554,104,138,1,2010,0
India,Haryana,Palwal,90451,89,31,0,2010,1
India,Haryana,Panchkula,73780,27504,25438,39,2010,21
India,Haryana,Panipat,122468,60,365,19,2010,0
India,Haryana,Rewari,125324,47,23,0,2010,0
India,Haryana,Rohtak,168545,79,54,1,2010,0
India,Haryana,Sirsa,423119,4,3,0,2010,0
India,Haryana,Sonipat,221338,63,200,6,2010,1
India,Haryana,Yamunanagar,130521,11018,10477,22,2010,5
India,Himachal Pradesh,Bilaspur,116606,34773,31610,25,2010,2
India,Himachal Pradesh,Chamba,646061,170243,123366,144,2010,21
India,Himachal Pradesh,Hamirpur,112145,49052,45948,54,2010,5
India,Himachal Pradesh,Kangra,570651,231326,216284,499,2010,47
India,Himachal Pradesh,Kinnaur,645578,27943,15186,13,2010,12
India,Himachal Pradesh,Kullu,550194,151529,111321,40,2010,60
India,Himachal Pradesh,Lahul & Spiti,1380877,2610,1146,13,2010,0
India,Himachal Pradesh,Mandi,394812,172547,157589,136,2010,16
India,Himachal Pradesh,Shimla,513204,216911,160881,34,2010,18
India,Himachal Pradesh,Sirmaur,280863,163102,155136,103,2010,17
India,Himachal Pradesh,Solan,195597,92486,78371,65,2010,13
India,Himachal Pradesh,Una,153760,54587,51087,52,2010,8
India,Jammu and Kashmir,Anantnag,270262,74418,54946,33,2010,12
India,Jammu and Kashmir,Badgam,117282,15438,13073,7,2010,68
India,Jammu and Kashmir,Bandipore,252774,47946,34308,14,2010,18
India,Jammu and Kashmir,Baramulla,239201,61349,54085,60,2010,12
India,Jammu and Kashmir,Doda,262526,109809,74548,68,2010,9
India,Jammu and Kashmir,Ganderbal,126196,25483,18496,13,2010,11
India,Jammu and Kashmir,Jammu,214895,22392,18948,26,2010,7
India,Jammu and Kashmir,Kargil,1477323,225,38,11,2010,0
India,Jammu and Kashmir,Kathua,261794,62001,56822,106,2010,20
India,Jammu and Kashmir,Kishtwar,767032,113304,73885,40,2010,10
India,Jammu and Kashmir,Kulgam,134333,25547,24919,33,2010,27
India,Jammu and Kashmir,Kupwara,274748,117992,99047,63,2010,11
India,Jammu and Kashmir,Leh (Ladakh),4908732,62,19,15,2010,0
India,Jammu and Kashmir,Poonch,167356,60015,53733,22,2010,4
India,Jammu and Kashmir,Pulwama,73389,12895,12422,16,2010,2
India,Jammu and Kashmir,Rajouri,254200,83983,69907,19,2010,27
India,Jammu and Kashmir,Ramban,90221,27560,22655,4,2010,1
India,Jammu and Kashmir,Reasi,208383,84644,76285,23,2010,15
India,Jammu and Kashmir,Samba,84362,6928,6182,5,2010,4
India,Jammu and Kashmir,Shupiyan,72418,18029,20804,18,2010,22
India,Jammu and Kashmir,Srinagar,62771,11936,9782,12,2010,1
India,Jammu and Kashmir,Udhampur,245808,91063,77516,68,2010,5
India,Jharkhand,Bokaro,286989,10615,6059,0,2010,1
India,Jharkhand,Chatra,375718,35924,33133,28,2010,8
India,Jharkhand,Deoghar,244100,59,4,0,2010,0
India,Jharkhand,Dhanbad,208382,674,186,0,2010,0
India,Jharkhand,Dumka,377426,3146,665,133,2010,6
India,Jharkhand,Garhwa,407829,29720,12630,28,2010,4
India,Jharkhand,Giridih,499661,8970,5408,1,2010,0
India,Jharkhand,Godda,224195,4067,1254,67,2010,64
India,Jharkhand,Gumla,536525,58922,27871,1,2010,3
India,Jharkhand,Hazaribagh,481712,41777,39730,5,2010,31
India,Jharkhand,Jamtara,180473,8,0,0,2010,0
India,Jharkhand,Khunti,277225,15381,1120,1,2010,4
India,Jharkhand,Kodarma,132242,18562,19552,1,2010,0
India,Jharkhand,Latehar,426444,102907,50236,19,2010,42
India,Jharkhand,Lohardaga,149986,25424,13408,3,2010,7
India,Jharkhand,Pakur,181513,1630,958,66,2010,22
India,Jharkhand,Palamu,445541,18227,12788,29,2010,3
India,Jharkhand,Pashchimi Singhbhum,723098,133283,79138,10,2010,155
India,Jharkhand,Purbi Singhbhum,357770,9110,2382,3,2010,3
India,Jharkhand,Ramgarh,134403,5646,3524,0,2010,2
India,Jharkhand,Ranchi,488387,9234,1856,0,2010,2
India,Jharkhand,Sahibganj,219886,3225,589,93,2010,22
India,Jharkhand,Saraikela-kharsawan,265341,8165,1240,1,2010,1
India,Jharkhand,Simdega,379142,11654,3014,0,2010,1
India,Karnataka,Bagalkot,655258,105,42,0,2010,0
India,Karnataka,Bangalore,217903,162,26,2,2010,1
India,Karnataka,Bangalore Rural,230303,137,33,1,2010,0
India,Karnataka,Belgaum,1333488,49040,38050,38,2010,0
India,Karnataka,Bellary,842531,1836,226,2,2010,0
India,Karnataka,Bidar,543342,52,16,0,2010,1
India,Karnataka,Bijapur,1048432,53,15,0,2010,0
India,Karnataka,Chamrajnagar,565361,116045,83039,42,2010,0
India,Karnataka,Chikballapura,422931,1462,988,3,2010,0
India,Karnataka,Chikmagalur,718838,323326,298783,1150,2010,184
India,Karnataka,Chitradurga,842881,416,8,0,2010,0
India,Karnataka,Dakshina Kannada,456123,281111,231209,638,2010,325
India,Karnataka,Davanagere,660862,6521,346,6,2010,0
India,Karnataka,Dharwad,426092,464,1153,19,2010,0
India,Karnataka,Gadag,463089,15,1,0,2010,0
India,Karnataka,Gulbarga,1096303,48,10,0,2010,0
India,Karnataka,Hassan,679084,84418,62102,312,2010,99
India,Karnataka,Haveri,479411,587,321,15,2010,0
India,Karnataka,Kodagu,409587,308610,267919,818,2010,105
India,Karnataka,Kolar,397159,344,231,1,2010,0
India,Karnataka,Koppal,555591,14,7,7,2010,0
India,Karnataka,Mandya,492564,774,182,11,2010,1
India,Karnataka,Mysore,629741,70536,49242,92,2010,1
India,Karnataka,Raichur,843615,61,51,21,2010,0
India,Karnataka,Ramanagara,350745,2928,356,3,2010,0
India,Karnataka,Shimoga,773369,212771,134060,1093,2010,88
India,Karnataka,Tumkur,1059196,1426,314,7,2010,0
India,Karnataka,Udupi,390213,180568,137247,402,2010,94
India,Karnataka,Uttara Kannada,1027612,632365,575803,389,2010,0
India,Karnataka,Yadgir,526289,10,2,4,2010,0
India,Kerala,Alappuzha,124519,51188,46506,57,2010,1
India,Kerala,Ernakulam,225002,142323,115571,955,2010,3
India,Kerala,Idukki,499006,422964,413423,3789,2010,5
India,Kerala,Kannur,277392,220056,195713,302,2010,109
India,Kerala,Kasaragod,195107,107422,81572,231,2010,54
India,Kerala,Kollam,240436,193294,179738,2383,2010,3
India,Kerala,Kottayam,210255,158914,131488,431,2010,3
India,Kerala,Kozhikode,227197,161134,131968,156,2010,4
India,Kerala,Malappuram,349994,174081,128652,191,2010,1
India,Kerala,Palakkad,447188,216046,180783,692,2010,0
India,Kerala,Pathanamthitta,263424,235819,214996,828,2010,4
India,Kerala,Thiruvananthapuram,204253,153498,127197,1845,2010,12
India,Kerala,Thrissur,294081,191936,170228,866,2010,0
India,Kerala,Wayanad,212196,169547,159045,655,2010,5
India,Lakshadweep,Lakshadweep,3482,0,0,0,2010,0
India,Madhya Pradesh,Agar Malwa,276772,11,3,0,2010,0
India,Madhya Pradesh,Alirajpur,333104,526,41,0,2010,0
India,Madhya Pradesh,Anuppur,202588,5151,2964,0,2010,0
India,Madhya Pradesh,Ashoknagar,472393,353,150,3,2010,0
India,Madhya Pradesh,Balaghat,924893,318150,284474,110,2010,149
India,Madhya Pradesh,Barwani,542445,191,26,0,2010,0
India,Madhya Pradesh,Betul,1006834,44619,12942,15,2010,4
India,Madhya Pradesh,Bhind,447252,37,29,5,2010,0
India,Madhya Pradesh,Bhopal,272180,411,388,1,2010,0
India,Madhya Pradesh,Burhanpur,319674,304,101,0,2010,0
India,Madhya Pradesh,Chhatarpur,871307,9432,10557,37,2010,0
India,Madhya Pradesh,Chhindwara,1180484,47596,33573,19,2010,1
India,Madhya Pradesh,Damoh,735338,4141,3718,2,2010,0
India,Madhya Pradesh,Datia,252254,13,5,0,2010,0
India,Madhya Pradesh,Dewas,695694,683,550,0,2010,0
India,Madhya Pradesh,Dhar,813433,45,48,0,2010,0
India,Madhya Pradesh,Dindori,648866,165015,140518,13,2010,2
India,Madhya Pradesh,East Nimar,744494,2848,672,0,2010,0
India,Madhya Pradesh,Guna,629701,209,67,0,2010,0
India,Madhya Pradesh,Gwalior,458064,63,10,0,2010,0
India,Madhya Pradesh,Harda,331452,2518,1267,0,2010,1
India,Madhya Pradesh,Hoshangabad,670862,79045,47640,16,2010,6
India,Madhya Pradesh,Indore,390867,572,403,0,2010,0
India,Madhya Pradesh,Jabalpur,401166,8857,5026,2,2010,0
India,Madhya Pradesh,Jhabua,342698,9,2,0,2010,0
India,Madhya Pradesh,Katni,616355,20446,11180,17,2010,9
India,Madhya Pradesh,Mandla,677220,93818,90165,22,2010,6
India,Madhya Pradesh,Mandsaur,563118,66,10,0,2010,1
India,Madhya Pradesh,Morena,498479,60,23,2,2010,0
India,Madhya Pradesh,Narsimhapur,514459,17516,13262,4,2010,0
India,Madhya Pradesh,Neemuch,415427,39,11,0,2010,0
India,Madhya Pradesh,Panna,711358,11942,7857,13,2010,0
India,Madhya Pradesh,Raisen,849516,17063,21246,30,2010,4
India,Madhya Pradesh,Rajgarh,612022,44,39,0,2010,0
India,Madhya Pradesh,Ratlam,481618,33,6,0,2010,0
India,Madhya Pradesh,Rewa,631423,2701,3804,1,2010,0
India,Madhya Pradesh,Sagar,1025228,8268,4206,4,2010,3
India,Madhya Pradesh,Satna,750261,10327,5053,28,2010,2
India,Madhya Pradesh,Sehore,656297,4726,5166,6,2010,1
India,Madhya Pradesh,Seoni,875671,60198,52693,10,2010,0
India,Madhya Pradesh,Shahdol,831826,36032,26519,4,2010,2
India,Madhya Pradesh,Shajapur,352411,38,6,0,2010,0
India,Madhya Pradesh,Sheopur,652461,400,40,0,2010,0
India,Madhya Pradesh,Shivpuri,1046628,407,84,1,2010,0
India,Madhya Pradesh,Sidhi,478016,43220,33835,10,2010,0
India,Madhya Pradesh,Singrauli,578643,24183,22954,3,2010,1
India,Madhya Pradesh,Tikamgarh,506638,22,12,1,2010,0
India,Madhya Pradesh,Ujjain,608217,73,8,0,2010,0
India,Madhya Pradesh,Umaria,372591,32574,20399,10,2010,7
India,Madhya Pradesh,Vidisha,730295,2580,2838,0,2010,0
India,Madhya Pradesh,West Nimar,804393,504,174,0,2010,0
India,Maharashtra,Ahmadnagar,1613065,2155,685,0,2010,1
India,Maharashtra,Akola,551391,121,42,0,2010,0
India,Maharashtra,Amravati,1218596,37188,22756,1,2010,13
India,Maharashtra,Aurangabad,1009310,139,70,0,2010,0
India,Maharashtra,Bhandara,470048,29630,22796,10,2010,61
India,Maharashtra,Bid,1141360,18,8,0,2010,0
India,Maharashtra,Buldana,960383,562,217,0,2010,0
India,Maharashtra,Chandrapur,1130866,38431,26245,6,2010,70
India,Maharashtra,Dhule,716652,292,76,0,2010,0
India,Maharashtra,Garhchiroli,1446063,565777,532217,86,2010,150
India,Maharashtra,Gondiya,463678,77177,66986,14,2010,55
India,Maharashtra,Hingoli,468553,51,13,0,2010,1
India,Maharashtra,Jalgaon,1174820,1357,485,0,2010,1
India,Maharashtra,Jalna,777897,9,3,0,2010,0
India,Maharashtra,Kolhapur,765441,64263,50160,19,2010,3
India,Maharashtra,Latur,723325,84,9,0,2010,0
India,Maharashtra,Mumbai City,6798,2,0,0,2010,0
India,Maharashtra,Mumbai Suburban,41216,913,1816,0,2010,0
India,Maharashtra,Nagpur,992630,17895,13709,2,2010,5
India,Maharashtra,Nanded,1058842,2209,2191,0,2010,1
India,Maharashtra,Nandurbar,593190,1224,128,0,2010,0
India,Maharashtra,Nashik,1550954,2520,769,1,2010,0
India,Maharashtra,Osmanabad,755003,31,8,0,2010,0
India,Maharashtra,Palghar,532756,12058,9783,1,2010,0
India,Maharashtra,Parbhani,632812,56,11,0,2010,0
India,Maharashtra,Pune,1560120,20505,7436,2,2010,1
India,Maharashtra,Raigarh,701070,28536,9898,3,2010,2
India,Maharashtra,Ratnagiri,846264,33833,24447,9,2010,3
India,Maharashtra,Sangli,853492,4437,5233,0,2010,0
India,Maharashtra,Satara,1046855,27561,26313,2,2010,2
India,Maharashtra,Sindhudurg,517121,96181,50568,62,2010,51
India,Maharashtra,Solapur,1486719,67,13,0,2010,0
India,Maharashtra,Thane,423883,6043,3295,1,2010,0
India,Maharashtra,Wardha,630912,578,35,0,2010,2
India,Maharashtra,Washim,519150,104,20,0,2010,0
India,Maharashtra,Yavatmal,1352653,1395,760,0,2010,1
India,Manipur,Bishnupur,48080,1740,2108,41,2010,5
India,Manipur,Chandel,318641,269516,271928,8411,2010,729
India,Manipur,Churachandpur,471866,405634,397101,9196,2010,1158
India,Manipur,Imphal East,59830,18726,19984,132,2010,44
India,Manipur,Imphal West,48793,4009,4525,57,2010,9
India,Manipur,Senapati,348452,241261,254278,1584,2010,603
India,Manipur,Tamenglong,419673,386378,366470,6339,2010,892
India,Manipur,Thoubal,71407,6569,8341,90,2010,15
India,Manipur,Ukhrul,445329,369843,383303,7931,2010,875
India,Meghalaya,East Garo Hills,218567,179466,163589,2813,2010,774
India,Meghalaya,East Khasi Hills,286198,179569,180921,716,2010,359
India,Meghalaya,Jaintia Hills,382407,272720,268991,1754,2010,1020
India,Meghalaya,North Garo Hills,61123,40202,33277,175,2010,246
India,Meghalaya,Ri Bhoi,238512,190725,179250,1685,2010,637
India,Meghalaya,South Garo Hills,184901,162994,155050,2463,2010,466
India,Meghalaya,South West Garo Hills,51848,24712,19344,485,2010,32
India,Meghalaya,South West Khasi Hills,142031,101167,99795,938,2010,425
India,Meghalaya,West Garo Hills,304369,219605,181181,3872,2010,746
India,Meghalaya,West Khasi Hills,381666,312728,311386,4233,2010,1927
India,Mizoram,Aizawl,345326,318685,295653,4861,2010,422
India,Mizoram,Champhai,343485,298619,288526,12121,2010,1385
India,Mizoram,Kolasib,134891,125638,118388,885,2010,134
India,Mizoram,Lawangtlai,204674,176551,164321,660,2010,99
India,Mizoram,Lunglei,455319,422560,390114,2812,2010,308
India,Mizoram,Mamit,307947,293143,271709,1490,2010,308
India,Mizoram,Saiha,197696,179646,171250,965,2010,150
India,Mizoram,Serchhip,135837,117116,110274,2492,2010,191
India,NCT of Delhi,West,150220,263,122,2,2010,1
India,Nagaland,Dimapur,86683,48008,47284,567,2010,157
India,Nagaland,Kiphire,112226,76884,81496,2438,2010,229
India,Nagaland,Kohima,131049,113206,112344,1181,2010,246
India,Nagaland,Longleng,58857,46310,45195,3993,2010,245
India,Nagaland,Mokokchung,160570,135765,136223,9544,2010,592
India,Nagaland,Mon,216824,175757,171643,8986,2010,980
India,Nagaland,Peren,168370,153322,150576,3445,2010,757
India,Nagaland,Phek,191044,138636,151738,1311,2010,163
India,Nagaland,Tuensang,214332,163570,160823,6000,2010,506
India,Nagaland,Wokha,162641,134385,131483,3190,2010,569
India,Nagaland,Zunheboto,157366,124499,128062,3311,2010,375
India,Odisha,Anugul,637420,147440,91636,6,2010,48
India,Odisha,Balangir,657722,21125,7843,4,2010,26
India,Odisha,Baleshwar,370526,8669,2339,6,2010,5
India,Odisha,Bargarh,580584,19856,11873,4,2010,13
India,Odisha,Bauda,312387,94961,69469,32,2010,13
India,Odisha,Bhadrak,245295,122,18,0,2010,0
India,Odisha,Cuttack,394435,20532,6500,0,2010,17
India,Odisha,Debagarh,281405,60859,46069,4,2010,22
India,Odisha,Dhenkanal,448128,34340,12465,2,2010,15
India,Odisha,Gajapati,406805,163314,117932,87,2010,181
India,Odisha,Ganjam,838046,161507,109710,36,2010,173
India,Odisha,Jagatsinghapur,167105,77,12,0,2010,0
India,Odisha,Jajapur,290367,4074,2310,0,2010,1
India,Odisha,Jharsuguda,212024,2842,3758,3,2010,1
India,Odisha,Kalahandi,791570,160738,107293,624,2010,284
India,Odisha,Kandhamal,806513,442907,364535,2967,2010,461
India,Odisha,Kendrapara,248250,58,13,0,2010,0
India,Odisha,Kendujhar,832369,111738,67637,33,2010,175
India,Odisha,Khordha,275639,15903,4978,0,2010,5
India,Odisha,Koraput,858243,105476,88021,115,2010,82
India,Odisha,Malkangiri,583117,122556,79929,54,2010,175
India,Odisha,Mayurbhanj,1045106,220030,163423,8,2010,91
India,Odisha,Nabarangapur,530817,29098,20600,10,2010,198
India,Odisha,Nayagarh,389939,120024,62714,2,2010,35
India,Odisha,Nuapada,387082,32953,24937,1,2010,35
India,Odisha,Puri,350223,376,36,0,2010,1
India,Odisha,Rayagada,738185,215343,153190,295,2010,161
India,Odisha,Sambalpur,674416,168907,136091,9,2010,82
India,Odisha,Subarnapur,236169,5721,2533,0,2010,8
India,Odisha,Sundargarh,973917,188647,158696,17,2010,87
India,Puducherry,Karaikal,19216,35,308,2,2010,0
India,Puducherry,Mahe,12834,6855,4980,6,2010,2
India,Puducherry,Puducherry,19529,19,264,2,2010,0
India,Puducherry,Yanam,3154,2,5,0,2010,0
India,Punjab,Amritsar,261222,377,432,6,2010,1
India,Punjab,Barnala,148257,320,4,0,2010,9
India,Punjab,Bathinda,336278,139,7,0,2010,1
India,Punjab,Faridkot,144767,75,0,0,2010,1
India,Punjab,Fatehgarh Sahib,117323,202,191,1,2010,1
India,Punjab,Fazilka,271964,87,3,0,2010,1
India,Punjab,Firozpur,250041,642,145,1,2010,7
India,Punjab,Gurdaspur,257822,347,502,8,2010,1
India,Punjab,Hoshiarpur,336023,36187,35452,102,2010,15
India,Punjab,Jalandhar,260276,36,24,0,2010,0
India,Punjab,Kapurthala,165789,563,284,4,2010,3
India,Punjab,Ludhiana,356965,1649,860,6,2010,19
India,Punjab,Mansa,220700,33,18,0,2010,0
India,Punjab,Moga,230248,779,15,0,2010,23
India,Punjab,Muktsar,259888,35,2,0,2010,0
India,Punjab,Pathankot,99880,11476,11764,118,2010,8
India,Punjab,Patiala,333599,1592,2279,9,2010,3
India,Punjab,Rupnagar,138152,10695,8336,44,2010,13
India,Punjab,Sahibzada Ajit Singh Nagar,108846,7882,7151,18,2010,7
India,Punjab,Sangrur,360325,296,209,2,2010,1
India,Punjab,Shahid Bhagat Singh Nagar,129603,1155,1502,10,2010,2
India,Punjab,Tarn Taran,234611,133,163,3,2010,1
India,Rajasthan,Ajmer,864832,2,0,0,2010,0
India,Rajasthan,Alwar,829131,4301,1955,46,2010,0
India,Rajasthan,Banswara,448765,44,12,0,2010,0
India,Rajasthan,Baran,682336,75,3,0,2010,0
India,Rajasthan,Barmer,2831742,0,0,0,2010,0
India,Rajasthan,Bharatpur,505079,543,402,7,2010,0
India,Rajasthan,Bhilwara,1044866,8,1,0,2010,0
India,Rajasthan,Bikaner,2692523,0,0,0,2010,0
India,Rajasthan,Bundi,557361,18,0,0,2010,0
India,Rajasthan,Chittaurgarh,757295,38,1,2,2010,0
India,Rajasthan,Churu,1705000,0,0,0,2010,0
India,Rajasthan,Dausa,358982,21,32,7,2010,0
India,Rajasthan,Dhaulpur,302532,43,20,0,2010,0
India,Rajasthan,Dungarpur,377631,12,2,0,2010,0
India,Rajasthan,Ganganagar,1166503,18,0,0,2010,0
India,Rajasthan,Hanumangarh,890122,1,0,0,2010,0
India,Rajasthan,Jaipur,1124440,250,114,5,2010,0
India,Rajasthan,Jaisalmer,3857174,0,0,0,2010,0
India,Rajasthan,Jalor,1070386,0,0,0,2010,0
India,Rajasthan,Jhalawar,624795,16,3,0,2010,0
India,Rajasthan,Jhunjhunun,591310,12,1,0,2010,0
India,Rajasthan,Jodhpur,2280202,0,0,0,2010,0
India,Rajasthan,Karauli,518220,40,116,12,2010,0
India,Rajasthan,Kota,550289,41,2,0,2010,1
India,Rajasthan,Nagaur,1764675,0,0,0,2010,0
India,Rajasthan,Pali,1232336,32,15,0,2010,0
India,Rajasthan,Pratapgarh,429766,62,16,0,2010,1
India,Rajasthan,Rajsamand,459177,100,85,0,2010,0
India,Rajasthan,Sawai Madhopur,467033,63,1,0,2010,0
India,Rajasthan,Sikar,768138,15,1,0,2010,0
India,Rajasthan,Sirohi,513533,1992,324,0,2010,0
India,Rajasthan,Tonk,723904,3,0,0,2010,0
India,Rajasthan,Udaipur,1200020,4288,1011,0,2010,3
India,Sikkim,East Sikkim,94656,54725,57243,28,2010,24
India,Sikkim,North Sikkim,424153,101793,94756,14,2010,25
India,Sikkim,South Sikkim,73171,39736,43238,6,2010,14
India,Sikkim,West Sikkim,116327,54197,58525,22,2010,17
India,Tamil Nadu,Ariyalur,195050,179,123,6,2010,1
India,Tamil Nadu,Chennai,19496,24,49,0,2010,0
India,Tamil Nadu,Coimbatore,381876,106394,99049,630,2010,0
India,Tamil Nadu,Cuddalore,381529,567,3119,30,2010,2
India,Tamil Nadu,Dharmapuri,451289,60229,40216,20,2010,0
India,Tamil Nadu,Dindigul,605693,131707,117953,1393,2010,0
India,Tamil Nadu,Erode,597195,110441,75879,31,2010,0
India,Tamil Nadu,Kancheepuram,465580,884,432,2,2010,1
India,Tamil Nadu,Kanniyakumari,159095,94368,73746,729,2010,66
India,Tamil Nadu,Karur,288912,2034,1747,16,2010,0
India,Tamil Nadu,Krishnagiri,513456,22659,9827,20,2010,0
India,Tamil Nadu,Madurai,368763,20142,12710,87,2010,0
India,Tamil Nadu,Nagappattinam,240430,2545,5577,43,2010,5
India,Tamil Nadu,Namakkal,340077,26491,18764,75,2010,0
India,Tamil Nadu,Perambalur,175214,6038,4306,0,2010,0
India,Tamil Nadu,Pudukkottai,469005,429,2027,35,2010,0
India,Tamil Nadu,Ramanathapuram,426072,1106,1433,4,2010,4
India,Tamil Nadu,Salem,521044,69377,48800,162,2010,0
India,Tamil Nadu,Sivaganga,406634,719,2896,40,2010,0
India,Tamil Nadu,Thanjavur,339136,6027,5306,127,2010,15
India,Tamil Nadu,The Nilgiris,254621,161439,142481,976,2010,0
India,Tamil Nadu,Theni,284519,68470,59469,295,2010,1
India,Tamil Nadu,Thiruvallur,330691,878,6890,14,2010,2
India,Tamil Nadu,Thiruvarur,251518,5829,11729,55,2010,6
India,Tamil Nadu,Thoothukkudi,471255,7328,2740,17,2010,0
India,Tamil Nadu,Tiruchirappalli,450426,19990,12920,64,2010,0
India,Tamil Nadu,Tirunelveli,677048,122641,101337,292,2010,0
India,Tamil Nadu,Tiruppur,579045,35152,29946,129,2010,0
India,Tamil Nadu,Tiruvannamalai,618357,53147,39589,7,2010,0
India,Tamil Nadu,Vellore,606757,52516,36387,13,2010,0
India,Tamil Nadu,Viluppuram,729374,26944,21438,82,2010,0
India,Tamil Nadu,Virudunagar,428927,13827,9721,44,2010,0
India,Telangana,Adilabad,1604386,43451,45576,1,2010,11
India,Telangana,Hyderabad,17802,7,0,0,2010,0
India,Telangana,Karimnagar,1190025,33293,27498,4,2010,8
India,Telangana,Khammam,1610018,420082,323300,263,2010,1098
India,Telangana,Mahbubnagar,1837327,16103,10164,7,2010,0
India,Telangana,Medak,975732,310,48,0,2010,0
India,Telangana,Nalgonda,1409411,393,362,55,2010,0
India,Telangana,Nizamabad,790786,5468,3355,0,2010,2
India,Telangana,Ranga Reddy,754836,86,8,0,2010,0
India,Telangana,Warangal,1280889,144423,93032,23,2010,154
India,Tripura,Dhalai,243285,196775,179288,243,2010,684
India,Tripura,Gomati,141064,92622,78803,92,2010,634
India,Tripura,Khowai,103448,64933,53587,77,2010,273
India,Tripura,North Tripura,131984,95513,85079,207,2010,272
India,Tripura,Sipahijala,102396,44035,31352,173,2010,408
India,Tripura,South Tripura,152454,84216,68592,115,2010,525
India,Tripura,Unokoti,77444,50734,41125,90,2010,317
India,Tripura,West Tripura,101551,40464,31891,180,2010,218
India,Uttar Pradesh,Agra,352635,1111,433,9,2010,4
India,Uttar Pradesh,Aligarh,386530,269,234,2,2010,1
India,Uttar Pradesh,Allahabad,514803,109,1798,87,2010,0
India,Uttar Pradesh,Ambedkar Nagar,232472,190,2167,34,2010,0
India,Uttar Pradesh,Amethi,330740,180,3026,42,2010,0
India,Uttar Pradesh,Amroha,251713,225,224,9,2010,2
India,Uttar Pradesh,Auraiya,217850,52,54,2,2010,0
India,Uttar Pradesh,Azamgarh,389662,399,3073,53,2010,2
India,Uttar Pradesh,Baghpat,133245,118,759,29,2010,1
India,Uttar Pradesh,Bahraich,368710,29878,23583,83,2010,4
India,Uttar Pradesh,Ballia,300802,152,3476,22,2010,0
India,Uttar Pradesh,Balrampur,336719,42532,40338,194,2010,9
India,Uttar Pradesh,Banda,451968,158,1145,3,2010,0
India,Uttar Pradesh,Barabanki,443233,439,1197,33,2010,1
India,Uttar Pradesh,Bareilly,378328,72,251,10,2010,0
India,Uttar Pradesh,Basti,251766,171,697,7,2010,0
India,Uttar Pradesh,Bijnor,431434,15649,15499,108,2010,51
India,Uttar Pradesh,Budaun,420899,86,113,4,2010,2
India,Uttar Pradesh,Bulandshahr,357886,101,37,3,2010,1
India,Uttar Pradesh,Chandauli,253552,1556,7401,189,2010,4
India,Uttar Pradesh,Chitrakoot,308393,5790,5255,26,2010,0
India,Uttar Pradesh,Deoria,255677,321,1221,10,2010,1
India,Uttar Pradesh,Etah,250079,120,115,2,2010,0
India,Uttar Pradesh,Etawah,215276,531,454,13,2010,1
India,Uttar Pradesh,Faizabad,209951,186,856,18,2010,0
India,Uttar Pradesh,Farrukhabad,218442,353,417,3,2010,5
India,Uttar Pradesh,Fatehpur,417684,14,65,2,2010,0
India,Uttar Pradesh,Firozabad,284638,426,155,4,2010,1
India,Uttar Pradesh,Gautam Buddha Nagar,138611,8,7,0,2010,0
India,Uttar Pradesh,Ghaziabad,87238,15,36,0,2010,0
India,Uttar Pradesh,Ghazipur,338598,527,9953,117,2010,3
India,Uttar Pradesh,Gonda,400797,3583,5474,28,2010,0
India,Uttar Pradesh,Gorakhpur,306670,1170,2561,17,2010,1
India,Uttar Pradesh,Hamirpur,426283,251,26,1,2010,0
India,Uttar Pradesh,Hapur,110314,33,25,1,2010,1
India,Uttar Pradesh,Hardoi,601016,1430,532,44,2010,22
India,Uttar Pradesh,Hathras,162087,113,52,1,2010,0
India,Uttar Pradesh,Jalaun,456365,32,4,0,2010,0
India,Uttar Pradesh,Jaunpur,403582,104,1442,23,2010,0
India,Uttar Pradesh,Jhansi,506579,161,35,0,2010,1
India,Uttar Pradesh,Kannauj,207454,139,16,3,2010,2
India,Uttar Pradesh,Kanpur Dehat,316373,26,84,4,2010,0
India,Uttar Pradesh,Kanpur Nagar,292815,65,55,1,2010,0
India,Uttar Pradesh,Kasganj,197603,280,150,2,2010,6
India,Uttar Pradesh,Kaushambi,210356,11,338,8,2010,0
India,Uttar Pradesh,Kushinagar,288811,531,749,2,2010,0
India,Uttar Pradesh,Lakhimpur Kheri,770148,94748,78902,302,2010,37
India,Uttar Pradesh,Lalitpur,504678,2496,623,4,2010,0
India,Uttar Pradesh,Lucknow,253976,1160,1453,103,2010,7
India,Uttar Pradesh,Maharajganj,318731,31937,35386,72,2010,4
India,Uttar Pradesh,Mahoba,283604,111,116,1,2010,0
India,Uttar Pradesh,Mainpuri,275040,148,137,4,2010,0
India,Uttar Pradesh,Mathura,337399,304,568,2,2010,0
India,Uttar Pradesh,Mau,206654,176,2088,15,2010,2
India,Uttar Pradesh,Meerut,260507,729,710,4,2010,2
India,Uttar Pradesh,Mirzapur,451742,76,126,2,2010,0
India,Uttar Pradesh,Moradabad,210602,62,167,8,2010,0
India,Uttar Pradesh,Muzaffarnagar,273061,336,1206,27,2010,0
India,Uttar Pradesh,Pilibhit,359157,51081,50411,89,2010,7
India,Uttar Pradesh,Pratapgarh,371568,115,984,17,2010,0
India,Uttar Pradesh,Rae Bareli,327076,73,496,10,2010,0
India,Uttar Pradesh,Rampur,257084,3333,3481,26,2010,2
India,Uttar Pradesh,Saharanpur,372025,19899,17358,50,2010,7
India,Uttar Pradesh,Sambhal,213644,19,1,0,2010,0
India,Uttar Pradesh,Sant Kabir Nagar,132684,182,964,16,2010,1
India,Uttar Pradesh,Sant Ravi Das Nagar,100916,16,181,8,2010,0
India,Uttar Pradesh,Shahjahanpur,465191,5698,5281,29,2010,2
India,Uttar Pradesh,Shamli,131834,222,327,10,2010,2
India,Uttar Pradesh,Shravasti,315223,29554,26449,126,2010,7
India,Uttar Pradesh,Siddharth Nagar,347860,721,2477,9,2010,0
India,Uttar Pradesh,Sitapur,578044,1843,905,175,2010,11
India,Uttar Pradesh,Sonbhadra,678916,4879,1358,2,2010,4
India,Uttar Pradesh,Sultanpur,246165,90,1438,16,2010,0
India,Uttar Pradesh,Unnao,459854,243,709,46,2010,3
India,Uttar Pradesh,Varanasi,155118,54,47,2,2010,0
India,Uttarakhand,Almora,310201,112210,83294,188,2010,12
India,Uttarakhand,Bageshwar,228123,79668,58991,4,2010,4
India,Uttarakhand,Chamoli,792867,192909,152828,19,2010,17
India,Uttarakhand,Champawat,168452,118482,115597,521,2010,62
India,Uttarakhand,Dehradun,306702,156029,150809,52,2010,18
India,Uttarakhand,Garhwal,545564,291677,261345,120,2010,70
India,Uttarakhand,Hardwar,238572,25703,24158,211,2010,5
India,Uttarakhand,Nainital,406379,297778,287829,3809,2010,349
India,Uttarakhand,Pithoragarh,732913,124243,89944,33,2010,10
India,Uttarakhand,Rudraprayag,121405,46549,38960,6,2010,7
India,Uttarakhand,Tehri Garhwal,438890,216898,212079,72,2010,31
India,Uttarakhand,Udham Singh Nagar,286233,54957,57103,955,2010,93
India,Uttarakhand,Uttarkashi,804550,231737,198289,63,2010,23
India,West Bengal,Alipurduar,280176,118440,83490,660,2010,1529
India,West Bengal,Bankura,696472,423,15,27,2010,42
India,West Bengal,Barddhaman,704144,190,172,4,2010,1
India,West Bengal,Birbhum,455570,7,96,1,2010,0
India,West Bengal,Dakshin Dinajpur,211766,122,160,1,2010,0
India,West Bengal,Darjiling,314436,152184,156762,399,2010,119
India,West Bengal,Haora,144036,1435,922,2,2010,1
India,West Bengal,Hugli,315210,1188,244,0,2010,1
India,West Bengal,Jalpaiguri,338376,67359,49856,480,2010,251
India,West Bengal,Koch Bihar,338718,14449,8297,172,2010,25
India,West Bengal,Kolkata,9162,35,3,0,2010,0
India,West Bengal,Maldah,361110,212,147,10,2010,1
India,West Bengal,Murshidabad,541121,357,173,3,2010,4
India,West Bengal,Nadia,392088,2000,790,1,2010,11
India,West Bengal,North 24 Parganas,581554,35148,26531,0,2010,3
India,West Bengal,Pashchim Medinipur,940038,1560,174,72,2010,10
India,West Bengal,Purba Medinipur,398147,850,253,1,2010,2
India,West Bengal,Puruliya,625675,3124,117,1,2010,0
India,West Bengal,South 24 Parganas,552715,4568,3307,0,2010,0
India,West Bengal,Uttar Dinajpur,336010,4269,375,208,2010,17
India,Andaman and Nicobar,Nicobar Islands,172679,147634,144925,1587,2011,37
India,Andaman and Nicobar,North and Middle Andaman,340652,310759,308793,2600,2011,42
India,Andaman and Nicobar,South Andaman,247753,226008,225722,1658,2011,19
India,Andhra Pradesh,Anantapur,1922649,517,111,14,2011,0
India,Andhra Pradesh,Chittoor,1516880,81831,56859,218,2011,36
India,Andhra Pradesh,East Godavari,1075476,310205,284237,537,2011,1088
India,Andhra Pradesh,Guntur,1141089,23783,57053,211,2011,12
India,Andhra Pradesh,Krishna,861607,17233,32054,57,2011,47
India,Andhra Pradesh,Kurnool,1777836,59574,40932,15,2011,1
India,Andhra Pradesh,Nellore,1301782,20837,28123,480,2011,12
India,Andhra Pradesh,Prakasam,1779564,79027,62790,158,2011,18
India,Andhra Pradesh,Srikakulam,627635,32693,20281,49,2011,73
India,Andhra Pradesh,Visakhapatnam,1137192,300879,241668,501,2011,1182
India,Andhra Pradesh,Vizianagaram,572603,49147,37843,36,2011,139
India,Andhra Pradesh,West Godavari,775702,60575,58435,159,2011,651
India,Andhra Pradesh,Y.S.R.,1514967,69611,78628,109,2011,5
India,Arunachal Pradesh,Anjaw,651942,398495,369756,869,2011,124
India,Arunachal Pradesh,Changlang,503616,438332,431075,2788,2011,2256
India,Arunachal Pradesh,Dibang Valley,751403,391182,373790,461,2011,62
India,Arunachal Pradesh,East Kameng,409167,390145,385591,1758,2011,176
India,Arunachal Pradesh,East Siang,361698,290410,288417,3988,2011,583
India,Arunachal Pradesh,Kurung Kumey,572190,445717,424968,1687,2011,27
India,Arunachal Pradesh,Lohit,344025,271516,266067,3990,2011,3005
India,Arunachal Pradesh,Longding,93352,78346,76441,3641,2011,471
India,Arunachal Pradesh,Lower Dibang Valley,556430,415248,395777,2827,2011,877
India,Arunachal Pradesh,Lower Subansiri,378817,360577,353607,3121,2011,570
India,Arunachal Pradesh,Namsai,42486,17668,16789,468,2011,513
India,Arunachal Pradesh,Papum Pare,353251,332915,327083,1728,2011,788
India,Arunachal Pradesh,Tawang,215022,101851,91644,88,2011,59
India,Arunachal Pradesh,Tirap,109276,100278,97211,1525,2011,190
India,Arunachal Pradesh,Upper Siang,701634,542210,539323,2566,2011,188
India,Arunachal Pradesh,Upper Subansiri,641172,508012,470378,3444,2011,592
India,Arunachal Pradesh,West Kameng,734287,551070,545555,897,2011,285
India,Arunachal Pradesh,West Siang,779775,673340,659039,11997,2011,1681
India,Assam,Baksa,239364,50158,45466,75,2011,169
India,Assam,Barpeta,227857,10844,13386,12,2011,12
India,Assam,Bongaigaon,112362,15343,13976,40,2011,22
India,Assam,Cachar,378676,219197,215588,598,2011,345
India,Assam,Chirang,118891,44423,42350,24,2011,43
India,Assam,Darrang,159926,7656,4845,26,2011,6
India,Assam,Dhemaji,253740,39030,37503,185,2011,167
India,Assam,Dhubri,278096,35918,17751,73,2011,569
India,Assam,Dibrugarh,339191,84744,77617,1595,2011,744
India,Assam,Dima Hasao,490917,434941,406980,6766,2011,1966
India,Assam,Goalpara,190100,21348,19886,58,2011,142
India,Assam,Golaghat,352585,49848,45910,1026,2011,381
India,Assam,Hailakandi,133352,68651,62917,273,2011,111
India,Assam,Jorhat,283776,49292,45600,943,2011,506
India,Assam,Kamrup,330488,96479,91075,288,2011,443
India,Assam,Kamrup Metropolitan,79666,28785,22733,100,2011,76
India,Assam,Karbi Anglong,1042664,789948,763795,6958,2011,4303
India,Assam,Karimganj,183306,74681,67823,235,2011,216
India,Assam,Kokrajhar,328978,109051,92428,155,2011,1139
India,Assam,Lakhimpur,295203,53192,50368,413,2011,222
India,Assam,Morigaon,155363,10518,9080,25,2011,12
India,Assam,Nagaon,399001,77488,72138,443,2011,264
India,Assam,Nalbari,107600,11154,12942,2,2011,5
India,Assam,Sivasagar,263352,66061,58876,1211,2011,550
India,Assam,Sonitpur,528686,98395,84143,2521,2011,407
India,Assam,Tinsukia,379304,170120,170440,5279,2011,1256
India,Assam,Udalguri,196790,32871,19883,548,2011,247
India,Bihar,Araria,281932,561,922,4,2011,0
India,Bihar,Arwal,66615,392,1880,14,2011,0
India,Bihar,Aurangabad,328198,875,630,5,2011,0
India,Bihar,Banka,309145,51,10,0,2011,0
India,Bihar,Begusarai,193928,196,271,1,2011,0
India,Bihar,Bhagalpur,256033,66,498,6,2011,0
India,Bihar,Bhojpur,237388,5464,22320,279,2011,0
India,Bihar,Buxar,170992,2040,5315,96,2011,0
India,Bihar,Darbhanga,228940,969,2839,15,2011,0
India,Bihar,Gaya,496554,2110,2748,2,2011,0
India,Bihar,Gopalganj,204094,175,2320,12,2011,0
India,Bihar,Jamui,308302,8863,2972,0,2011,0
India,Bihar,Jehanabad,93892,169,297,3,2011,0
India,Bihar,Kaimur,335075,4156,7422,89,2011,2
India,Bihar,Katihar,306233,107,223,8,2011,1
India,Bihar,Khagaria,149147,67,103,1,2011,0
India,Bihar,Kishanganj,193427,624,158,27,2011,7
India,Bihar,Lakhisarai,133641,7420,2606,11,2011,0
India,Bihar,Madhepura,183827,64,219,3,2011,0
India,Bihar,Madhubani,344146,3316,7618,25,2011,1
India,Bihar,Munger,136969,13748,10808,56,2011,0
India,Bihar,Muzaffarpur,318646,437,5012,8,2011,0
India,Bihar,Nalanda,233710,439,1645,4,2011,0
India,Bihar,Nawada,248578,9253,10478,1,2011,0
India,Bihar,Pashchim Champaran,523188,80413,80361,123,2011,38
India,Bihar,Patna,320539,1515,8189,38,2011,0
India,Bihar,Purba Champaran,399105,710,4891,6,2011,0
India,Bihar,Purnia,324600,128,133,6,2011,0
India,Bihar,Rohtas,386837,6235,7191,116,2011,1
India,Bihar,Saharsa,168897,153,215,4,2011,0
India,Bihar,Samastipur,290579,137,388,1,2011,0
India,Bihar,Saran,264523,223,3009,6,2011,0
India,Bihar,Sheikhpura,60405,9,18,0,2011,0
India,Bihar,Sheohar,57459,302,1358,6,2011,0
India,Bihar,Sitamarhi,205458,584,3341,7,2011,0
India,Bihar,Siwan,222545,223,3506,14,2011,0
India,Bihar,Supaul,238732,1517,2457,18,2011,11
India,Bihar,Vaishali,200961,132,1190,3,2011,0
India,Chandigarh,Chandigarh,11812,702,935,10,2011,0
India,Chhattisgarh,Balod,275414,16919,25869,3,2011,1
India,Chhattisgarh,Baloda Bazar,468572,25143,46646,1,2011,40
India,Chhattisgarh,Balrampur,633124,115996,64274,6,2011,12
India,Chhattisgarh,Bastar,591945,130358,118812,8,2011,423
India,Chhattisgarh,Bemetara,286904,44,29,0,2011,0
India,Chhattisgarh,Bijapur,879329,540837,498772,158,2011,549
India,Chhattisgarh,Bilaspur,555476,52822,34569,2,2011,107
India,Chhattisgarh,Dantewada,298090,88405,78733,17,2011,83
India,Chhattisgarh,Dhamtari,406306,84698,87870,1,2011,118
India,Chhattisgarh,Durg,298982,30,22,0,2011,1
India,Chhattisgarh,Gariaband,422957,110487,99238,1,2011,517
India,Chhattisgarh,Janjgir-Champa,387475,812,532,0,2011,2
India,Chhattisgarh,Jashpur,582341,73535,52235,2,2011,4
India,Chhattisgarh,Kabeerdham,422230,68990,63598,13,2011,158
India,Chhattisgarh,Kondagaon,509911,101269,93982,6,2011,2036
India,Chhattisgarh,Korba,660932,134282,84264,2,2011,68
India,Chhattisgarh,Koriya,663712,115888,79594,1,2011,16
India,Chhattisgarh,Mahasamund,475380,7215,13348,3,2011,34
India,Chhattisgarh,Mungeli,278450,74732,52071,3,2011,84
India,Chhattisgarh,Narayanpur,392992,271260,249478,446,2011,494
India,Chhattisgarh,Raigarh,708412,55534,39766,4,2011,59
India,Chhattisgarh,Raipur,353390,370,888,0,2011,2
India,Chhattisgarh,Rajnandgaon,806554,113121,117362,50,2011,361
India,Chhattisgarh,Sukma,525060,150881,108640,44,2011,313
India,Chhattisgarh,Surajpur,544120,70867,40372,1,2011,12
India,Chhattisgarh,Surguja,399359,51150,32745,1,2011,19
India,Chhattisgarh,Uttar Bastar Kanker,715735,207926,200686,55,2011,1567
India,Dadra and Nagar Haveli,Dadra and Nagar Haveli,49152,457,259,0,2011,0
India,Daman and Diu,Daman,5831,17,3,0,2011,0
India,Daman and Diu,Diu,2523,0,0,0,2011,0
India,Goa,North Goa,170604,41915,26028,1,2011,11
India,Goa,South Goa,198964,104551,90798,89,2011,102
India,Gujarat,Ahmadabad,773436,60,8,0,2011,0
India,Gujarat,Amreli,735510,5,1,0,2011,0
India,Gujarat,Anand,287832,46,7,0,2011,0
India,Gujarat,Aravalli,325245,10,2,1,2011,0
India,Gujarat,Banas Kantha,1061522,121,10,0,2011,0
India,Gujarat,Bharuch,543453,105,9,0,2011,0
India,Gujarat,Bhavnagar,677448,95,19,0,2011,0
India,Gujarat,Botad,162060,0,0,0,2011,0
India,Gujarat,Chhota Udaipur,368590,52,26,0,2011,0
India,Gujarat,Dahod,385651,310,44,0,2011,0
India,Gujarat,Devbhumi Dwarka,456016,17,0,0,2011,0
India,Gujarat,Gandhinagar,172338,1,0,0,2011,0
India,Gujarat,Gir Somnath,170164,15,1,6,2011,0
India,Gujarat,Jamnagar,670502,34,0,0,2011,0
India,Gujarat,Junagadh,702843,487,174,1,2011,0
India,Gujarat,Kachchh,4220838,33,2,0,2011,0
India,Gujarat,Kheda,398303,30,1,0,2011,0
India,Gujarat,Mahesana,438831,2,0,0,2011,0
India,Gujarat,Mahisagar,233539,11,4,0,2011,0
India,Gujarat,Morbi,481031,12,1,0,2011,0
India,Gujarat,Narmada,256838,2533,447,0,2011,5
India,Gujarat,Navsari,218334,1297,1294,0,2011,0
India,Gujarat,Panch Mahals,267704,27,16,0,2011,1
India,Gujarat,Patan,601243,0,0,0,2011,0
India,Gujarat,Porbandar,231056,39,0,0,2011,0
India,Gujarat,Rajkot,760630,17,2,0,2011,0
India,Gujarat,Sabar Kantha,418769,132,29,0,2011,0
India,Gujarat,Surat,439791,623,281,0,2011,0
India,Gujarat,Surendranagar,920266,180,26,0,2011,0
India,Gujarat,Tapi,314442,1563,620,0,2011,0
India,Gujarat,The Dangs,171142,8716,2274,0,2011,3
India,Gujarat,Vadodara,405249,9,1,0,2011,0
India,Gujarat,Valsad,301394,1346,1722,0,2011,0
India,Haryana,Ambala,175294,1380,1576,18,2011,5
India,Haryana,Bhiwani,463529,56,11,0,2011,0
India,Haryana,Faridabad,125761,80,174,8,2011,0
India,Haryana,Fatehabad,239977,13,54,0,2011,0
India,Haryana,Gurgaon,128536,169,111,1,2011,0
India,Haryana,Hisar,416939,68,6,0,2011,0
India,Haryana,Jhajjar,211225,135,91,4,2011,0
India,Haryana,Jind,273318,248,78,1,2011,0
India,Haryana,Kaithal,230046,1056,928,1,2011,0
India,Haryana,Karnal,258463,21,7,0,2011,1
India,Haryana,Kurukshetra,183593,445,241,1,2011,0
India,Haryana,Mahendragarh,193665,8,2,0,2011,0
India,Haryana,Mewat,146554,104,138,1,2011,0
India,Haryana,Palwal,90451,89,31,0,2011,0
India,Haryana,Panchkula,73780,27504,25438,39,2011,9
India,Haryana,Panipat,122468,60,365,19,2011,0
India,Haryana,Rewari,125324,47,23,0,2011,0
India,Haryana,Rohtak,168545,79,54,1,2011,0
India,Haryana,Sirsa,423119,4,3,0,2011,0
India,Haryana,Sonipat,221338,63,200,6,2011,0
India,Haryana,Yamunanagar,130521,11018,10477,22,2011,1
India,Himachal Pradesh,Bilaspur,116606,34773,31610,25,2011,1
India,Himachal Pradesh,Chamba,646061,170243,123366,144,2011,8
India,Himachal Pradesh,Hamirpur,112145,49052,45948,54,2011,1
India,Himachal Pradesh,Kangra,570651,231326,216284,499,2011,6
India,Himachal Pradesh,Kinnaur,645578,27943,15186,13,2011,1
India,Himachal Pradesh,Kullu,550194,151529,111321,40,2011,10
India,Himachal Pradesh,Lahul & Spiti,1380877,2610,1146,13,2011,0
India,Himachal Pradesh,Mandi,394812,172547,157589,136,2011,6
India,Himachal Pradesh,Shimla,513204,216911,160881,34,2011,7
India,Himachal Pradesh,Sirmaur,280863,163102,155136,103,2011,6
India,Himachal Pradesh,Solan,195597,92486,78371,65,2011,4
India,Himachal Pradesh,Una,153760,54587,51087,52,2011,4
India,Jammu and Kashmir,Anantnag,270262,74418,54946,33,2011,2
India,Jammu and Kashmir,Badgam,117282,15438,13073,7,2011,0
India,Jammu and Kashmir,Bandipore,252774,47946,34308,14,2011,0
India,Jammu and Kashmir,Baramulla,239201,61349,54085,60,2011,32
India,Jammu and Kashmir,Doda,262526,109809,74548,68,2011,2
India,Jammu and Kashmir,Ganderbal,126196,25483,18496,13,2011,1
India,Jammu and Kashmir,Jammu,214895,22392,18948,26,2011,6
India,Jammu and Kashmir,Kargil,1477323,225,38,11,2011,0
India,Jammu and Kashmir,Kathua,261794,62001,56822,106,2011,4
India,Jammu and Kashmir,Kishtwar,767032,113304,73885,40,2011,3
India,Jammu and Kashmir,Kulgam,134333,25547,24919,33,2011,1
India,Jammu and Kashmir,Kupwara,274748,117992,99047,63,2011,5
India,Jammu and Kashmir,Leh (Ladakh),4908732,62,19,15,2011,0
India,Jammu and Kashmir,Poonch,167356,60015,53733,22,2011,1
India,Jammu and Kashmir,Pulwama,73389,12895,12422,16,2011,0
India,Jammu and Kashmir,Rajouri,254200,83983,69907,19,2011,5
India,Jammu and Kashmir,Ramban,90221,27560,22655,4,2011,1
India,Jammu and Kashmir,Reasi,208383,84644,76285,23,2011,11
India,Jammu and Kashmir,Samba,84362,6928,6182,5,2011,1
India,Jammu and Kashmir,Shupiyan,72418,18029,20804,18,2011,2
India,Jammu and Kashmir,Srinagar,62771,11936,9782,12,2011,0
India,Jammu and Kashmir,Udhampur,245808,91063,77516,68,2011,2
India,Jharkhand,Bokaro,286989,10615,6059,0,2011,5
India,Jharkhand,Chatra,375718,35924,33133,28,2011,0
India,Jharkhand,Deoghar,244100,59,4,0,2011,0
India,Jharkhand,Dhanbad,208382,674,186,0,2011,0
India,Jharkhand,Dumka,377426,3146,665,133,2011,9
India,Jharkhand,Garhwa,407829,29720,12630,28,2011,2
India,Jharkhand,Giridih,499661,8970,5408,1,2011,0
India,Jharkhand,Godda,224195,4067,1254,67,2011,49
India,Jharkhand,Gumla,536525,58922,27871,1,2011,8
India,Jharkhand,Hazaribagh,481712,41777,39730,5,2011,4
India,Jharkhand,Jamtara,180473,8,0,0,2011,0
India,Jharkhand,Khunti,277225,15381,1120,1,2011,1
India,Jharkhand,Kodarma,132242,18562,19552,1,2011,0
India,Jharkhand,Latehar,426444,102907,50236,19,2011,11
India,Jharkhand,Lohardaga,149986,25424,13408,3,2011,15
India,Jharkhand,Pakur,181513,1630,958,66,2011,10
India,Jharkhand,Palamu,445541,18227,12788,29,2011,1
India,Jharkhand,Pashchimi Singhbhum,723098,133283,79138,10,2011,50
India,Jharkhand,Purbi Singhbhum,357770,9110,2382,3,2011,4
India,Jharkhand,Ramgarh,134403,5646,3524,0,2011,1
India,Jharkhand,Ranchi,488387,9234,1856,0,2011,2
India,Jharkhand,Sahibganj,219886,3225,589,93,2011,16
India,Jharkhand,Saraikela-kharsawan,265341,8165,1240,1,2011,0
India,Jharkhand,Simdega,379142,11654,3014,0,2011,0
India,Karnataka,Bagalkot,655258,105,42,0,2011,0
India,Karnataka,Bangalore,217903,162,26,2,2011,1
India,Karnataka,Bangalore Rural,230303,137,33,1,2011,1
India,Karnataka,Belgaum,1333488,49040,38050,38,2011,6
India,Karnataka,Bellary,842531,1836,226,2,2011,1
India,Karnataka,Bidar,543342,52,16,0,2011,0
India,Karnataka,Bijapur,1048432,53,15,0,2011,0
India,Karnataka,Chamrajnagar,565361,116045,83039,42,2011,13
India,Karnataka,Chikballapura,422931,1462,988,3,2011,0
India,Karnataka,Chikmagalur,718838,323326,298783,1150,2011,85
India,Karnataka,Chitradurga,842881,416,8,0,2011,0
India,Karnataka,Dakshina Kannada,456123,281111,231209,638,2011,299
India,Karnataka,Davanagere,660862,6521,346,6,2011,0
India,Karnataka,Dharwad,426092,464,1153,19,2011,0
India,Karnataka,Gadag,463089,15,1,0,2011,0
India,Karnataka,Gulbarga,1096303,48,10,0,2011,0
India,Karnataka,Hassan,679084,84418,62102,312,2011,37
India,Karnataka,Haveri,479411,587,321,15,2011,2
India,Karnataka,Kodagu,409587,308610,267919,818,2011,60
India,Karnataka,Kolar,397159,344,231,1,2011,1
India,Karnataka,Koppal,555591,14,7,7,2011,0
India,Karnataka,Mandya,492564,774,182,11,2011,1
India,Karnataka,Mysore,629741,70536,49242,92,2011,12
India,Karnataka,Raichur,843615,61,51,21,2011,0
India,Karnataka,Ramanagara,350745,2928,356,3,2011,1
India,Karnataka,Shimoga,773369,212771,134060,1093,2011,378
India,Karnataka,Tumkur,1059196,1426,314,7,2011,3
India,Karnataka,Udupi,390213,180568,137247,402,2011,692
India,Karnataka,Uttara Kannada,1027612,632365,575803,389,2011,153
India,Karnataka,Yadgir,526289,10,2,4,2011,0
India,Kerala,Alappuzha,124519,51188,46506,57,2011,79
India,Kerala,Ernakulam,225002,142323,115571,955,2011,610
India,Kerala,Idukki,499006,422964,413423,3789,2011,891
India,Kerala,Kannur,277392,220056,195713,302,2011,211
India,Kerala,Kasaragod,195107,107422,81572,231,2011,57
India,Kerala,Kollam,240436,193294,179738,2383,2011,545
India,Kerala,Kottayam,210255,158914,131488,431,2011,391
India,Kerala,Kozhikode,227197,161134,131968,156,2011,73
India,Kerala,Malappuram,349994,174081,128652,191,2011,249
India,Kerala,Palakkad,447188,216046,180783,692,2011,294
India,Kerala,Pathanamthitta,263424,235819,214996,828,2011,370
India,Kerala,Thiruvananthapuram,204253,153498,127197,1845,2011,630
India,Kerala,Thrissur,294081,191936,170228,866,2011,331
India,Kerala,Wayanad,212196,169547,159045,655,2011,178
India,Lakshadweep,Lakshadweep,3482,0,0,0,2011,0
India,Madhya Pradesh,Agar Malwa,276772,11,3,0,2011,0
India,Madhya Pradesh,Alirajpur,333104,526,41,0,2011,0
India,Madhya Pradesh,Anuppur,202588,5151,2964,0,2011,0
India,Madhya Pradesh,Ashoknagar,472393,353,150,3,2011,0
India,Madhya Pradesh,Balaghat,924893,318150,284474,110,2011,446
India,Madhya Pradesh,Barwani,542445,191,26,0,2011,0
India,Madhya Pradesh,Betul,1006834,44619,12942,15,2011,2
India,Madhya Pradesh,Bhind,447252,37,29,5,2011,0
India,Madhya Pradesh,Bhopal,272180,411,388,1,2011,0
India,Madhya Pradesh,Burhanpur,319674,304,101,0,2011,0
India,Madhya Pradesh,Chhatarpur,871307,9432,10557,37,2011,1
India,Madhya Pradesh,Chhindwara,1180484,47596,33573,19,2011,4
India,Madhya Pradesh,Damoh,735338,4141,3718,2,2011,3
India,Madhya Pradesh,Datia,252254,13,5,0,2011,0
India,Madhya Pradesh,Dewas,695694,683,550,0,2011,1
India,Madhya Pradesh,Dhar,813433,45,48,0,2011,0
India,Madhya Pradesh,Dindori,648866,165015,140518,13,2011,126
India,Madhya Pradesh,East Nimar,744494,2848,672,0,2011,0
India,Madhya Pradesh,Guna,629701,209,67,0,2011,0
India,Madhya Pradesh,Gwalior,458064,63,10,0,2011,0
India,Madhya Pradesh,Harda,331452,2518,1267,0,2011,0
India,Madhya Pradesh,Hoshangabad,670862,79045,47640,16,2011,8
India,Madhya Pradesh,Indore,390867,572,403,0,2011,0
India,Madhya Pradesh,Jabalpur,401166,8857,5026,2,2011,9
India,Madhya Pradesh,Jhabua,342698,9,2,0,2011,0
India,Madhya Pradesh,Katni,616355,20446,11180,17,2011,11
India,Madhya Pradesh,Mandla,677220,93818,90165,22,2011,37
India,Madhya Pradesh,Mandsaur,563118,66,10,0,2011,3
India,Madhya Pradesh,Morena,498479,60,23,2,2011,0
India,Madhya Pradesh,Narsimhapur,514459,17516,13262,4,2011,1
India,Madhya Pradesh,Neemuch,415427,39,11,0,2011,2
India,Madhya Pradesh,Panna,711358,11942,7857,13,2011,4
India,Madhya Pradesh,Raisen,849516,17063,21246,30,2011,0
India,Madhya Pradesh,Rajgarh,612022,44,39,0,2011,0
India,Madhya Pradesh,Ratlam,481618,33,6,0,2011,1
India,Madhya Pradesh,Rewa,631423,2701,3804,1,2011,0
India,Madhya Pradesh,Sagar,1025228,8268,4206,4,2011,4
India,Madhya Pradesh,Satna,750261,10327,5053,28,2011,22
India,Madhya Pradesh,Sehore,656297,4726,5166,6,2011,1
India,Madhya Pradesh,Seoni,875671,60198,52693,10,2011,74
India,Madhya Pradesh,Shahdol,831826,36032,26519,4,2011,7
India,Madhya Pradesh,Shajapur,352411,38,6,0,2011,0
India,Madhya Pradesh,Sheopur,652461,400,40,0,2011,0
India,Madhya Pradesh,Shivpuri,1046628,407,84,1,2011,0
India,Madhya Pradesh,Sidhi,478016,43220,33835,10,2011,5
India,Madhya Pradesh,Singrauli,578643,24183,22954,3,2011,0
India,Madhya Pradesh,Tikamgarh,506638,22,12,1,2011,0
India,Madhya Pradesh,Ujjain,608217,73,8,0,2011,0
India,Madhya Pradesh,Umaria,372591,32574,20399,10,2011,26
India,Madhya Pradesh,Vidisha,730295,2580,2838,0,2011,0
India,Madhya Pradesh,West Nimar,804393,504,174,0,2011,0
India,Maharashtra,Ahmadnagar,1613065,2155,685,0,2011,0
India,Maharashtra,Akola,551391,121,42,0,2011,0
India,Maharashtra,Amravati,1218596,37188,22756,1,2011,23
India,Maharashtra,Aurangabad,1009310,139,70,0,2011,0
India,Maharashtra,Bhandara,470048,29630,22796,10,2011,130
India,Maharashtra,Bid,1141360,18,8,0,2011,0
India,Maharashtra,Buldana,960383,562,217,0,2011,1
India,Maharashtra,Chandrapur,1130866,38431,26245,6,2011,263
India,Maharashtra,Dhule,716652,292,76,0,2011,0
India,Maharashtra,Garhchiroli,1446063,565777,532217,86,2011,1182
India,Maharashtra,Gondiya,463678,77177,66986,14,2011,137
India,Maharashtra,Hingoli,468553,51,13,0,2011,0
India,Maharashtra,Jalgaon,1174820,1357,485,0,2011,8
India,Maharashtra,Jalna,777897,9,3,0,2011,0
India,Maharashtra,Kolhapur,765441,64263,50160,19,2011,48
India,Maharashtra,Latur,723325,84,9,0,2011,0
India,Maharashtra,Mumbai City,6798,2,0,0,2011,0
India,Maharashtra,Mumbai Suburban,41216,913,1816,0,2011,0
India,Maharashtra,Nagpur,992630,17895,13709,2,2011,21
India,Maharashtra,Nanded,1058842,2209,2191,0,2011,1
India,Maharashtra,Nandurbar,593190,1224,128,0,2011,0
India,Maharashtra,Nashik,1550954,2520,769,1,2011,1
India,Maharashtra,Osmanabad,755003,31,8,0,2011,0
India,Maharashtra,Palghar,532756,12058,9783,1,2011,1
India,Maharashtra,Parbhani,632812,56,11,0,2011,0
India,Maharashtra,Pune,1560120,20505,7436,2,2011,0
India,Maharashtra,Raigarh,701070,28536,9898,3,2011,1
India,Maharashtra,Ratnagiri,846264,33833,24447,9,2011,2
India,Maharashtra,Sangli,853492,4437,5233,0,2011,0
India,Maharashtra,Satara,1046855,27561,26313,2,2011,1
India,Maharashtra,Sindhudurg,517121,96181,50568,62,2011,186
India,Maharashtra,Solapur,1486719,67,13,0,2011,0
India,Maharashtra,Thane,423883,6043,3295,1,2011,0
India,Maharashtra,Wardha,630912,578,35,0,2011,8
India,Maharashtra,Washim,519150,104,20,0,2011,0
India,Maharashtra,Yavatmal,1352653,1395,760,0,2011,7
India,Manipur,Bishnupur,48080,1740,2108,41,2011,16
India,Manipur,Chandel,318641,269516,271928,8411,2011,1187
India,Manipur,Churachandpur,471866,405634,397101,9196,2011,1672
India,Manipur,Imphal East,59830,18726,19984,132,2011,48
India,Manipur,Imphal West,48793,4009,4525,57,2011,29
India,Manipur,Senapati,348452,241261,254278,1584,2011,749
India,Manipur,Tamenglong,419673,386378,366470,6339,2011,1302
India,Manipur,Thoubal,71407,6569,8341,90,2011,55
India,Manipur,Ukhrul,445329,369843,383303,7931,2011,1231
India,Meghalaya,East Garo Hills,218567,179466,163589,2813,2011,877
India,Meghalaya,East Khasi Hills,286198,179569,180921,716,2011,388
India,Meghalaya,Jaintia Hills,382407,272720,268991,1754,2011,723
India,Meghalaya,North Garo Hills,61123,40202,33277,175,2011,193
India,Meghalaya,Ri Bhoi,238512,190725,179250,1685,2011,654
India,Meghalaya,South Garo Hills,184901,162994,155050,2463,2011,506
India,Meghalaya,South West Garo Hills,51848,24712,19344,485,2011,20
India,Meghalaya,South West Khasi Hills,142031,101167,99795,938,2011,351
India,Meghalaya,West Garo Hills,304369,219605,181181,3872,2011,574
India,Meghalaya,West Khasi Hills,381666,312728,311386,4233,2011,1413
India,Mizoram,Aizawl,345326,318685,295653,4861,2011,443
India,Mizoram,Champhai,343485,298619,288526,12121,2011,1473
India,Mizoram,Kolasib,134891,125638,118388,885,2011,117
India,Mizoram,Lawangtlai,204674,176551,164321,660,2011,297
India,Mizoram,Lunglei,455319,422560,390114,2812,2011,322
India,Mizoram,Mamit,307947,293143,271709,1490,2011,229
India,Mizoram,Saiha,197696,179646,171250,965,2011,216
India,Mizoram,Serchhip,135837,117116,110274,2492,2011,253
India,NCT of Delhi,West,150220,263,122,2,2011,0
India,Nagaland,Dimapur,86683,48008,47284,567,2011,215
India,Nagaland,Kiphire,112226,76884,81496,2438,2011,276
India,Nagaland,Kohima,131049,113206,112344,1181,2011,362
India,Nagaland,Longleng,58857,46310,45195,3993,2011,387
India,Nagaland,Mokokchung,160570,135765,136223,9544,2011,831
India,Nagaland,Mon,216824,175757,171643,8986,2011,1404
India,Nagaland,Peren,168370,153322,150576,3445,2011,964
India,Nagaland,Phek,191044,138636,151738,1311,2011,377
India,Nagaland,Tuensang,214332,163570,160823,6000,2011,614
India,Nagaland,Wokha,162641,134385,131483,3190,2011,922
India,Nagaland,Zunheboto,157366,124499,128062,3311,2011,397
India,Odisha,Anugul,637420,147440,91636,6,2011,27
India,Odisha,Balangir,657722,21125,7843,4,2011,26
India,Odisha,Baleshwar,370526,8669,2339,6,2011,1
India,Odisha,Bargarh,580584,19856,11873,4,2011,25
India,Odisha,Bauda,312387,94961,69469,32,2011,11
India,Odisha,Bhadrak,245295,122,18,0,2011,0
India,Odisha,Cuttack,394435,20532,6500,0,2011,16
India,Odisha,Debagarh,281405,60859,46069,4,2011,8
India,Odisha,Dhenkanal,448128,34340,12465,2,2011,23
India,Odisha,Gajapati,406805,163314,117932,87,2011,480
India,Odisha,Ganjam,838046,161507,109710,36,2011,219
India,Odisha,Jagatsinghapur,167105,77,12,0,2011,0
India,Odisha,Jajapur,290367,4074,2310,0,2011,1
India,Odisha,Jharsuguda,212024,2842,3758,3,2011,0
India,Odisha,Kalahandi,791570,160738,107293,624,2011,827
India,Odisha,Kandhamal,806513,442907,364535,2967,2011,1092
India,Odisha,Kendrapara,248250,58,13,0,2011,0
India,Odisha,Kendujhar,832369,111738,67637,33,2011,64
India,Odisha,Khordha,275639,15903,4978,0,2011,14
India,Odisha,Koraput,858243,105476,88021,115,2011,215
India,Odisha,Malkangiri,583117,122556,79929,54,2011,424
India,Odisha,Mayurbhanj,1045106,220030,163423,8,2011,31
India,Odisha,Nabarangapur,530817,29098,20600,10,2011,916
India,Odisha,Nayagarh,389939,120024,62714,2,2011,31
India,Odisha,Nuapada,387082,32953,24937,1,2011,20
India,Odisha,Puri,350223,376,36,0,2011,1
India,Odisha,Rayagada,738185,215343,153190,295,2011,1021
India,Odisha,Sambalpur,674416,168907,136091,9,2011,49
India,Odisha,Subarnapur,236169,5721,2533,0,2011,2
India,Odisha,Sundargarh,973917,188647,158696,17,2011,46
India,Puducherry,Karaikal,19216,35,308,2,2011,0
India,Puducherry,Mahe,12834,6855,4980,6,2011,5
India,Puducherry,Puducherry,19529,19,264,2,2011,0
India,Puducherry,Yanam,3154,2,5,0,2011,0
India,Punjab,Amritsar,261222,377,432,6,2011,1
India,Punjab,Barnala,148257,320,4,0,2011,0
India,Punjab,Bathinda,336278,139,7,0,2011,1
India,Punjab,Faridkot,144767,75,0,0,2011,1
India,Punjab,Fatehgarh Sahib,117323,202,191,1,2011,1
India,Punjab,Fazilka,271964,87,3,0,2011,1
India,Punjab,Firozpur,250041,642,145,1,2011,4
India,Punjab,Gurdaspur,257822,347,502,8,2011,1
India,Punjab,Hoshiarpur,336023,36187,35452,102,2011,4
India,Punjab,Jalandhar,260276,36,24,0,2011,0
India,Punjab,Kapurthala,165789,563,284,4,2011,0
India,Punjab,Ludhiana,356965,1649,860,6,2011,4
India,Punjab,Mansa,220700,33,18,0,2011,0
India,Punjab,Moga,230248,779,15,0,2011,4
India,Punjab,Muktsar,259888,35,2,0,2011,0
India,Punjab,Pathankot,99880,11476,11764,118,2011,2
India,Punjab,Patiala,333599,1592,2279,9,2011,1
India,Punjab,Rupnagar,138152,10695,8336,44,2011,12
India,Punjab,Sahibzada Ajit Singh Nagar,108846,7882,7151,18,2011,6
India,Punjab,Sangrur,360325,296,209,2,2011,0
India,Punjab,Shahid Bhagat Singh Nagar,129603,1155,1502,10,2011,3
India,Punjab,Tarn Taran,234611,133,163,3,2011,0
India,Rajasthan,Ajmer,864832,2,0,0,2011,0
India,Rajasthan,Alwar,829131,4301,1955,46,2011,0
India,Rajasthan,Banswara,448765,44,12,0,2011,0
India,Rajasthan,Baran,682336,75,3,0,2011,0
India,Rajasthan,Barmer,2831742,0,0,0,2011,0
India,Rajasthan,Bharatpur,505079,543,402,7,2011,2
India,Rajasthan,Bhilwara,1044866,8,1,0,2011,0
India,Rajasthan,Bikaner,2692523,0,0,0,2011,0
India,Rajasthan,Bundi,557361,18,0,0,2011,3
India,Rajasthan,Chittaurgarh,757295,38,1,2,2011,4
India,Rajasthan,Churu,1705000,0,0,0,2011,0
India,Rajasthan,Dausa,358982,21,32,7,2011,0
India,Rajasthan,Dhaulpur,302532,43,20,0,2011,0
India,Rajasthan,Dungarpur,377631,12,2,0,2011,0
India,Rajasthan,Ganganagar,1166503,18,0,0,2011,0
India,Rajasthan,Hanumangarh,890122,1,0,0,2011,0
India,Rajasthan,Jaipur,1124440,250,114,5,2011,0
India,Rajasthan,Jaisalmer,3857174,0,0,0,2011,0
India,Rajasthan,Jalor,1070386,0,0,0,2011,0
India,Rajasthan,Jhalawar,624795,16,3,0,2011,0
India,Rajasthan,Jhunjhunun,591310,12,1,0,2011,0
India,Rajasthan,Jodhpur,2280202,0,0,0,2011,0
India,Rajasthan,Karauli,518220,40,116,12,2011,0
India,Rajasthan,Kota,550289,41,2,0,2011,1
India,Rajasthan,Nagaur,1764675,0,0,0,2011,0
India,Rajasthan,Pali,1232336,32,15,0,2011,0
India,Rajasthan,Pratapgarh,429766,62,16,0,2011,8
India,Rajasthan,Rajsamand,459177,100,85,0,2011,0
India,Rajasthan,Sawai Madhopur,467033,63,1,0,2011,0
India,Rajasthan,Sikar,768138,15,1,0,2011,0
India,Rajasthan,Sirohi,513533,1992,324,0,2011,1
India,Rajasthan,Tonk,723904,3,0,0,2011,0
India,Rajasthan,Udaipur,1200020,4288,1011,0,2011,1
India,Sikkim,East Sikkim,94656,54725,57243,28,2011,29
India,Sikkim,North Sikkim,424153,101793,94756,14,2011,221
India,Sikkim,South Sikkim,73171,39736,43238,6,2011,15
India,Sikkim,West Sikkim,116327,54197,58525,22,2011,26
India,Tamil Nadu,Ariyalur,195050,179,123,6,2011,2
India,Tamil Nadu,Chennai,19496,24,49,0,2011,0
India,Tamil Nadu,Coimbatore,381876,106394,99049,630,2011,172
India,Tamil Nadu,Cuddalore,381529,567,3119,30,2011,1
India,Tamil Nadu,Dharmapuri,451289,60229,40216,20,2011,41
India,Tamil Nadu,Dindigul,605693,131707,117953,1393,2011,127
India,Tamil Nadu,Erode,597195,110441,75879,31,2011,9
India,Tamil Nadu,Kancheepuram,465580,884,432,2,2011,6
India,Tamil Nadu,Kanniyakumari,159095,94368,73746,729,2011,149
India,Tamil Nadu,Karur,288912,2034,1747,16,2011,0
India,Tamil Nadu,Krishnagiri,513456,22659,9827,20,2011,6
India,Tamil Nadu,Madurai,368763,20142,12710,87,2011,7
India,Tamil Nadu,Nagappattinam,240430,2545,5577,43,2011,3
India,Tamil Nadu,Namakkal,340077,26491,18764,75,2011,17
India,Tamil Nadu,Perambalur,175214,6038,4306,0,2011,0
India,Tamil Nadu,Pudukkottai,469005,429,2027,35,2011,1
India,Tamil Nadu,Ramanathapuram,426072,1106,1433,4,2011,2
India,Tamil Nadu,Salem,521044,69377,48800,162,2011,67
India,Tamil Nadu,Sivaganga,406634,719,2896,40,2011,0
India,Tamil Nadu,Thanjavur,339136,6027,5306,127,2011,64
India,Tamil Nadu,The Nilgiris,254621,161439,142481,976,2011,175
India,Tamil Nadu,Theni,284519,68470,59469,295,2011,137
India,Tamil Nadu,Thiruvallur,330691,878,6890,14,2011,1
India,Tamil Nadu,Thiruvarur,251518,5829,11729,55,2011,15
India,Tamil Nadu,Thoothukkudi,471255,7328,2740,17,2011,10
India,Tamil Nadu,Tiruchirappalli,450426,19990,12920,64,2011,11
India,Tamil Nadu,Tirunelveli,677048,122641,101337,292,2011,125
India,Tamil Nadu,Tiruppur,579045,35152,29946,129,2011,72
India,Tamil Nadu,Tiruvannamalai,618357,53147,39589,7,2011,28
India,Tamil Nadu,Vellore,606757,52516,36387,13,2011,10
India,Tamil Nadu,Viluppuram,729374,26944,21438,82,2011,39
India,Tamil Nadu,Virudunagar,428927,13827,9721,44,2011,2
India,Telangana,Adilabad,1604386,43451,45576,1,2011,267
India,Telangana,Hyderabad,17802,7,0,0,2011,0
India,Telangana,Karimnagar,1190025,33293,27498,4,2011,120
India,Telangana,Khammam,1610018,420082,323300,263,2011,5448
India,Telangana,Mahbubnagar,1837327,16103,10164,7,2011,2
India,Telangana,Medak,975732,310,48,0,2011,1
India,Telangana,Nalgonda,1409411,393,362,55,2011,2
India,Telangana,Nizamabad,790786,5468,3355,0,2011,71
India,Telangana,Ranga Reddy,754836,86,8,0,2011,2
India,Telangana,Warangal,1280889,144423,93032,23,2011,1231
India,Tripura,Dhalai,243285,196775,179288,243,2011,508
India,Tripura,Gomati,141064,92622,78803,92,2011,448
India,Tripura,Khowai,103448,64933,53587,77,2011,223
India,Tripura,North Tripura,131984,95513,85079,207,2011,188
India,Tripura,Sipahijala,102396,44035,31352,173,2011,398
India,Tripura,South Tripura,152454,84216,68592,115,2011,350
India,Tripura,Unokoti,77444,50734,41125,90,2011,216
India,Tripura,West Tripura,101551,40464,31891,180,2011,191
India,Uttar Pradesh,Agra,352635,1111,433,9,2011,9
India,Uttar Pradesh,Aligarh,386530,269,234,2,2011,1
India,Uttar Pradesh,Allahabad,514803,109,1798,87,2011,0
India,Uttar Pradesh,Ambedkar Nagar,232472,190,2167,34,2011,0
India,Uttar Pradesh,Amethi,330740,180,3026,42,2011,0
India,Uttar Pradesh,Amroha,251713,225,224,9,2011,4
India,Uttar Pradesh,Auraiya,217850,52,54,2,2011,2
India,Uttar Pradesh,Azamgarh,389662,399,3073,53,2011,2
India,Uttar Pradesh,Baghpat,133245,118,759,29,2011,1
India,Uttar Pradesh,Bahraich,368710,29878,23583,83,2011,6
India,Uttar Pradesh,Ballia,300802,152,3476,22,2011,0
India,Uttar Pradesh,Balrampur,336719,42532,40338,194,2011,81
India,Uttar Pradesh,Banda,451968,158,1145,3,2011,0
India,Uttar Pradesh,Barabanki,443233,439,1197,33,2011,6
India,Uttar Pradesh,Bareilly,378328,72,251,10,2011,0
India,Uttar Pradesh,Basti,251766,171,697,7,2011,1
India,Uttar Pradesh,Bijnor,431434,15649,15499,108,2011,41
India,Uttar Pradesh,Budaun,420899,86,113,4,2011,2
India,Uttar Pradesh,Bulandshahr,357886,101,37,3,2011,3
India,Uttar Pradesh,Chandauli,253552,1556,7401,189,2011,1
India,Uttar Pradesh,Chitrakoot,308393,5790,5255,26,2011,0
India,Uttar Pradesh,Deoria,255677,321,1221,10,2011,3
India,Uttar Pradesh,Etah,250079,120,115,2,2011,1
India,Uttar Pradesh,Etawah,215276,531,454,13,2011,1
India,Uttar Pradesh,Faizabad,209951,186,856,18,2011,0
India,Uttar Pradesh,Farrukhabad,218442,353,417,3,2011,4
India,Uttar Pradesh,Fatehpur,417684,14,65,2,2011,0
India,Uttar Pradesh,Firozabad,284638,426,155,4,2011,0
India,Uttar Pradesh,Gautam Buddha Nagar,138611,8,7,0,2011,0
India,Uttar Pradesh,Ghaziabad,87238,15,36,0,2011,0
India,Uttar Pradesh,Ghazipur,338598,527,9953,117,2011,0
India,Uttar Pradesh,Gonda,400797,3583,5474,28,2011,27
India,Uttar Pradesh,Gorakhpur,306670,1170,2561,17,2011,8
India,Uttar Pradesh,Hamirpur,426283,251,26,1,2011,0
India,Uttar Pradesh,Hapur,110314,33,25,1,2011,0
India,Uttar Pradesh,Hardoi,601016,1430,532,44,2011,25
India,Uttar Pradesh,Hathras,162087,113,52,1,2011,0
India,Uttar Pradesh,Jalaun,456365,32,4,0,2011,0
India,Uttar Pradesh,Jaunpur,403582,104,1442,23,2011,1
India,Uttar Pradesh,Jhansi,506579,161,35,0,2011,0
India,Uttar Pradesh,Kannauj,207454,139,16,3,2011,3
India,Uttar Pradesh,Kanpur Dehat,316373,26,84,4,2011,0
India,Uttar Pradesh,Kanpur Nagar,292815,65,55,1,2011,1
India,Uttar Pradesh,Kasganj,197603,280,150,2,2011,5
India,Uttar Pradesh,Kaushambi,210356,11,338,8,2011,0
India,Uttar Pradesh,Kushinagar,288811,531,749,2,2011,1
India,Uttar Pradesh,Lakhimpur Kheri,770148,94748,78902,302,2011,76
India,Uttar Pradesh,Lalitpur,504678,2496,623,4,2011,0
India,Uttar Pradesh,Lucknow,253976,1160,1453,103,2011,33
India,Uttar Pradesh,Maharajganj,318731,31937,35386,72,2011,9
India,Uttar Pradesh,Mahoba,283604,111,116,1,2011,0
India,Uttar Pradesh,Mainpuri,275040,148,137,4,2011,1
India,Uttar Pradesh,Mathura,337399,304,568,2,2011,1
India,Uttar Pradesh,Mau,206654,176,2088,15,2011,1
India,Uttar Pradesh,Meerut,260507,729,710,4,2011,4
India,Uttar Pradesh,Mirzapur,451742,76,126,2,2011,0
India,Uttar Pradesh,Moradabad,210602,62,167,8,2011,1
India,Uttar Pradesh,Muzaffarnagar,273061,336,1206,27,2011,5
India,Uttar Pradesh,Pilibhit,359157,51081,50411,89,2011,3
India,Uttar Pradesh,Pratapgarh,371568,115,984,17,2011,0
India,Uttar Pradesh,Rae Bareli,327076,73,496,10,2011,1
India,Uttar Pradesh,Rampur,257084,3333,3481,26,2011,2
India,Uttar Pradesh,Saharanpur,372025,19899,17358,50,2011,3
India,Uttar Pradesh,Sambhal,213644,19,1,0,2011,0
India,Uttar Pradesh,Sant Kabir Nagar,132684,182,964,16,2011,3
India,Uttar Pradesh,Sant Ravi Das Nagar,100916,16,181,8,2011,0
India,Uttar Pradesh,Shahjahanpur,465191,5698,5281,29,2011,4
India,Uttar Pradesh,Shamli,131834,222,327,10,2011,2
India,Uttar Pradesh,Shravasti,315223,29554,26449,126,2011,55
India,Uttar Pradesh,Siddharth Nagar,347860,721,2477,9,2011,0
India,Uttar Pradesh,Sitapur,578044,1843,905,175,2011,32
India,Uttar Pradesh,Sonbhadra,678916,4879,1358,2,2011,1
India,Uttar Pradesh,Sultanpur,246165,90,1438,16,2011,0
India,Uttar Pradesh,Unnao,459854,243,709,46,2011,5
India,Uttar Pradesh,Varanasi,155118,54,47,2,2011,0
India,Uttarakhand,Almora,310201,112210,83294,188,2011,3
India,Uttarakhand,Bageshwar,228123,79668,58991,4,2011,1
India,Uttarakhand,Chamoli,792867,192909,152828,19,2011,14
India,Uttarakhand,Champawat,168452,118482,115597,521,2011,46
India,Uttarakhand,Dehradun,306702,156029,150809,52,2011,24
India,Uttarakhand,Garhwal,545564,291677,261345,120,2011,37
India,Uttarakhand,Hardwar,238572,25703,24158,211,2011,5
India,Uttarakhand,Nainital,406379,297778,287829,3809,2011,541
India,Uttarakhand,Pithoragarh,732913,124243,89944,33,2011,3
India,Uttarakhand,Rudraprayag,121405,46549,38960,6,2011,13
India,Uttarakhand,Tehri Garhwal,438890,216898,212079,72,2011,37
India,Uttarakhand,Udham Singh Nagar,286233,54957,57103,955,2011,52
India,Uttarakhand,Uttarkashi,804550,231737,198289,63,2011,34
India,West Bengal,Alipurduar,280176,118440,83490,660,2011,469
India,West Bengal,Bankura,696472,423,15,27,2011,18
India,West Bengal,Barddhaman,704144,190,172,4,2011,0
India,West Bengal,Birbhum,455570,7,96,1,2011,0
India,West Bengal,Dakshin Dinajpur,211766,122,160,1,2011,1
India,West Bengal,Darjiling,314436,152184,156762,399,2011,144
India,West Bengal,Haora,144036,1435,922,2,2011,0
India,West Bengal,Hugli,315210,1188,244,0,2011,0
India,West Bengal,Jalpaiguri,338376,67359,49856,480,2011,208
India,West Bengal,Koch Bihar,338718,14449,8297,172,2011,24
India,West Bengal,Kolkata,9162,35,3,0,2011,0
India,West Bengal,Maldah,361110,212,147,10,2011,1
India,West Bengal,Murshidabad,541121,357,173,3,2011,0
India,West Bengal,Nadia,392088,2000,790,1,2011,1
India,West Bengal,North 24 Parganas,581554,35148,26531,0,2011,3
India,West Bengal,Pashchim Medinipur,940038,1560,174,72,2011,23
India,West Bengal,Purba Medinipur,398147,850,253,1,2011,1
India,West Bengal,Puruliya,625675,3124,117,1,2011,1
India,West Bengal,South 24 Parganas,552715,4568,3307,0,2011,0
India,West Bengal,Uttar Dinajpur,336010,4269,375,208,2011,50
India,Andaman and Nicobar,Nicobar Islands,172679,147634,144925,1587,2012,100
India,Andaman and Nicobar,North and Middle Andaman,340652,310759,308793,2600,2012,549
India,Andaman and Nicobar,South Andaman,247753,226008,225722,1658,2012,42
India,Andhra Pradesh,Anantapur,1922649,517,111,14,2012,0
India,Andhra Pradesh,Chittoor,1516880,81831,56859,218,2012,20
India,Andhra Pradesh,East Godavari,1075476,310205,284237,537,2012,513
India,Andhra Pradesh,Guntur,1141089,23783,57053,211,2012,27
India,Andhra Pradesh,Krishna,861607,17233,32054,57,2012,37
India,Andhra Pradesh,Kurnool,1777836,59574,40932,15,2012,3
India,Andhra Pradesh,Nellore,1301782,20837,28123,480,2012,8
India,Andhra Pradesh,Prakasam,1779564,79027,62790,158,2012,21
India,Andhra Pradesh,Srikakulam,627635,32693,20281,49,2012,80
India,Andhra Pradesh,Visakhapatnam,1137192,300879,241668,501,2012,431
India,Andhra Pradesh,Vizianagaram,572603,49147,37843,36,2012,82
India,Andhra Pradesh,West Godavari,775702,60575,58435,159,2012,127
India,Andhra Pradesh,Y.S.R.,1514967,69611,78628,109,2012,4
India,Arunachal Pradesh,Anjaw,651942,398495,369756,869,2012,174
India,Arunachal Pradesh,Changlang,503616,438332,431075,2788,2012,1245
India,Arunachal Pradesh,Dibang Valley,751403,391182,373790,461,2012,51
India,Arunachal Pradesh,East Kameng,409167,390145,385591,1758,2012,1057
India,Arunachal Pradesh,East Siang,361698,290410,288417,3988,2012,808
India,Arunachal Pradesh,Kurung Kumey,572190,445717,424968,1687,2012,260
India,Arunachal Pradesh,Lohit,344025,271516,266067,3990,2012,3551
India,Arunachal Pradesh,Longding,93352,78346,76441,3641,2012,393
India,Arunachal Pradesh,Lower Dibang Valley,556430,415248,395777,2827,2012,2043
India,Arunachal Pradesh,Lower Subansiri,378817,360577,353607,3121,2012,501
India,Arunachal Pradesh,Namsai,42486,17668,16789,468,2012,148
India,Arunachal Pradesh,Papum Pare,353251,332915,327083,1728,2012,1094
India,Arunachal Pradesh,Tawang,215022,101851,91644,88,2012,21
India,Arunachal Pradesh,Tirap,109276,100278,97211,1525,2012,192
India,Arunachal Pradesh,Upper Siang,701634,542210,539323,2566,2012,311
India,Arunachal Pradesh,Upper Subansiri,641172,508012,470378,3444,2012,510
India,Arunachal Pradesh,West Kameng,734287,551070,545555,897,2012,621
India,Arunachal Pradesh,West Siang,779775,673340,659039,11997,2012,1366
India,Assam,Baksa,239364,50158,45466,75,2012,71
India,Assam,Barpeta,227857,10844,13386,12,2012,27
India,Assam,Bongaigaon,112362,15343,13976,40,2012,26
India,Assam,Cachar,378676,219197,215588,598,2012,612
India,Assam,Chirang,118891,44423,42350,24,2012,72
India,Assam,Darrang,159926,7656,4845,26,2012,26
India,Assam,Dhemaji,253740,39030,37503,185,2012,196
India,Assam,Dhubri,278096,35918,17751,73,2012,268
India,Assam,Dibrugarh,339191,84744,77617,1595,2012,646
India,Assam,Dima Hasao,490917,434941,406980,6766,2012,3073
India,Assam,Goalpara,190100,21348,19886,58,2012,112
India,Assam,Golaghat,352585,49848,45910,1026,2012,524
India,Assam,Hailakandi,133352,68651,62917,273,2012,110
India,Assam,Jorhat,283776,49292,45600,943,2012,437
India,Assam,Kamrup,330488,96479,91075,288,2012,232
India,Assam,Kamrup Metropolitan,79666,28785,22733,100,2012,53
India,Assam,Karbi Anglong,1042664,789948,763795,6958,2012,4800
India,Assam,Karimganj,183306,74681,67823,235,2012,165
India,Assam,Kokrajhar,328978,109051,92428,155,2012,674
India,Assam,Lakhimpur,295203,53192,50368,413,2012,226
India,Assam,Morigaon,155363,10518,9080,25,2012,27
India,Assam,Nagaon,399001,77488,72138,443,2012,401
India,Assam,Nalbari,107600,11154,12942,2,2012,13
India,Assam,Sivasagar,263352,66061,58876,1211,2012,277
India,Assam,Sonitpur,528686,98395,84143,2521,2012,1811
India,Assam,Tinsukia,379304,170120,170440,5279,2012,1410
India,Assam,Udalguri,196790,32871,19883,548,2012,370
India,Bihar,Araria,281932,561,922,4,2012,1
India,Bihar,Arwal,66615,392,1880,14,2012,0
India,Bihar,Aurangabad,328198,875,630,5,2012,0
India,Bihar,Banka,309145,51,10,0,2012,0
India,Bihar,Begusarai,193928,196,271,1,2012,0
India,Bihar,Bhagalpur,256033,66,498,6,2012,0
India,Bihar,Bhojpur,237388,5464,22320,279,2012,0
India,Bihar,Buxar,170992,2040,5315,96,2012,2
India,Bihar,Darbhanga,228940,969,2839,15,2012,1
India,Bihar,Gaya,496554,2110,2748,2,2012,1
India,Bihar,Gopalganj,204094,175,2320,12,2012,2
India,Bihar,Jamui,308302,8863,2972,0,2012,0
India,Bihar,Jehanabad,93892,169,297,3,2012,0
India,Bihar,Kaimur,335075,4156,7422,89,2012,5
India,Bihar,Katihar,306233,107,223,8,2012,1
India,Bihar,Khagaria,149147,67,103,1,2012,0
India,Bihar,Kishanganj,193427,624,158,27,2012,4
India,Bihar,Lakhisarai,133641,7420,2606,11,2012,1
India,Bihar,Madhepura,183827,64,219,3,2012,1
India,Bihar,Madhubani,344146,3316,7618,25,2012,13
India,Bihar,Munger,136969,13748,10808,56,2012,1
India,Bihar,Muzaffarpur,318646,437,5012,8,2012,2
India,Bihar,Nalanda,233710,439,1645,4,2012,1
India,Bihar,Nawada,248578,9253,10478,1,2012,0
India,Bihar,Pashchim Champaran,523188,80413,80361,123,2012,46
India,Bihar,Patna,320539,1515,8189,38,2012,1
India,Bihar,Purba Champaran,399105,710,4891,6,2012,1
India,Bihar,Purnia,324600,128,133,6,2012,0
India,Bihar,Rohtas,386837,6235,7191,116,2012,1
India,Bihar,Saharsa,168897,153,215,4,2012,0
India,Bihar,Samastipur,290579,137,388,1,2012,0
India,Bihar,Saran,264523,223,3009,6,2012,0
India,Bihar,Sheikhpura,60405,9,18,0,2012,0
India,Bihar,Sheohar,57459,302,1358,6,2012,1
India,Bihar,Sitamarhi,205458,584,3341,7,2012,1
India,Bihar,Siwan,222545,223,3506,14,2012,1
India,Bihar,Supaul,238732,1517,2457,18,2012,8
India,Bihar,Vaishali,200961,132,1190,3,2012,0
India,Chandigarh,Chandigarh,11812,702,935,10,2012,0
India,Chhattisgarh,Balod,275414,16919,25869,3,2012,8
India,Chhattisgarh,Baloda Bazar,468572,25143,46646,1,2012,61
India,Chhattisgarh,Balrampur,633124,115996,64274,6,2012,24
India,Chhattisgarh,Bastar,591945,130358,118812,8,2012,199
India,Chhattisgarh,Bemetara,286904,44,29,0,2012,0
India,Chhattisgarh,Bijapur,879329,540837,498772,158,2012,246
India,Chhattisgarh,Bilaspur,555476,52822,34569,2,2012,80
India,Chhattisgarh,Dantewada,298090,88405,78733,17,2012,67
India,Chhattisgarh,Dhamtari,406306,84698,87870,1,2012,71
India,Chhattisgarh,Durg,298982,30,22,0,2012,0
India,Chhattisgarh,Gariaband,422957,110487,99238,1,2012,320
India,Chhattisgarh,Janjgir-Champa,387475,812,532,0,2012,3
India,Chhattisgarh,Jashpur,582341,73535,52235,2,2012,4
India,Chhattisgarh,Kabeerdham,422230,68990,63598,13,2012,12
India,Chhattisgarh,Kondagaon,509911,101269,93982,6,2012,512
India,Chhattisgarh,Korba,660932,134282,84264,2,2012,124
India,Chhattisgarh,Koriya,663712,115888,79594,1,2012,11
India,Chhattisgarh,Mahasamund,475380,7215,13348,3,2012,50
India,Chhattisgarh,Mungeli,278450,74732,52071,3,2012,38
India,Chhattisgarh,Narayanpur,392992,271260,249478,446,2012,344
India,Chhattisgarh,Raigarh,708412,55534,39766,4,2012,49
India,Chhattisgarh,Raipur,353390,370,888,0,2012,2
India,Chhattisgarh,Rajnandgaon,806554,113121,117362,50,2012,156
India,Chhattisgarh,Sukma,525060,150881,108640,44,2012,156
India,Chhattisgarh,Surajpur,544120,70867,40372,1,2012,23
India,Chhattisgarh,Surguja,399359,51150,32745,1,2012,40
India,Chhattisgarh,Uttar Bastar Kanker,715735,207926,200686,55,2012,749
India,Dadra and Nagar Haveli,Dadra and Nagar Haveli,49152,457,259,0,2012,0
India,Daman and Diu,Daman,5831,17,3,0,2012,0
India,Daman and Diu,Diu,2523,0,0,0,2012,0
India,Goa,North Goa,170604,41915,26028,1,2012,10
India,Goa,South Goa,198964,104551,90798,89,2012,24
India,Gujarat,Ahmadabad,773436,60,8,0,2012,0
India,Gujarat,Amreli,735510,5,1,0,2012,0
India,Gujarat,Anand,287832,46,7,0,2012,0
India,Gujarat,Aravalli,325245,10,2,1,2012,0
India,Gujarat,Banas Kantha,1061522,121,10,0,2012,0
India,Gujarat,Bharuch,543453,105,9,0,2012,0
India,Gujarat,Bhavnagar,677448,95,19,0,2012,0
India,Gujarat,Botad,162060,0,0,0,2012,0
India,Gujarat,Chhota Udaipur,368590,52,26,0,2012,0
India,Gujarat,Dahod,385651,310,44,0,2012,1
India,Gujarat,Devbhumi Dwarka,456016,17,0,0,2012,0
India,Gujarat,Gandhinagar,172338,1,0,0,2012,0
India,Gujarat,Gir Somnath,170164,15,1,6,2012,0
India,Gujarat,Jamnagar,670502,34,0,0,2012,0
India,Gujarat,Junagadh,702843,487,174,1,2012,0
India,Gujarat,Kachchh,4220838,33,2,0,2012,0
India,Gujarat,Kheda,398303,30,1,0,2012,0
India,Gujarat,Mahesana,438831,2,0,0,2012,0
India,Gujarat,Mahisagar,233539,11,4,0,2012,0
India,Gujarat,Morbi,481031,12,1,0,2012,0
India,Gujarat,Narmada,256838,2533,447,0,2012,8
India,Gujarat,Navsari,218334,1297,1294,0,2012,1
India,Gujarat,Panch Mahals,267704,27,16,0,2012,0
India,Gujarat,Patan,601243,0,0,0,2012,0
India,Gujarat,Porbandar,231056,39,0,0,2012,0
India,Gujarat,Rajkot,760630,17,2,0,2012,0
India,Gujarat,Sabar Kantha,418769,132,29,0,2012,0
India,Gujarat,Surat,439791,623,281,0,2012,0
India,Gujarat,Surendranagar,920266,180,26,0,2012,0
India,Gujarat,Tapi,314442,1563,620,0,2012,1
India,Gujarat,The Dangs,171142,8716,2274,0,2012,4
India,Gujarat,Vadodara,405249,9,1,0,2012,0
India,Gujarat,Valsad,301394,1346,1722,0,2012,0
India,Haryana,Ambala,175294,1380,1576,18,2012,5
India,Haryana,Bhiwani,463529,56,11,0,2012,0
India,Haryana,Faridabad,125761,80,174,8,2012,0
India,Haryana,Fatehabad,239977,13,54,0,2012,0
India,Haryana,Gurgaon,128536,169,111,1,2012,1
India,Haryana,Hisar,416939,68,6,0,2012,0
India,Haryana,Jhajjar,211225,135,91,4,2012,1
India,Haryana,Jind,273318,248,78,1,2012,2
India,Haryana,Kaithal,230046,1056,928,1,2012,9
India,Haryana,Karnal,258463,21,7,0,2012,0
India,Haryana,Kurukshetra,183593,445,241,1,2012,2
India,Haryana,Mahendragarh,193665,8,2,0,2012,0
India,Haryana,Mewat,146554,104,138,1,2012,0
India,Haryana,Palwal,90451,89,31,0,2012,1
India,Haryana,Panchkula,73780,27504,25438,39,2012,21
India,Haryana,Panipat,122468,60,365,19,2012,3
India,Haryana,Rewari,125324,47,23,0,2012,0
India,Haryana,Rohtak,168545,79,54,1,2012,0
India,Haryana,Sirsa,423119,4,3,0,2012,0
India,Haryana,Sonipat,221338,63,200,6,2012,0
India,Haryana,Yamunanagar,130521,11018,10477,22,2012,3
India,Himachal Pradesh,Bilaspur,116606,34773,31610,25,2012,4
India,Himachal Pradesh,Chamba,646061,170243,123366,144,2012,91
India,Himachal Pradesh,Hamirpur,112145,49052,45948,54,2012,18
India,Himachal Pradesh,Kangra,570651,231326,216284,499,2012,216
India,Himachal Pradesh,Kinnaur,645578,27943,15186,13,2012,1
India,Himachal Pradesh,Kullu,550194,151529,111321,40,2012,182
India,Himachal Pradesh,Lahul & Spiti,1380877,2610,1146,13,2012,0
India,Himachal Pradesh,Mandi,394812,172547,157589,136,2012,94
India,Himachal Pradesh,Shimla,513204,216911,160881,34,2012,25
India,Himachal Pradesh,Sirmaur,280863,163102,155136,103,2012,44
India,Himachal Pradesh,Solan,195597,92486,78371,65,2012,20
India,Himachal Pradesh,Una,153760,54587,51087,52,2012,23
India,Jammu and Kashmir,Anantnag,270262,74418,54946,33,2012,13
India,Jammu and Kashmir,Badgam,117282,15438,13073,7,2012,3
India,Jammu and Kashmir,Bandipore,252774,47946,34308,14,2012,8
India,Jammu and Kashmir,Baramulla,239201,61349,54085,60,2012,4
India,Jammu and Kashmir,Doda,262526,109809,74548,68,2012,63
India,Jammu and Kashmir,Ganderbal,126196,25483,18496,13,2012,8
India,Jammu and Kashmir,Jammu,214895,22392,18948,26,2012,10
India,Jammu and Kashmir,Kargil,1477323,225,38,11,2012,0
India,Jammu and Kashmir,Kathua,261794,62001,56822,106,2012,91
India,Jammu and Kashmir,Kishtwar,767032,113304,73885,40,2012,40
India,Jammu and Kashmir,Kulgam,134333,25547,24919,33,2012,4
India,Jammu and Kashmir,Kupwara,274748,117992,99047,63,2012,9
India,Jammu and Kashmir,Leh (Ladakh),4908732,62,19,15,2012,0
India,Jammu and Kashmir,Poonch,167356,60015,53733,22,2012,10
India,Jammu and Kashmir,Pulwama,73389,12895,12422,16,2012,3
India,Jammu and Kashmir,Rajouri,254200,83983,69907,19,2012,26
India,Jammu and Kashmir,Ramban,90221,27560,22655,4,2012,5
India,Jammu and Kashmir,Reasi,208383,84644,76285,23,2012,28
India,Jammu and Kashmir,Samba,84362,6928,6182,5,2012,5
India,Jammu and Kashmir,Shupiyan,72418,18029,20804,18,2012,13
India,Jammu and Kashmir,Srinagar,62771,11936,9782,12,2012,2
India,Jammu and Kashmir,Udhampur,245808,91063,77516,68,2012,55
India,Jharkhand,Bokaro,286989,10615,6059,0,2012,1
India,Jharkhand,Chatra,375718,35924,33133,28,2012,27
India,Jharkhand,Deoghar,244100,59,4,0,2012,0
India,Jharkhand,Dhanbad,208382,674,186,0,2012,0
India,Jharkhand,Dumka,377426,3146,665,133,2012,4
India,Jharkhand,Garhwa,407829,29720,12630,28,2012,5
India,Jharkhand,Giridih,499661,8970,5408,1,2012,0
India,Jharkhand,Godda,224195,4067,1254,67,2012,16
India,Jharkhand,Gumla,536525,58922,27871,1,2012,8
India,Jharkhand,Hazaribagh,481712,41777,39730,5,2012,14
India,Jharkhand,Jamtara,180473,8,0,0,2012,0
India,Jharkhand,Khunti,277225,15381,1120,1,2012,1
India,Jharkhand,Kodarma,132242,18562,19552,1,2012,0
India,Jharkhand,Latehar,426444,102907,50236,19,2012,69
India,Jharkhand,Lohardaga,149986,25424,13408,3,2012,7
India,Jharkhand,Pakur,181513,1630,958,66,2012,10
India,Jharkhand,Palamu,445541,18227,12788,29,2012,6
India,Jharkhand,Pashchimi Singhbhum,723098,133283,79138,10,2012,148
India,Jharkhand,Purbi Singhbhum,357770,9110,2382,3,2012,4
India,Jharkhand,Ramgarh,134403,5646,3524,0,2012,1
India,Jharkhand,Ranchi,488387,9234,1856,0,2012,2
India,Jharkhand,Sahibganj,219886,3225,589,93,2012,6
India,Jharkhand,Saraikela-kharsawan,265341,8165,1240,1,2012,1
India,Jharkhand,Simdega,379142,11654,3014,0,2012,1
India,Karnataka,Bagalkot,655258,105,42,0,2012,0
India,Karnataka,Bangalore,217903,162,26,2,2012,1
India,Karnataka,Bangalore Rural,230303,137,33,1,2012,3
India,Karnataka,Belgaum,1333488,49040,38050,38,2012,3
India,Karnataka,Bellary,842531,1836,226,2,2012,1
India,Karnataka,Bidar,543342,52,16,0,2012,0
India,Karnataka,Bijapur,1048432,53,15,0,2012,0
India,Karnataka,Chamrajnagar,565361,116045,83039,42,2012,9
India,Karnataka,Chikballapura,422931,1462,988,3,2012,0
India,Karnataka,Chikmagalur,718838,323326,298783,1150,2012,410
India,Karnataka,Chitradurga,842881,416,8,0,2012,0
India,Karnataka,Dakshina Kannada,456123,281111,231209,638,2012,809
India,Karnataka,Davanagere,660862,6521,346,6,2012,10
India,Karnataka,Dharwad,426092,464,1153,19,2012,0
India,Karnataka,Gadag,463089,15,1,0,2012,0
India,Karnataka,Gulbarga,1096303,48,10,0,2012,0
India,Karnataka,Hassan,679084,84418,62102,312,2012,172
India,Karnataka,Haveri,479411,587,321,15,2012,0
India,Karnataka,Kodagu,409587,308610,267919,818,2012,196
India,Karnataka,Kolar,397159,344,231,1,2012,1
India,Karnataka,Koppal,555591,14,7,7,2012,0
India,Karnataka,Mandya,492564,774,182,11,2012,8
India,Karnataka,Mysore,629741,70536,49242,92,2012,11
India,Karnataka,Raichur,843615,61,51,21,2012,0
India,Karnataka,Ramanagara,350745,2928,356,3,2012,6
India,Karnataka,Shimoga,773369,212771,134060,1093,2012,393
India,Karnataka,Tumkur,1059196,1426,314,7,2012,1
India,Karnataka,Udupi,390213,180568,137247,402,2012,439
India,Karnataka,Uttara Kannada,1027612,632365,575803,389,2012,73
India,Karnataka,Yadgir,526289,10,2,4,2012,0
India,Kerala,Alappuzha,124519,51188,46506,57,2012,36
India,Kerala,Ernakulam,225002,142323,115571,955,2012,282
India,Kerala,Idukki,499006,422964,413423,3789,2012,863
India,Kerala,Kannur,277392,220056,195713,302,2012,219
India,Kerala,Kasaragod,195107,107422,81572,231,2012,179
India,Kerala,Kollam,240436,193294,179738,2383,2012,403
India,Kerala,Kottayam,210255,158914,131488,431,2012,209
India,Kerala,Kozhikode,227197,161134,131968,156,2012,95
India,Kerala,Malappuram,349994,174081,128652,191,2012,170
India,Kerala,Palakkad,447188,216046,180783,692,2012,200
India,Kerala,Pathanamthitta,263424,235819,214996,828,2012,283
India,Kerala,Thiruvananthapuram,204253,153498,127197,1845,2012,388
India,Kerala,Thrissur,294081,191936,170228,866,2012,314
India,Kerala,Wayanad,212196,169547,159045,655,2012,145
India,Lakshadweep,Lakshadweep,3482,0,0,0,2012,0
India,Madhya Pradesh,Agar Malwa,276772,11,3,0,2012,0
India,Madhya Pradesh,Alirajpur,333104,526,41,0,2012,2
India,Madhya Pradesh,Anuppur,202588,5151,2964,0,2012,1
India,Madhya Pradesh,Ashoknagar,472393,353,150,3,2012,0
India,Madhya Pradesh,Balaghat,924893,318150,284474,110,2012,154
India,Madhya Pradesh,Barwani,542445,191,26,0,2012,0
India,Madhya Pradesh,Betul,1006834,44619,12942,15,2012,2
India,Madhya Pradesh,Bhind,447252,37,29,5,2012,0
India,Madhya Pradesh,Bhopal,272180,411,388,1,2012,0
India,Madhya Pradesh,Burhanpur,319674,304,101,0,2012,0
India,Madhya Pradesh,Chhatarpur,871307,9432,10557,37,2012,1
India,Madhya Pradesh,Chhindwara,1180484,47596,33573,19,2012,8
India,Madhya Pradesh,Damoh,735338,4141,3718,2,2012,5
India,Madhya Pradesh,Datia,252254,13,5,0,2012,0
India,Madhya Pradesh,Dewas,695694,683,550,0,2012,0
India,Madhya Pradesh,Dhar,813433,45,48,0,2012,0
India,Madhya Pradesh,Dindori,648866,165015,140518,13,2012,6
India,Madhya Pradesh,East Nimar,744494,2848,672,0,2012,0
India,Madhya Pradesh,Guna,629701,209,67,0,2012,0
India,Madhya Pradesh,Gwalior,458064,63,10,0,2012,0
India,Madhya Pradesh,Harda,331452,2518,1267,0,2012,0
India,Madhya Pradesh,Hoshangabad,670862,79045,47640,16,2012,5
India,Madhya Pradesh,Indore,390867,572,403,0,2012,0
India,Madhya Pradesh,Jabalpur,401166,8857,5026,2,2012,11
India,Madhya Pradesh,Jhabua,342698,9,2,0,2012,0
India,Madhya Pradesh,Katni,616355,20446,11180,17,2012,11
India,Madhya Pradesh,Mandla,677220,93818,90165,22,2012,33
India,Madhya Pradesh,Mandsaur,563118,66,10,0,2012,0
India,Madhya Pradesh,Morena,498479,60,23,2,2012,0
India,Madhya Pradesh,Narsimhapur,514459,17516,13262,4,2012,7
India,Madhya Pradesh,Neemuch,415427,39,11,0,2012,0
India,Madhya Pradesh,Panna,711358,11942,7857,13,2012,1
India,Madhya Pradesh,Raisen,849516,17063,21246,30,2012,4
India,Madhya Pradesh,Rajgarh,612022,44,39,0,2012,0
India,Madhya Pradesh,Ratlam,481618,33,6,0,2012,0
India,Madhya Pradesh,Rewa,631423,2701,3804,1,2012,0
India,Madhya Pradesh,Sagar,1025228,8268,4206,4,2012,7
India,Madhya Pradesh,Satna,750261,10327,5053,28,2012,5
India,Madhya Pradesh,Sehore,656297,4726,5166,6,2012,1
India,Madhya Pradesh,Seoni,875671,60198,52693,10,2012,58
India,Madhya Pradesh,Shahdol,831826,36032,26519,4,2012,3
India,Madhya Pradesh,Shajapur,352411,38,6,0,2012,0
India,Madhya Pradesh,Sheopur,652461,400,40,0,2012,0
India,Madhya Pradesh,Shivpuri,1046628,407,84,1,2012,0
India,Madhya Pradesh,Sidhi,478016,43220,33835,10,2012,1
India,Madhya Pradesh,Singrauli,578643,24183,22954,3,2012,5
India,Madhya Pradesh,Tikamgarh,506638,22,12,1,2012,0
India,Madhya Pradesh,Ujjain,608217,73,8,0,2012,0
India,Madhya Pradesh,Umaria,372591,32574,20399,10,2012,66
India,Madhya Pradesh,Vidisha,730295,2580,2838,0,2012,0
India,Madhya Pradesh,West Nimar,804393,504,174,0,2012,1
India,Maharashtra,Ahmadnagar,1613065,2155,685,0,2012,0
India,Maharashtra,Akola,551391,121,42,0,2012,1
India,Maharashtra,Amravati,1218596,37188,22756,1,2012,21
India,Maharashtra,Aurangabad,1009310,139,70,0,2012,0
India,Maharashtra,Bhandara,470048,29630,22796,10,2012,79
India,Maharashtra,Bid,1141360,18,8,0,2012,0
India,Maharashtra,Buldana,960383,562,217,0,2012,1
India,Maharashtra,Chandrapur,1130866,38431,26245,6,2012,128
India,Maharashtra,Dhule,716652,292,76,0,2012,0
India,Maharashtra,Garhchiroli,1446063,565777,532217,86,2012,733
India,Maharashtra,Gondiya,463678,77177,66986,14,2012,47
India,Maharashtra,Hingoli,468553,51,13,0,2012,0
India,Maharashtra,Jalgaon,1174820,1357,485,0,2012,2
India,Maharashtra,Jalna,777897,9,3,0,2012,0
India,Maharashtra,Kolhapur,765441,64263,50160,19,2012,11
India,Maharashtra,Latur,723325,84,9,0,2012,0
India,Maharashtra,Mumbai City,6798,2,0,0,2012,0
India,Maharashtra,Mumbai Suburban,41216,913,1816,0,2012,0
India,Maharashtra,Nagpur,992630,17895,13709,2,2012,37
India,Maharashtra,Nanded,1058842,2209,2191,0,2012,1
India,Maharashtra,Nandurbar,593190,1224,128,0,2012,1
India,Maharashtra,Nashik,1550954,2520,769,1,2012,1
India,Maharashtra,Osmanabad,755003,31,8,0,2012,0
India,Maharashtra,Palghar,532756,12058,9783,1,2012,0
India,Maharashtra,Parbhani,632812,56,11,0,2012,1
India,Maharashtra,Pune,1560120,20505,7436,2,2012,0
India,Maharashtra,Raigarh,701070,28536,9898,3,2012,1
India,Maharashtra,Ratnagiri,846264,33833,24447,9,2012,4
India,Maharashtra,Sangli,853492,4437,5233,0,2012,0
India,Maharashtra,Satara,1046855,27561,26313,2,2012,1
India,Maharashtra,Sindhudurg,517121,96181,50568,62,2012,144
India,Maharashtra,Solapur,1486719,67,13,0,2012,0
India,Maharashtra,Thane,423883,6043,3295,1,2012,0
India,Maharashtra,Wardha,630912,578,35,0,2012,4
India,Maharashtra,Washim,519150,104,20,0,2012,1
India,Maharashtra,Yavatmal,1352653,1395,760,0,2012,5
India,Manipur,Bishnupur,48080,1740,2108,41,2012,10
India,Manipur,Chandel,318641,269516,271928,8411,2012,1534
India,Manipur,Churachandpur,471866,405634,397101,9196,2012,2568
India,Manipur,Imphal East,59830,18726,19984,132,2012,96
India,Manipur,Imphal West,48793,4009,4525,57,2012,49
India,Manipur,Senapati,348452,241261,254278,1584,2012,655
India,Manipur,Tamenglong,419673,386378,366470,6339,2012,2069
India,Manipur,Thoubal,71407,6569,8341,90,2012,63
India,Manipur,Ukhrul,445329,369843,383303,7931,2012,1753
India,Meghalaya,East Garo Hills,218567,179466,163589,2813,2012,701
India,Meghalaya,East Khasi Hills,286198,179569,180921,716,2012,297
India,Meghalaya,Jaintia Hills,382407,272720,268991,1754,2012,995
India,Meghalaya,North Garo Hills,61123,40202,33277,175,2012,161
India,Meghalaya,Ri Bhoi,238512,190725,179250,1685,2012,668
India,Meghalaya,South Garo Hills,184901,162994,155050,2463,2012,416
India,Meghalaya,South West Garo Hills,51848,24712,19344,485,2012,45
India,Meghalaya,South West Khasi Hills,142031,101167,99795,938,2012,258
India,Meghalaya,West Garo Hills,304369,219605,181181,3872,2012,1011
India,Meghalaya,West Khasi Hills,381666,312728,311386,4233,2012,1323
India,Mizoram,Aizawl,345326,318685,295653,4861,2012,1358
India,Mizoram,Champhai,343485,298619,288526,12121,2012,2466
India,Mizoram,Kolasib,134891,125638,118388,885,2012,194
India,Mizoram,Lawangtlai,204674,176551,164321,660,2012,475
India,Mizoram,Lunglei,455319,422560,390114,2812,2012,842
India,Mizoram,Mamit,307947,293143,271709,1490,2012,395
India,Mizoram,Saiha,197696,179646,171250,965,2012,338
India,Mizoram,Serchhip,135837,117116,110274,2492,2012,744
India,NCT of Delhi,West,150220,263,122,2,2012,1
India,Nagaland,Dimapur,86683,48008,47284,567,2012,267
India,Nagaland,Kiphire,112226,76884,81496,2438,2012,721
India,Nagaland,Kohima,131049,113206,112344,1181,2012,485
India,Nagaland,Longleng,58857,46310,45195,3993,2012,476
India,Nagaland,Mokokchung,160570,135765,136223,9544,2012,1110
India,Nagaland,Mon,216824,175757,171643,8986,2012,1436
India,Nagaland,Peren,168370,153322,150576,3445,2012,1347
India,Nagaland,Phek,191044,138636,151738,1311,2012,522
India,Nagaland,Tuensang,214332,163570,160823,6000,2012,1992
India,Nagaland,Wokha,162641,134385,131483,3190,2012,1638
India,Nagaland,Zunheboto,157366,124499,128062,3311,2012,1121
India,Odisha,Anugul,637420,147440,91636,6,2012,49
India,Odisha,Balangir,657722,21125,7843,4,2012,31
India,Odisha,Baleshwar,370526,8669,2339,6,2012,11
India,Odisha,Bargarh,580584,19856,11873,4,2012,41
India,Odisha,Bauda,312387,94961,69469,32,2012,7
India,Odisha,Bhadrak,245295,122,18,0,2012,0
India,Odisha,Cuttack,394435,20532,6500,0,2012,37
India,Odisha,Debagarh,281405,60859,46069,4,2012,11
India,Odisha,Dhenkanal,448128,34340,12465,2,2012,17
India,Odisha,Gajapati,406805,163314,117932,87,2012,328
India,Odisha,Ganjam,838046,161507,109710,36,2012,175
India,Odisha,Jagatsinghapur,167105,77,12,0,2012,0
India,Odisha,Jajapur,290367,4074,2310,0,2012,2
India,Odisha,Jharsuguda,212024,2842,3758,3,2012,3
India,Odisha,Kalahandi,791570,160738,107293,624,2012,461
India,Odisha,Kandhamal,806513,442907,364535,2967,2012,636
India,Odisha,Kendrapara,248250,58,13,0,2012,0
India,Odisha,Kendujhar,832369,111738,67637,33,2012,214
India,Odisha,Khordha,275639,15903,4978,0,2012,16
India,Odisha,Koraput,858243,105476,88021,115,2012,160
India,Odisha,Malkangiri,583117,122556,79929,54,2012,232
India,Odisha,Mayurbhanj,1045106,220030,163423,8,2012,111
India,Odisha,Nabarangapur,530817,29098,20600,10,2012,450
India,Odisha,Nayagarh,389939,120024,62714,2,2012,54
India,Odisha,Nuapada,387082,32953,24937,1,2012,83
India,Odisha,Puri,350223,376,36,0,2012,1
India,Odisha,Rayagada,738185,215343,153190,295,2012,422
India,Odisha,Sambalpur,674416,168907,136091,9,2012,98
India,Odisha,Subarnapur,236169,5721,2533,0,2012,2
India,Odisha,Sundargarh,973917,188647,158696,17,2012,127
India,Puducherry,Karaikal,19216,35,308,2,2012,0
India,Puducherry,Mahe,12834,6855,4980,6,2012,4
India,Puducherry,Puducherry,19529,19,264,2,2012,1
India,Puducherry,Yanam,3154,2,5,0,2012,0
India,Punjab,Amritsar,261222,377,432,6,2012,3
India,Punjab,Barnala,148257,320,4,0,2012,2
India,Punjab,Bathinda,336278,139,7,0,2012,1
India,Punjab,Faridkot,144767,75,0,0,2012,3
India,Punjab,Fatehgarh Sahib,117323,202,191,1,2012,3
India,Punjab,Fazilka,271964,87,3,0,2012,2
India,Punjab,Firozpur,250041,642,145,1,2012,8
India,Punjab,Gurdaspur,257822,347,502,8,2012,1
India,Punjab,Hoshiarpur,336023,36187,35452,102,2012,18
India,Punjab,Jalandhar,260276,36,24,0,2012,0
India,Punjab,Kapurthala,165789,563,284,4,2012,5
India,Punjab,Ludhiana,356965,1649,860,6,2012,15
India,Punjab,Mansa,220700,33,18,0,2012,0
India,Punjab,Moga,230248,779,15,0,2012,7
India,Punjab,Muktsar,259888,35,2,0,2012,0
India,Punjab,Pathankot,99880,11476,11764,118,2012,19
India,Punjab,Patiala,333599,1592,2279,9,2012,5
India,Punjab,Rupnagar,138152,10695,8336,44,2012,33
India,Punjab,Sahibzada Ajit Singh Nagar,108846,7882,7151,18,2012,8
India,Punjab,Sangrur,360325,296,209,2,2012,2
India,Punjab,Shahid Bhagat Singh Nagar,129603,1155,1502,10,2012,2
India,Punjab,Tarn Taran,234611,133,163,3,2012,1
India,Rajasthan,Ajmer,864832,2,0,0,2012,0
India,Rajasthan,Alwar,829131,4301,1955,46,2012,0
India,Rajasthan,Banswara,448765,44,12,0,2012,0
India,Rajasthan,Baran,682336,75,3,0,2012,0
India,Rajasthan,Barmer,2831742,0,0,0,2012,0
India,Rajasthan,Bharatpur,505079,543,402,7,2012,1
India,Rajasthan,Bhilwara,1044866,8,1,0,2012,0
India,Rajasthan,Bikaner,2692523,0,0,0,2012,0
India,Rajasthan,Bundi,557361,18,0,0,2012,0
India,Rajasthan,Chittaurgarh,757295,38,1,2,2012,0
India,Rajasthan,Churu,1705000,0,0,0,2012,0
India,Rajasthan,Dausa,358982,21,32,7,2012,0
India,Rajasthan,Dhaulpur,302532,43,20,0,2012,0
India,Rajasthan,Dungarpur,377631,12,2,0,2012,0
India,Rajasthan,Ganganagar,1166503,18,0,0,2012,0
India,Rajasthan,Hanumangarh,890122,1,0,0,2012,0
India,Rajasthan,Jaipur,1124440,250,114,5,2012,0
India,Rajasthan,Jaisalmer,3857174,0,0,0,2012,0
India,Rajasthan,Jalor,1070386,0,0,0,2012,0
India,Rajasthan,Jhalawar,624795,16,3,0,2012,0
India,Rajasthan,Jhunjhunun,591310,12,1,0,2012,0
India,Rajasthan,Jodhpur,2280202,0,0,0,2012,0
India,Rajasthan,Karauli,518220,40,116,12,2012,0
India,Rajasthan,Kota,550289,41,2,0,2012,0
India,Rajasthan,Nagaur,1764675,0,0,0,2012,0
India,Rajasthan,Pali,1232336,32,15,0,2012,0
India,Rajasthan,Pratapgarh,429766,62,16,0,2012,0
India,Rajasthan,Rajsamand,459177,100,85,0,2012,1
India,Rajasthan,Sawai Madhopur,467033,63,1,0,2012,0
India,Rajasthan,Sikar,768138,15,1,0,2012,0
India,Rajasthan,Sirohi,513533,1992,324,0,2012,1
India,Rajasthan,Tonk,723904,3,0,0,2012,0
India,Rajasthan,Udaipur,1200020,4288,1011,0,2012,15
India,Sikkim,East Sikkim,94656,54725,57243,28,2012,18
India,Sikkim,North Sikkim,424153,101793,94756,14,2012,37
India,Sikkim,South Sikkim,73171,39736,43238,6,2012,14
India,Sikkim,West Sikkim,116327,54197,58525,22,2012,15
India,Tamil Nadu,Ariyalur,195050,179,123,6,2012,4
India,Tamil Nadu,Chennai,19496,24,49,0,2012,0
India,Tamil Nadu,Coimbatore,381876,106394,99049,630,2012,104
India,Tamil Nadu,Cuddalore,381529,567,3119,30,2012,4
India,Tamil Nadu,Dharmapuri,451289,60229,40216,20,2012,8
India,Tamil Nadu,Dindigul,605693,131707,117953,1393,2012,114
India,Tamil Nadu,Erode,597195,110441,75879,31,2012,7
India,Tamil Nadu,Kancheepuram,465580,884,432,2,2012,5
India,Tamil Nadu,Kanniyakumari,159095,94368,73746,729,2012,322
India,Tamil Nadu,Karur,288912,2034,1747,16,2012,1
India,Tamil Nadu,Krishnagiri,513456,22659,9827,20,2012,3
India,Tamil Nadu,Madurai,368763,20142,12710,87,2012,34
India,Tamil Nadu,Nagappattinam,240430,2545,5577,43,2012,8
India,Tamil Nadu,Namakkal,340077,26491,18764,75,2012,40
India,Tamil Nadu,Perambalur,175214,6038,4306,0,2012,3
India,Tamil Nadu,Pudukkottai,469005,429,2027,35,2012,1
India,Tamil Nadu,Ramanathapuram,426072,1106,1433,4,2012,2
India,Tamil Nadu,Salem,521044,69377,48800,162,2012,38
India,Tamil Nadu,Sivaganga,406634,719,2896,40,2012,3
India,Tamil Nadu,Thanjavur,339136,6027,5306,127,2012,121
India,Tamil Nadu,The Nilgiris,254621,161439,142481,976,2012,140
India,Tamil Nadu,Theni,284519,68470,59469,295,2012,154
India,Tamil Nadu,Thiruvallur,330691,878,6890,14,2012,3
India,Tamil Nadu,Thiruvarur,251518,5829,11729,55,2012,8
India,Tamil Nadu,Thoothukkudi,471255,7328,2740,17,2012,58
India,Tamil Nadu,Tiruchirappalli,450426,19990,12920,64,2012,59
India,Tamil Nadu,Tirunelveli,677048,122641,101337,292,2012,263
India,Tamil Nadu,Tiruppur,579045,35152,29946,129,2012,56
India,Tamil Nadu,Tiruvannamalai,618357,53147,39589,7,2012,16
India,Tamil Nadu,Vellore,606757,52516,36387,13,2012,8
India,Tamil Nadu,Viluppuram,729374,26944,21438,82,2012,88
India,Tamil Nadu,Virudunagar,428927,13827,9721,44,2012,18
India,Telangana,Adilabad,1604386,43451,45576,1,2012,94
India,Telangana,Hyderabad,17802,7,0,0,2012,0
India,Telangana,Karimnagar,1190025,33293,27498,4,2012,45
India,Telangana,Khammam,1610018,420082,323300,263,2012,4325
India,Telangana,Mahbubnagar,1837327,16103,10164,7,2012,4
India,Telangana,Medak,975732,310,48,0,2012,2
India,Telangana,Nalgonda,1409411,393,362,55,2012,2
India,Telangana,Nizamabad,790786,5468,3355,0,2012,65
India,Telangana,Ranga Reddy,754836,86,8,0,2012,1
India,Telangana,Warangal,1280889,144423,93032,23,2012,1091
India,Tripura,Dhalai,243285,196775,179288,243,2012,496
India,Tripura,Gomati,141064,92622,78803,92,2012,399
India,Tripura,Khowai,103448,64933,53587,77,2012,148
India,Tripura,North Tripura,131984,95513,85079,207,2012,173
India,Tripura,Sipahijala,102396,44035,31352,173,2012,269
India,Tripura,South Tripura,152454,84216,68592,115,2012,284
India,Tripura,Unokoti,77444,50734,41125,90,2012,155
India,Tripura,West Tripura,101551,40464,31891,180,2012,158
India,Uttar Pradesh,Agra,352635,1111,433,9,2012,2
India,Uttar Pradesh,Aligarh,386530,269,234,2,2012,2
India,Uttar Pradesh,Allahabad,514803,109,1798,87,2012,0
India,Uttar Pradesh,Ambedkar Nagar,232472,190,2167,34,2012,2
India,Uttar Pradesh,Amethi,330740,180,3026,42,2012,2
India,Uttar Pradesh,Amroha,251713,225,224,9,2012,4
India,Uttar Pradesh,Auraiya,217850,52,54,2,2012,3
India,Uttar Pradesh,Azamgarh,389662,399,3073,53,2012,8
India,Uttar Pradesh,Baghpat,133245,118,759,29,2012,4
India,Uttar Pradesh,Bahraich,368710,29878,23583,83,2012,6
India,Uttar Pradesh,Ballia,300802,152,3476,22,2012,0
India,Uttar Pradesh,Balrampur,336719,42532,40338,194,2012,14
India,Uttar Pradesh,Banda,451968,158,1145,3,2012,0
India,Uttar Pradesh,Barabanki,443233,439,1197,33,2012,2
India,Uttar Pradesh,Bareilly,378328,72,251,10,2012,0
India,Uttar Pradesh,Basti,251766,171,697,7,2012,2
India,Uttar Pradesh,Bijnor,431434,15649,15499,108,2012,20
India,Uttar Pradesh,Budaun,420899,86,113,4,2012,2
India,Uttar Pradesh,Bulandshahr,357886,101,37,3,2012,2
India,Uttar Pradesh,Chandauli,253552,1556,7401,189,2012,1
India,Uttar Pradesh,Chitrakoot,308393,5790,5255,26,2012,0
India,Uttar Pradesh,Deoria,255677,321,1221,10,2012,13
India,Uttar Pradesh,Etah,250079,120,115,2,2012,1
India,Uttar Pradesh,Etawah,215276,531,454,13,2012,6
India,Uttar Pradesh,Faizabad,209951,186,856,18,2012,1
India,Uttar Pradesh,Farrukhabad,218442,353,417,3,2012,7
India,Uttar Pradesh,Fatehpur,417684,14,65,2,2012,0
India,Uttar Pradesh,Firozabad,284638,426,155,4,2012,1
India,Uttar Pradesh,Gautam Buddha Nagar,138611,8,7,0,2012,0
India,Uttar Pradesh,Ghaziabad,87238,15,36,0,2012,0
India,Uttar Pradesh,Ghazipur,338598,527,9953,117,2012,11
India,Uttar Pradesh,Gonda,400797,3583,5474,28,2012,1
India,Uttar Pradesh,Gorakhpur,306670,1170,2561,17,2012,8
India,Uttar Pradesh,Hamirpur,426283,251,26,1,2012,0
India,Uttar Pradesh,Hapur,110314,33,25,1,2012,1
India,Uttar Pradesh,Hardoi,601016,1430,532,44,2012,24
India,Uttar Pradesh,Hathras,162087,113,52,1,2012,0
India,Uttar Pradesh,Jalaun,456365,32,4,0,2012,0
India,Uttar Pradesh,Jaunpur,403582,104,1442,23,2012,0
India,Uttar Pradesh,Jhansi,506579,161,35,0,2012,0
India,Uttar Pradesh,Kannauj,207454,139,16,3,2012,5
India,Uttar Pradesh,Kanpur Dehat,316373,26,84,4,2012,0
India,Uttar Pradesh,Kanpur Nagar,292815,65,55,1,2012,1
India,Uttar Pradesh,Kasganj,197603,280,150,2,2012,12
India,Uttar Pradesh,Kaushambi,210356,11,338,8,2012,0
India,Uttar Pradesh,Kushinagar,288811,531,749,2,2012,1
India,Uttar Pradesh,Lakhimpur Kheri,770148,94748,78902,302,2012,88
India,Uttar Pradesh,Lalitpur,504678,2496,623,4,2012,0
India,Uttar Pradesh,Lucknow,253976,1160,1453,103,2012,27
India,Uttar Pradesh,Maharajganj,318731,31937,35386,72,2012,20
India,Uttar Pradesh,Mahoba,283604,111,116,1,2012,0
India,Uttar Pradesh,Mainpuri,275040,148,137,4,2012,2
India,Uttar Pradesh,Mathura,337399,304,568,2,2012,1
India,Uttar Pradesh,Mau,206654,176,2088,15,2012,2
India,Uttar Pradesh,Meerut,260507,729,710,4,2012,2
India,Uttar Pradesh,Mirzapur,451742,76,126,2,2012,0
India,Uttar Pradesh,Moradabad,210602,62,167,8,2012,2
India,Uttar Pradesh,Muzaffarnagar,273061,336,1206,27,2012,5
India,Uttar Pradesh,Pilibhit,359157,51081,50411,89,2012,15
India,Uttar Pradesh,Pratapgarh,371568,115,984,17,2012,0
India,Uttar Pradesh,Rae Bareli,327076,73,496,10,2012,0
India,Uttar Pradesh,Rampur,257084,3333,3481,26,2012,3
India,Uttar Pradesh,Saharanpur,372025,19899,17358,50,2012,5
India,Uttar Pradesh,Sambhal,213644,19,1,0,2012,1
India,Uttar Pradesh,Sant Kabir Nagar,132684,182,964,16,2012,3
India,Uttar Pradesh,Sant Ravi Das Nagar,100916,16,181,8,2012,0
India,Uttar Pradesh,Shahjahanpur,465191,5698,5281,29,2012,14
India,Uttar Pradesh,Shamli,131834,222,327,10,2012,2
India,Uttar Pradesh,Shravasti,315223,29554,26449,126,2012,17
India,Uttar Pradesh,Siddharth Nagar,347860,721,2477,9,2012,3
India,Uttar Pradesh,Sitapur,578044,1843,905,175,2012,53
India,Uttar Pradesh,Sonbhadra,678916,4879,1358,2,2012,2
India,Uttar Pradesh,Sultanpur,246165,90,1438,16,2012,0
India,Uttar Pradesh,Unnao,459854,243,709,46,2012,9
India,Uttar Pradesh,Varanasi,155118,54,47,2,2012,2
India,Uttarakhand,Almora,310201,112210,83294,188,2012,45
India,Uttarakhand,Bageshwar,228123,79668,58991,4,2012,21
India,Uttarakhand,Chamoli,792867,192909,152828,19,2012,15
India,Uttarakhand,Champawat,168452,118482,115597,521,2012,137
India,Uttarakhand,Dehradun,306702,156029,150809,52,2012,80
India,Uttarakhand,Garhwal,545564,291677,261345,120,2012,70
India,Uttarakhand,Hardwar,238572,25703,24158,211,2012,6
India,Uttarakhand,Nainital,406379,297778,287829,3809,2012,548
India,Uttarakhand,Pithoragarh,732913,124243,89944,33,2012,33
India,Uttarakhand,Rudraprayag,121405,46549,38960,6,2012,5
India,Uttarakhand,Tehri Garhwal,438890,216898,212079,72,2012,125
India,Uttarakhand,Udham Singh Nagar,286233,54957,57103,955,2012,143
India,Uttarakhand,Uttarkashi,804550,231737,198289,63,2012,136
India,West Bengal,Alipurduar,280176,118440,83490,660,2012,655
India,West Bengal,Bankura,696472,423,15,27,2012,28
India,West Bengal,Barddhaman,704144,190,172,4,2012,1
India,West Bengal,Birbhum,455570,7,96,1,2012,0
India,West Bengal,Dakshin Dinajpur,211766,122,160,1,2012,0
India,West Bengal,Darjiling,314436,152184,156762,399,2012,184
India,West Bengal,Haora,144036,1435,922,2,2012,1
India,West Bengal,Hugli,315210,1188,244,0,2012,0
India,West Bengal,Jalpaiguri,338376,67359,49856,480,2012,210
India,West Bengal,Koch Bihar,338718,14449,8297,172,2012,49
India,West Bengal,Kolkata,9162,35,3,0,2012,0
India,West Bengal,Maldah,361110,212,147,10,2012,2
India,West Bengal,Murshidabad,541121,357,173,3,2012,2
India,West Bengal,Nadia,392088,2000,790,1,2012,3
India,West Bengal,North 24 Parganas,581554,35148,26531,0,2012,1
India,West Bengal,Pashchim Medinipur,940038,1560,174,72,2012,52
India,West Bengal,Purba Medinipur,398147,850,253,1,2012,1
India,West Bengal,Puruliya,625675,3124,117,1,2012,1
India,West Bengal,South 24 Parganas,552715,4568,3307,0,2012,0
India,West Bengal,Uttar Dinajpur,336010,4269,375,208,2012,38
India,Andaman and Nicobar,Nicobar Islands,172679,147634,144925,1587,2013,0
India,Andaman and Nicobar,North and Middle Andaman,340652,310759,308793,2600,2013,136
India,Andaman and Nicobar,South Andaman,247753,226008,225722,1658,2013,340
India,Andhra Pradesh,Anantapur,1922649,517,111,14,2013,0
India,Andhra Pradesh,Chittoor,1516880,81831,56859,218,2013,12
India,Andhra Pradesh,East Godavari,1075476,310205,284237,537,2013,547
India,Andhra Pradesh,Guntur,1141089,23783,57053,211,2013,2
India,Andhra Pradesh,Krishna,861607,17233,32054,57,2013,8
India,Andhra Pradesh,Kurnool,1777836,59574,40932,15,2013,1
India,Andhra Pradesh,Nellore,1301782,20837,28123,480,2013,0
India,Andhra Pradesh,Prakasam,1779564,79027,62790,158,2013,4
India,Andhra Pradesh,Srikakulam,627635,32693,20281,49,2013,37
India,Andhra Pradesh,Visakhapatnam,1137192,300879,241668,501,2013,369
India,Andhra Pradesh,Vizianagaram,572603,49147,37843,36,2013,54
India,Andhra Pradesh,West Godavari,775702,60575,58435,159,2013,82
India,Andhra Pradesh,Y.S.R.,1514967,69611,78628,109,2013,1
India,Arunachal Pradesh,Anjaw,651942,398495,369756,869,2013,113
India,Arunachal Pradesh,Changlang,503616,438332,431075,2788,2013,866
India,Arunachal Pradesh,Dibang Valley,751403,391182,373790,461,2013,20
India,Arunachal Pradesh,East Kameng,409167,390145,385591,1758,2013,654
India,Arunachal Pradesh,East Siang,361698,290410,288417,3988,2013,483
India,Arunachal Pradesh,Kurung Kumey,572190,445717,424968,1687,2013,303
India,Arunachal Pradesh,Lohit,344025,271516,266067,3990,2013,748
India,Arunachal Pradesh,Longding,93352,78346,76441,3641,2013,1137
India,Arunachal Pradesh,Lower Dibang Valley,556430,415248,395777,2827,2013,281
India,Arunachal Pradesh,Lower Subansiri,378817,360577,353607,3121,2013,484
India,Arunachal Pradesh,Namsai,42486,17668,16789,468,2013,116
India,Arunachal Pradesh,Papum Pare,353251,332915,327083,1728,2013,565
India,Arunachal Pradesh,Tawang,215022,101851,91644,88,2013,9
India,Arunachal Pradesh,Tirap,109276,100278,97211,1525,2013,489
India,Arunachal Pradesh,Upper Siang,701634,542210,539323,2566,2013,457
India,Arunachal Pradesh,Upper Subansiri,641172,508012,470378,3444,2013,694
India,Arunachal Pradesh,West Kameng,734287,551070,545555,897,2013,251
India,Arunachal Pradesh,West Siang,779775,673340,659039,11997,2013,1597
India,Assam,Baksa,239364,50158,45466,75,2013,2
India,Assam,Barpeta,227857,10844,13386,12,2013,0
India,Assam,Bongaigaon,112362,15343,13976,40,2013,3
India,Assam,Cachar,378676,219197,215588,598,2013,341
India,Assam,Chirang,118891,44423,42350,24,2013,1
India,Assam,Darrang,159926,7656,4845,26,2013,2
India,Assam,Dhemaji,253740,39030,37503,185,2013,22
India,Assam,Dhubri,278096,35918,17751,73,2013,45
India,Assam,Dibrugarh,339191,84744,77617,1595,2013,138
India,Assam,Dima Hasao,490917,434941,406980,6766,2013,3287
India,Assam,Goalpara,190100,21348,19886,58,2013,33
India,Assam,Golaghat,352585,49848,45910,1026,2013,72
India,Assam,Hailakandi,133352,68651,62917,273,2013,62
India,Assam,Jorhat,283776,49292,45600,943,2013,143
India,Assam,Kamrup,330488,96479,91075,288,2013,147
India,Assam,Kamrup Metropolitan,79666,28785,22733,100,2013,20
India,Assam,Karbi Anglong,1042664,789948,763795,6958,2013,3760
India,Assam,Karimganj,183306,74681,67823,235,2013,72
India,Assam,Kokrajhar,328978,109051,92428,155,2013,146
India,Assam,Lakhimpur,295203,53192,50368,413,2013,86
India,Assam,Morigaon,155363,10518,9080,25,2013,1
India,Assam,Nagaon,399001,77488,72138,443,2013,33
India,Assam,Nalbari,107600,11154,12942,2,2013,0
India,Assam,Sivasagar,263352,66061,58876,1211,2013,141
India,Assam,Sonitpur,528686,98395,84143,2521,2013,95
India,Assam,Tinsukia,379304,170120,170440,5279,2013,297
India,Assam,Udalguri,196790,32871,19883,548,2013,23
India,Bihar,Araria,281932,561,922,4,2013,0
India,Bihar,Arwal,66615,392,1880,14,2013,0
India,Bihar,Aurangabad,328198,875,630,5,2013,0
India,Bihar,Banka,309145,51,10,0,2013,0
India,Bihar,Begusarai,193928,196,271,1,2013,0
India,Bihar,Bhagalpur,256033,66,498,6,2013,0
India,Bihar,Bhojpur,237388,5464,22320,279,2013,0
India,Bihar,Buxar,170992,2040,5315,96,2013,0
India,Bihar,Darbhanga,228940,969,2839,15,2013,0
India,Bihar,Gaya,496554,2110,2748,2,2013,0
India,Bihar,Gopalganj,204094,175,2320,12,2013,0
India,Bihar,Jamui,308302,8863,2972,0,2013,0
India,Bihar,Jehanabad,93892,169,297,3,2013,0
India,Bihar,Kaimur,335075,4156,7422,89,2013,0
India,Bihar,Katihar,306233,107,223,8,2013,0
India,Bihar,Khagaria,149147,67,103,1,2013,0
India,Bihar,Kishanganj,193427,624,158,27,2013,2
India,Bihar,Lakhisarai,133641,7420,2606,11,2013,1
India,Bihar,Madhepura,183827,64,219,3,2013,0
India,Bihar,Madhubani,344146,3316,7618,25,2013,0
India,Bihar,Munger,136969,13748,10808,56,2013,1
India,Bihar,Muzaffarpur,318646,437,5012,8,2013,0
India,Bihar,Nalanda,233710,439,1645,4,2013,0
India,Bihar,Nawada,248578,9253,10478,1,2013,0
India,Bihar,Pashchim Champaran,523188,80413,80361,123,2013,8
India,Bihar,Patna,320539,1515,8189,38,2013,0
India,Bihar,Purba Champaran,399105,710,4891,6,2013,0
India,Bihar,Purnia,324600,128,133,6,2013,0
India,Bihar,Rohtas,386837,6235,7191,116,2013,0
India,Bihar,Saharsa,168897,153,215,4,2013,0
India,Bihar,Samastipur,290579,137,388,1,2013,0
India,Bihar,Saran,264523,223,3009,6,2013,0
India,Bihar,Sheikhpura,60405,9,18,0,2013,0
India,Bihar,Sheohar,57459,302,1358,6,2013,0
India,Bihar,Sitamarhi,205458,584,3341,7,2013,0
India,Bihar,Siwan,222545,223,3506,14,2013,0
India,Bihar,Supaul,238732,1517,2457,18,2013,0
India,Bihar,Vaishali,200961,132,1190,3,2013,0
India,Chandigarh,Chandigarh,11812,702,935,10,2013,0
India,Chhattisgarh,Balod,275414,16919,25869,3,2013,6
India,Chhattisgarh,Baloda Bazar,468572,25143,46646,1,2013,4
India,Chhattisgarh,Balrampur,633124,115996,64274,6,2013,3
India,Chhattisgarh,Bastar,591945,130358,118812,8,2013,38
India,Chhattisgarh,Bemetara,286904,44,29,0,2013,0
India,Chhattisgarh,Bijapur,879329,540837,498772,158,2013,182
India,Chhattisgarh,Bilaspur,555476,52822,34569,2,2013,28
India,Chhattisgarh,Dantewada,298090,88405,78733,17,2013,70
India,Chhattisgarh,Dhamtari,406306,84698,87870,1,2013,15
India,Chhattisgarh,Durg,298982,30,22,0,2013,0
India,Chhattisgarh,Gariaband,422957,110487,99238,1,2013,47
India,Chhattisgarh,Janjgir-Champa,387475,812,532,0,2013,0
India,Chhattisgarh,Jashpur,582341,73535,52235,2,2013,5
India,Chhattisgarh,Kabeerdham,422230,68990,63598,13,2013,7
India,Chhattisgarh,Kondagaon,509911,101269,93982,6,2013,18
India,Chhattisgarh,Korba,660932,134282,84264,2,2013,5
India,Chhattisgarh,Koriya,663712,115888,79594,1,2013,1
India,Chhattisgarh,Mahasamund,475380,7215,13348,3,2013,1
India,Chhattisgarh,Mungeli,278450,74732,52071,3,2013,16
India,Chhattisgarh,Narayanpur,392992,271260,249478,446,2013,843
India,Chhattisgarh,Raigarh,708412,55534,39766,4,2013,2
India,Chhattisgarh,Raipur,353390,370,888,0,2013,0
India,Chhattisgarh,Rajnandgaon,806554,113121,117362,50,2013,104
India,Chhattisgarh,Sukma,525060,150881,108640,44,2013,28
India,Chhattisgarh,Surajpur,544120,70867,40372,1,2013,6
India,Chhattisgarh,Surguja,399359,51150,32745,1,2013,9
India,Chhattisgarh,Uttar Bastar Kanker,715735,207926,200686,55,2013,84
India,Dadra and Nagar Haveli,Dadra and Nagar Haveli,49152,457,259,0,2013,0
India,Daman and Diu,Daman,5831,17,3,0,2013,0
India,Daman and Diu,Diu,2523,0,0,0,2013,0
India,Goa,North Goa,170604,41915,26028,1,2013,3
India,Goa,South Goa,198964,104551,90798,89,2013,15
India,Gujarat,Ahmadabad,773436,60,8,0,2013,0
India,Gujarat,Amreli,735510,5,1,0,2013,0
India,Gujarat,Anand,287832,46,7,0,2013,0
India,Gujarat,Aravalli,325245,10,2,1,2013,0
India,Gujarat,Banas Kantha,1061522,121,10,0,2013,0
India,Gujarat,Bharuch,543453,105,9,0,2013,0
India,Gujarat,Bhavnagar,677448,95,19,0,2013,0
India,Gujarat,Botad,162060,0,0,0,2013,0
India,Gujarat,Chhota Udaipur,368590,52,26,0,2013,0
India,Gujarat,Dahod,385651,310,44,0,2013,0
India,Gujarat,Devbhumi Dwarka,456016,17,0,0,2013,0
India,Gujarat,Gandhinagar,172338,1,0,0,2013,0
India,Gujarat,Gir Somnath,170164,15,1,6,2013,0
India,Gujarat,Jamnagar,670502,34,0,0,2013,0
India,Gujarat,Junagadh,702843,487,174,1,2013,1
India,Gujarat,Kachchh,4220838,33,2,0,2013,0
India,Gujarat,Kheda,398303,30,1,0,2013,0
India,Gujarat,Mahesana,438831,2,0,0,2013,0
India,Gujarat,Mahisagar,233539,11,4,0,2013,0
India,Gujarat,Morbi,481031,12,1,0,2013,0
India,Gujarat,Narmada,256838,2533,447,0,2013,0
India,Gujarat,Navsari,218334,1297,1294,0,2013,0
India,Gujarat,Panch Mahals,267704,27,16,0,2013,0
India,Gujarat,Patan,601243,0,0,0,2013,0
India,Gujarat,Porbandar,231056,39,0,0,2013,0
India,Gujarat,Rajkot,760630,17,2,0,2013,0
India,Gujarat,Sabar Kantha,418769,132,29,0,2013,0
India,Gujarat,Surat,439791,623,281,0,2013,0
India,Gujarat,Surendranagar,920266,180,26,0,2013,0
India,Gujarat,Tapi,314442,1563,620,0,2013,0
India,Gujarat,The Dangs,171142,8716,2274,0,2013,3
India,Gujarat,Vadodara,405249,9,1,0,2013,0
India,Gujarat,Valsad,301394,1346,1722,0,2013,1
India,Haryana,Ambala,175294,1380,1576,18,2013,1
India,Haryana,Bhiwani,463529,56,11,0,2013,0
India,Haryana,Faridabad,125761,80,174,8,2013,0
India,Haryana,Fatehabad,239977,13,54,0,2013,0
India,Haryana,Gurgaon,128536,169,111,1,2013,0
India,Haryana,Hisar,416939,68,6,0,2013,0
India,Haryana,Jhajjar,211225,135,91,4,2013,0
India,Haryana,Jind,273318,248,78,1,2013,0
India,Haryana,Kaithal,230046,1056,928,1,2013,0
India,Haryana,Karnal,258463,21,7,0,2013,0
India,Haryana,Kurukshetra,183593,445,241,1,2013,0
India,Haryana,Mahendragarh,193665,8,2,0,2013,0
India,Haryana,Mewat,146554,104,138,1,2013,0
India,Haryana,Palwal,90451,89,31,0,2013,0
India,Haryana,Panchkula,73780,27504,25438,39,2013,1
India,Haryana,Panipat,122468,60,365,19,2013,0
India,Haryana,Rewari,125324,47,23,0,2013,0
India,Haryana,Rohtak,168545,79,54,1,2013,0
India,Haryana,Sirsa,423119,4,3,0,2013,0
India,Haryana,Sonipat,221338,63,200,6,2013,0
India,Haryana,Yamunanagar,130521,11018,10477,22,2013,0
India,Himachal Pradesh,Bilaspur,116606,34773,31610,25,2013,3
India,Himachal Pradesh,Chamba,646061,170243,123366,144,2013,4
India,Himachal Pradesh,Hamirpur,112145,49052,45948,54,2013,2
India,Himachal Pradesh,Kangra,570651,231326,216284,499,2013,14
India,Himachal Pradesh,Kinnaur,645578,27943,15186,13,2013,0
India,Himachal Pradesh,Kullu,550194,151529,111321,40,2013,4
India,Himachal Pradesh,Lahul & Spiti,1380877,2610,1146,13,2013,0
India,Himachal Pradesh,Mandi,394812,172547,157589,136,2013,7
India,Himachal Pradesh,Shimla,513204,216911,160881,34,2013,3
India,Himachal Pradesh,Sirmaur,280863,163102,155136,103,2013,7
India,Himachal Pradesh,Solan,195597,92486,78371,65,2013,10
India,Himachal Pradesh,Una,153760,54587,51087,52,2013,11
India,Jammu and Kashmir,Anantnag,270262,74418,54946,33,2013,0
India,Jammu and Kashmir,Badgam,117282,15438,13073,7,2013,1
India,Jammu and Kashmir,Bandipore,252774,47946,34308,14,2013,1
India,Jammu and Kashmir,Baramulla,239201,61349,54085,60,2013,2
India,Jammu and Kashmir,Doda,262526,109809,74548,68,2013,1
India,Jammu and Kashmir,Ganderbal,126196,25483,18496,13,2013,0
India,Jammu and Kashmir,Jammu,214895,22392,18948,26,2013,6
India,Jammu and Kashmir,Kargil,1477323,225,38,11,2013,0
India,Jammu and Kashmir,Kathua,261794,62001,56822,106,2013,1
India,Jammu and Kashmir,Kishtwar,767032,113304,73885,40,2013,0
India,Jammu and Kashmir,Kulgam,134333,25547,24919,33,2013,1
India,Jammu and Kashmir,Kupwara,274748,117992,99047,63,2013,1
India,Jammu and Kashmir,Leh (Ladakh),4908732,62,19,15,2013,0
India,Jammu and Kashmir,Poonch,167356,60015,53733,22,2013,1
India,Jammu and Kashmir,Pulwama,73389,12895,12422,16,2013,1
India,Jammu and Kashmir,Rajouri,254200,83983,69907,19,2013,1
India,Jammu and Kashmir,Ramban,90221,27560,22655,4,2013,0
India,Jammu and Kashmir,Reasi,208383,84644,76285,23,2013,6
India,Jammu and Kashmir,Samba,84362,6928,6182,5,2013,0
India,Jammu and Kashmir,Shupiyan,72418,18029,20804,18,2013,1
India,Jammu and Kashmir,Srinagar,62771,11936,9782,12,2013,1
India,Jammu and Kashmir,Udhampur,245808,91063,77516,68,2013,2
India,Jharkhand,Bokaro,286989,10615,6059,0,2013,1
India,Jharkhand,Chatra,375718,35924,33133,28,2013,3
India,Jharkhand,Deoghar,244100,59,4,0,2013,0
India,Jharkhand,Dhanbad,208382,674,186,0,2013,0
India,Jharkhand,Dumka,377426,3146,665,133,2013,3
India,Jharkhand,Garhwa,407829,29720,12630,28,2013,5
India,Jharkhand,Giridih,499661,8970,5408,1,2013,0
India,Jharkhand,Godda,224195,4067,1254,67,2013,6
India,Jharkhand,Gumla,536525,58922,27871,1,2013,2
India,Jharkhand,Hazaribagh,481712,41777,39730,5,2013,10
India,Jharkhand,Jamtara,180473,8,0,0,2013,0
India,Jharkhand,Khunti,277225,15381,1120,1,2013,1
India,Jharkhand,Kodarma,132242,18562,19552,1,2013,1
India,Jharkhand,Latehar,426444,102907,50236,19,2013,7
India,Jharkhand,Lohardaga,149986,25424,13408,3,2013,7
India,Jharkhand,Pakur,181513,1630,958,66,2013,1
India,Jharkhand,Palamu,445541,18227,12788,29,2013,3
India,Jharkhand,Pashchimi Singhbhum,723098,133283,79138,10,2013,77
India,Jharkhand,Purbi Singhbhum,357770,9110,2382,3,2013,0
India,Jharkhand,Ramgarh,134403,5646,3524,0,2013,0
India,Jharkhand,Ranchi,488387,9234,1856,0,2013,0
India,Jharkhand,Sahibganj,219886,3225,589,93,2013,5
India,Jharkhand,Saraikela-kharsawan,265341,8165,1240,1,2013,0
India,Jharkhand,Simdega,379142,11654,3014,0,2013,0
India,Karnataka,Bagalkot,655258,105,42,0,2013,0
India,Karnataka,Bangalore,217903,162,26,2,2013,0
India,Karnataka,Bangalore Rural,230303,137,33,1,2013,0
India,Karnataka,Belgaum,1333488,49040,38050,38,2013,7
India,Karnataka,Bellary,842531,1836,226,2,2013,0
India,Karnataka,Bidar,543342,52,16,0,2013,0
India,Karnataka,Bijapur,1048432,53,15,0,2013,0
India,Karnataka,Chamrajnagar,565361,116045,83039,42,2013,3
India,Karnataka,Chikballapura,422931,1462,988,3,2013,0
India,Karnataka,Chikmagalur,718838,323326,298783,1150,2013,218
India,Karnataka,Chitradurga,842881,416,8,0,2013,0
India,Karnataka,Dakshina Kannada,456123,281111,231209,638,2013,541
India,Karnataka,Davanagere,660862,6521,346,6,2013,1
India,Karnataka,Dharwad,426092,464,1153,19,2013,0
India,Karnataka,Gadag,463089,15,1,0,2013,0
India,Karnataka,Gulbarga,1096303,48,10,0,2013,0
India,Karnataka,Hassan,679084,84418,62102,312,2013,77
India,Karnataka,Haveri,479411,587,321,15,2013,0
India,Karnataka,Kodagu,409587,308610,267919,818,2013,131
India,Karnataka,Kolar,397159,344,231,1,2013,0
India,Karnataka,Koppal,555591,14,7,7,2013,0
India,Karnataka,Mandya,492564,774,182,11,2013,0
India,Karnataka,Mysore,629741,70536,49242,92,2013,16
India,Karnataka,Raichur,843615,61,51,21,2013,0
India,Karnataka,Ramanagara,350745,2928,356,3,2013,0
India,Karnataka,Shimoga,773369,212771,134060,1093,2013,301
India,Karnataka,Tumkur,1059196,1426,314,7,2013,0
India,Karnataka,Udupi,390213,180568,137247,402,2013,589
India,Karnataka,Uttara Kannada,1027612,632365,575803,389,2013,234
India,Karnataka,Yadgir,526289,10,2,4,2013,0
India,Kerala,Alappuzha,124519,51188,46506,57,2013,13
India,Kerala,Ernakulam,225002,142323,115571,955,2013,273
India,Kerala,Idukki,499006,422964,413423,3789,2013,475
India,Kerala,Kannur,277392,220056,195713,302,2013,189
India,Kerala,Kasaragod,195107,107422,81572,231,2013,84
India,Kerala,Kollam,240436,193294,179738,2383,2013,387
India,Kerala,Kottayam,210255,158914,131488,431,2013,94
India,Kerala,Kozhikode,227197,161134,131968,156,2013,75
India,Kerala,Malappuram,349994,174081,128652,191,2013,238
India,Kerala,Palakkad,447188,216046,180783,692,2013,255
India,Kerala,Pathanamthitta,263424,235819,214996,828,2013,168
India,Kerala,Thiruvananthapuram,204253,153498,127197,1845,2013,293
India,Kerala,Thrissur,294081,191936,170228,866,2013,166
India,Kerala,Wayanad,212196,169547,159045,655,2013,90
India,Lakshadweep,Lakshadweep,3482,0,0,0,2013,0
India,Madhya Pradesh,Agar Malwa,276772,11,3,0,2013,0
India,Madhya Pradesh,Alirajpur,333104,526,41,0,2013,0
India,Madhya Pradesh,Anuppur,202588,5151,2964,0,2013,0
India,Madhya Pradesh,Ashoknagar,472393,353,150,3,2013,0
India,Madhya Pradesh,Balaghat,924893,318150,284474,110,2013,245
India,Madhya Pradesh,Barwani,542445,191,26,0,2013,0
India,Madhya Pradesh,Betul,1006834,44619,12942,15,2013,7
India,Madhya Pradesh,Bhind,447252,37,29,5,2013,0
India,Madhya Pradesh,Bhopal,272180,411,388,1,2013,0
India,Madhya Pradesh,Burhanpur,319674,304,101,0,2013,0
India,Madhya Pradesh,Chhatarpur,871307,9432,10557,37,2013,0
India,Madhya Pradesh,Chhindwara,1180484,47596,33573,19,2013,6
India,Madhya Pradesh,Damoh,735338,4141,3718,2,2013,0
India,Madhya Pradesh,Datia,252254,13,5,0,2013,0
India,Madhya Pradesh,Dewas,695694,683,550,0,2013,0
India,Madhya Pradesh,Dhar,813433,45,48,0,2013,0
India,Madhya Pradesh,Dindori,648866,165015,140518,13,2013,4
India,Madhya Pradesh,East Nimar,744494,2848,672,0,2013,0
India,Madhya Pradesh,Guna,629701,209,67,0,2013,0
India,Madhya Pradesh,Gwalior,458064,63,10,0,2013,0
India,Madhya Pradesh,Harda,331452,2518,1267,0,2013,1
India,Madhya Pradesh,Hoshangabad,670862,79045,47640,16,2013,17
India,Madhya Pradesh,Indore,390867,572,403,0,2013,0
India,Madhya Pradesh,Jabalpur,401166,8857,5026,2,2013,0
India,Madhya Pradesh,Jhabua,342698,9,2,0,2013,0
India,Madhya Pradesh,Katni,616355,20446,11180,17,2013,0
India,Madhya Pradesh,Mandla,677220,93818,90165,22,2013,16
India,Madhya Pradesh,Mandsaur,563118,66,10,0,2013,0
India,Madhya Pradesh,Morena,498479,60,23,2,2013,0
India,Madhya Pradesh,Narsimhapur,514459,17516,13262,4,2013,0
India,Madhya Pradesh,Neemuch,415427,39,11,0,2013,0
India,Madhya Pradesh,Panna,711358,11942,7857,13,2013,0
India,Madhya Pradesh,Raisen,849516,17063,21246,30,2013,0
India,Madhya Pradesh,Rajgarh,612022,44,39,0,2013,0
India,Madhya Pradesh,Ratlam,481618,33,6,0,2013,0
India,Madhya Pradesh,Rewa,631423,2701,3804,1,2013,0
India,Madhya Pradesh,Sagar,1025228,8268,4206,4,2013,0
India,Madhya Pradesh,Satna,750261,10327,5053,28,2013,1
India,Madhya Pradesh,Sehore,656297,4726,5166,6,2013,0
India,Madhya Pradesh,Seoni,875671,60198,52693,10,2013,46
India,Madhya Pradesh,Shahdol,831826,36032,26519,4,2013,0
India,Madhya Pradesh,Shajapur,352411,38,6,0,2013,0
India,Madhya Pradesh,Sheopur,652461,400,40,0,2013,0
India,Madhya Pradesh,Shivpuri,1046628,407,84,1,2013,0
India,Madhya Pradesh,Sidhi,478016,43220,33835,10,2013,0
India,Madhya Pradesh,Singrauli,578643,24183,22954,3,2013,8
India,Madhya Pradesh,Tikamgarh,506638,22,12,1,2013,0
India,Madhya Pradesh,Ujjain,608217,73,8,0,2013,0
India,Madhya Pradesh,Umaria,372591,32574,20399,10,2013,21
India,Madhya Pradesh,Vidisha,730295,2580,2838,0,2013,0
India,Madhya Pradesh,West Nimar,804393,504,174,0,2013,0
India,Maharashtra,Ahmadnagar,1613065,2155,685,0,2013,0
India,Maharashtra,Akola,551391,121,42,0,2013,0
India,Maharashtra,Amravati,1218596,37188,22756,1,2013,2
India,Maharashtra,Aurangabad,1009310,139,70,0,2013,0
India,Maharashtra,Bhandara,470048,29630,22796,10,2013,25
India,Maharashtra,Bid,1141360,18,8,0,2013,0
India,Maharashtra,Buldana,960383,562,217,0,2013,0
India,Maharashtra,Chandrapur,1130866,38431,26245,6,2013,61
India,Maharashtra,Dhule,716652,292,76,0,2013,0
India,Maharashtra,Garhchiroli,1446063,565777,532217,86,2013,232
India,Maharashtra,Gondiya,463678,77177,66986,14,2013,33
India,Maharashtra,Hingoli,468553,51,13,0,2013,0
India,Maharashtra,Jalgaon,1174820,1357,485,0,2013,0
India,Maharashtra,Jalna,777897,9,3,0,2013,0
India,Maharashtra,Kolhapur,765441,64263,50160,19,2013,8
India,Maharashtra,Latur,723325,84,9,0,2013,0
India,Maharashtra,Mumbai City,6798,2,0,0,2013,0
India,Maharashtra,Mumbai Suburban,41216,913,1816,0,2013,0
India,Maharashtra,Nagpur,992630,17895,13709,2,2013,0
India,Maharashtra,Nanded,1058842,2209,2191,0,2013,0
India,Maharashtra,Nandurbar,593190,1224,128,0,2013,0
India,Maharashtra,Nashik,1550954,2520,769,1,2013,0
India,Maharashtra,Osmanabad,755003,31,8,0,2013,0
India,Maharashtra,Palghar,532756,12058,9783,1,2013,0
India,Maharashtra,Parbhani,632812,56,11,0,2013,0
India,Maharashtra,Pune,1560120,20505,7436,2,2013,0
India,Maharashtra,Raigarh,701070,28536,9898,3,2013,5
India,Maharashtra,Ratnagiri,846264,33833,24447,9,2013,5
India,Maharashtra,Sangli,853492,4437,5233,0,2013,0
India,Maharashtra,Satara,1046855,27561,26313,2,2013,1
India,Maharashtra,Sindhudurg,517121,96181,50568,62,2013,92
India,Maharashtra,Solapur,1486719,67,13,0,2013,0
India,Maharashtra,Thane,423883,6043,3295,1,2013,0
India,Maharashtra,Wardha,630912,578,35,0,2013,0
India,Maharashtra,Washim,519150,104,20,0,2013,0
India,Maharashtra,Yavatmal,1352653,1395,760,0,2013,0
India,Manipur,Bishnupur,48080,1740,2108,41,2013,3
India,Manipur,Chandel,318641,269516,271928,8411,2013,2381
India,Manipur,Churachandpur,471866,405634,397101,9196,2013,4051
India,Manipur,Imphal East,59830,18726,19984,132,2013,97
India,Manipur,Imphal West,48793,4009,4525,57,2013,43
India,Manipur,Senapati,348452,241261,254278,1584,2013,827
India,Manipur,Tamenglong,419673,386378,366470,6339,2013,2565
India,Manipur,Thoubal,71407,6569,8341,90,2013,56
India,Manipur,Ukhrul,445329,369843,383303,7931,2013,2409
India,Meghalaya,East Garo Hills,218567,179466,163589,2813,2013,944
India,Meghalaya,East Khasi Hills,286198,179569,180921,716,2013,379
India,Meghalaya,Jaintia Hills,382407,272720,268991,1754,2013,1688
India,Meghalaya,North Garo Hills,61123,40202,33277,175,2013,38
India,Meghalaya,Ri Bhoi,238512,190725,179250,1685,2013,536
India,Meghalaya,South Garo Hills,184901,162994,155050,2463,2013,757
India,Meghalaya,South West Garo Hills,51848,24712,19344,485,2013,36
India,Meghalaya,South West Khasi Hills,142031,101167,99795,938,2013,358
India,Meghalaya,West Garo Hills,304369,219605,181181,3872,2013,1612
India,Meghalaya,West Khasi Hills,381666,312728,311386,4233,2013,2083
India,Mizoram,Aizawl,345326,318685,295653,4861,2013,2256
India,Mizoram,Champhai,343485,298619,288526,12121,2013,3570
India,Mizoram,Kolasib,134891,125638,118388,885,2013,239
India,Mizoram,Lawangtlai,204674,176551,164321,660,2013,581
India,Mizoram,Lunglei,455319,422560,390114,2812,2013,1602
India,Mizoram,Mamit,307947,293143,271709,1490,2013,627
India,Mizoram,Saiha,197696,179646,171250,965,2013,517
India,Mizoram,Serchhip,135837,117116,110274,2492,2013,935
India,NCT of Delhi,West,150220,263,122,2,2013,0
India,Nagaland,Dimapur,86683,48008,47284,567,2013,123
India,Nagaland,Kiphire,112226,76884,81496,2438,2013,920
India,Nagaland,Kohima,131049,113206,112344,1181,2013,452
India,Nagaland,Longleng,58857,46310,45195,3993,2013,384
India,Nagaland,Mokokchung,160570,135765,136223,9544,2013,731
India,Nagaland,Mon,216824,175757,171643,8986,2013,2173
India,Nagaland,Peren,168370,153322,150576,3445,2013,1258
India,Nagaland,Phek,191044,138636,151738,1311,2013,537
India,Nagaland,Tuensang,214332,163570,160823,6000,2013,2776
India,Nagaland,Wokha,162641,134385,131483,3190,2013,1055
India,Nagaland,Zunheboto,157366,124499,128062,3311,2013,1307
India,Odisha,Anugul,637420,147440,91636,6,2013,22
India,Odisha,Balangir,657722,21125,7843,4,2013,3
India,Odisha,Baleshwar,370526,8669,2339,6,2013,1
India,Odisha,Bargarh,580584,19856,11873,4,2013,2
India,Odisha,Bauda,312387,94961,69469,32,2013,5
India,Odisha,Bhadrak,245295,122,18,0,2013,0
India,Odisha,Cuttack,394435,20532,6500,0,2013,0
India,Odisha,Debagarh,281405,60859,46069,4,2013,5
India,Odisha,Dhenkanal,448128,34340,12465,2,2013,4
India,Odisha,Gajapati,406805,163314,117932,87,2013,365
India,Odisha,Ganjam,838046,161507,109710,36,2013,375
India,Odisha,Jagatsinghapur,167105,77,12,0,2013,0
India,Odisha,Jajapur,290367,4074,2310,0,2013,0
India,Odisha,Jharsuguda,212024,2842,3758,3,2013,0
India,Odisha,Kalahandi,791570,160738,107293,624,2013,898
India,Odisha,Kandhamal,806513,442907,364535,2967,2013,2400
India,Odisha,Kendrapara,248250,58,13,0,2013,0
India,Odisha,Kendujhar,832369,111738,67637,33,2013,133
India,Odisha,Khordha,275639,15903,4978,0,2013,6
India,Odisha,Koraput,858243,105476,88021,115,2013,222
India,Odisha,Malkangiri,583117,122556,79929,54,2013,166
India,Odisha,Mayurbhanj,1045106,220030,163423,8,2013,22
India,Odisha,Nabarangapur,530817,29098,20600,10,2013,54
India,Odisha,Nayagarh,389939,120024,62714,2,2013,11
India,Odisha,Nuapada,387082,32953,24937,1,2013,7
India,Odisha,Puri,350223,376,36,0,2013,0
India,Odisha,Rayagada,738185,215343,153190,295,2013,551
India,Odisha,Sambalpur,674416,168907,136091,9,2013,11
India,Odisha,Subarnapur,236169,5721,2533,0,2013,1
India,Odisha,Sundargarh,973917,188647,158696,17,2013,89
India,Puducherry,Karaikal,19216,35,308,2,2013,0
India,Puducherry,Mahe,12834,6855,4980,6,2013,5
India,Puducherry,Puducherry,19529,19,264,2,2013,0
India,Puducherry,Yanam,3154,2,5,0,2013,0
India,Punjab,Amritsar,261222,377,432,6,2013,0
India,Punjab,Barnala,148257,320,4,0,2013,0
India,Punjab,Bathinda,336278,139,7,0,2013,0
India,Punjab,Faridkot,144767,75,0,0,2013,0
India,Punjab,Fatehgarh Sahib,117323,202,191,1,2013,0
India,Punjab,Fazilka,271964,87,3,0,2013,0
India,Punjab,Firozpur,250041,642,145,1,2013,0
India,Punjab,Gurdaspur,257822,347,502,8,2013,0
India,Punjab,Hoshiarpur,336023,36187,35452,102,2013,4
India,Punjab,Jalandhar,260276,36,24,0,2013,0
India,Punjab,Kapurthala,165789,563,284,4,2013,0
India,Punjab,Ludhiana,356965,1649,860,6,2013,0
India,Punjab,Mansa,220700,33,18,0,2013,0
India,Punjab,Moga,230248,779,15,0,2013,0
India,Punjab,Muktsar,259888,35,2,0,2013,0
India,Punjab,Pathankot,99880,11476,11764,118,2013,12
India,Punjab,Patiala,333599,1592,2279,9,2013,0
India,Punjab,Rupnagar,138152,10695,8336,44,2013,0
India,Punjab,Sahibzada Ajit Singh Nagar,108846,7882,7151,18,2013,1
India,Punjab,Sangrur,360325,296,209,2,2013,0
India,Punjab,Shahid Bhagat Singh Nagar,129603,1155,1502,10,2013,0
India,Punjab,Tarn Taran,234611,133,163,3,2013,0
India,Rajasthan,Ajmer,864832,2,0,0,2013,0
India,Rajasthan,Alwar,829131,4301,1955,46,2013,0
India,Rajasthan,Banswara,448765,44,12,0,2013,0
India,Rajasthan,Baran,682336,75,3,0,2013,0
India,Rajasthan,Barmer,2831742,0,0,0,2013,0
India,Rajasthan,Bharatpur,505079,543,402,7,2013,0
India,Rajasthan,Bhilwara,1044866,8,1,0,2013,0
India,Rajasthan,Bikaner,2692523,0,0,0,2013,0
India,Rajasthan,Bundi,557361,18,0,0,2013,0
India,Rajasthan,Chittaurgarh,757295,38,1,2,2013,0
India,Rajasthan,Churu,1705000,0,0,0,2013,0
India,Rajasthan,Dausa,358982,21,32,7,2013,0
India,Rajasthan,Dhaulpur,302532,43,20,0,2013,0
India,Rajasthan,Dungarpur,377631,12,2,0,2013,0
India,Rajasthan,Ganganagar,1166503,18,0,0,2013,0
India,Rajasthan,Hanumangarh,890122,1,0,0,2013,0
India,Rajasthan,Jaipur,1124440,250,114,5,2013,0
India,Rajasthan,Jaisalmer,3857174,0,0,0,2013,0
India,Rajasthan,Jalor,1070386,0,0,0,2013,0
India,Rajasthan,Jhalawar,624795,16,3,0,2013,0
India,Rajasthan,Jhunjhunun,591310,12,1,0,2013,0
India,Rajasthan,Jodhpur,2280202,0,0,0,2013,0
India,Rajasthan,Karauli,518220,40,116,12,2013,0
India,Rajasthan,Kota,550289,41,2,0,2013,0
India,Rajasthan,Nagaur,1764675,0,0,0,2013,0
India,Rajasthan,Pali,1232336,32,15,0,2013,0
India,Rajasthan,Pratapgarh,429766,62,16,0,2013,0
India,Rajasthan,Rajsamand,459177,100,85,0,2013,0
India,Rajasthan,Sawai Madhopur,467033,63,1,0,2013,0
India,Rajasthan,Sikar,768138,15,1,0,2013,0
India,Rajasthan,Sirohi,513533,1992,324,0,2013,0
India,Rajasthan,Tonk,723904,3,0,0,2013,0
India,Rajasthan,Udaipur,1200020,4288,1011,0,2013,0
India,Sikkim,East Sikkim,94656,54725,57243,28,2013,4
India,Sikkim,North Sikkim,424153,101793,94756,14,2013,10
India,Sikkim,South Sikkim,73171,39736,43238,6,2013,3
India,Sikkim,West Sikkim,116327,54197,58525,22,2013,6
India,Tamil Nadu,Ariyalur,195050,179,123,6,2013,0
India,Tamil Nadu,Chennai,19496,24,49,0,2013,0
India,Tamil Nadu,Coimbatore,381876,106394,99049,630,2013,57
India,Tamil Nadu,Cuddalore,381529,567,3119,30,2013,0
India,Tamil Nadu,Dharmapuri,451289,60229,40216,20,2013,1
India,Tamil Nadu,Dindigul,605693,131707,117953,1393,2013,122
India,Tamil Nadu,Erode,597195,110441,75879,31,2013,2
India,Tamil Nadu,Kancheepuram,465580,884,432,2,2013,0
India,Tamil Nadu,Kanniyakumari,159095,94368,73746,729,2013,176
India,Tamil Nadu,Karur,288912,2034,1747,16,2013,0
India,Tamil Nadu,Krishnagiri,513456,22659,9827,20,2013,1
India,Tamil Nadu,Madurai,368763,20142,12710,87,2013,1
India,Tamil Nadu,Nagappattinam,240430,2545,5577,43,2013,0
India,Tamil Nadu,Namakkal,340077,26491,18764,75,2013,1
India,Tamil Nadu,Perambalur,175214,6038,4306,0,2013,0
India,Tamil Nadu,Pudukkottai,469005,429,2027,35,2013,2
India,Tamil Nadu,Ramanathapuram,426072,1106,1433,4,2013,1
India,Tamil Nadu,Salem,521044,69377,48800,162,2013,8
India,Tamil Nadu,Sivaganga,406634,719,2896,40,2013,0
India,Tamil Nadu,Thanjavur,339136,6027,5306,127,2013,0
India,Tamil Nadu,The Nilgiris,254621,161439,142481,976,2013,140
India,Tamil Nadu,Theni,284519,68470,59469,295,2013,43
India,Tamil Nadu,Thiruvallur,330691,878,6890,14,2013,0
India,Tamil Nadu,Thiruvarur,251518,5829,11729,55,2013,0
India,Tamil Nadu,Thoothukkudi,471255,7328,2740,17,2013,2
India,Tamil Nadu,Tiruchirappalli,450426,19990,12920,64,2013,1
India,Tamil Nadu,Tirunelveli,677048,122641,101337,292,2013,20
India,Tamil Nadu,Tiruppur,579045,35152,29946,129,2013,53
India,Tamil Nadu,Tiruvannamalai,618357,53147,39589,7,2013,2
India,Tamil Nadu,Vellore,606757,52516,36387,13,2013,1
India,Tamil Nadu,Viluppuram,729374,26944,21438,82,2013,6
India,Tamil Nadu,Virudunagar,428927,13827,9721,44,2013,3
India,Telangana,Adilabad,1604386,43451,45576,1,2013,1
India,Telangana,Hyderabad,17802,7,0,0,2013,0
India,Telangana,Karimnagar,1190025,33293,27498,4,2013,13
India,Telangana,Khammam,1610018,420082,323300,263,2013,913
India,Telangana,Mahbubnagar,1837327,16103,10164,7,2013,0
India,Telangana,Medak,975732,310,48,0,2013,0
India,Telangana,Nalgonda,1409411,393,362,55,2013,0
India,Telangana,Nizamabad,790786,5468,3355,0,2013,4
India,Telangana,Ranga Reddy,754836,86,8,0,2013,0
India,Telangana,Warangal,1280889,144423,93032,23,2013,84
India,Tripura,Dhalai,243285,196775,179288,243,2013,1015
India,Tripura,Gomati,141064,92622,78803,92,2013,485
India,Tripura,Khowai,103448,64933,53587,77,2013,295
India,Tripura,North Tripura,131984,95513,85079,207,2013,259
India,Tripura,Sipahijala,102396,44035,31352,173,2013,126
India,Tripura,South Tripura,152454,84216,68592,115,2013,336
India,Tripura,Unokoti,77444,50734,41125,90,2013,81
India,Tripura,West Tripura,101551,40464,31891,180,2013,65
India,Uttar Pradesh,Agra,352635,1111,433,9,2013,0
India,Uttar Pradesh,Aligarh,386530,269,234,2,2013,0
India,Uttar Pradesh,Allahabad,514803,109,1798,87,2013,0
India,Uttar Pradesh,Ambedkar Nagar,232472,190,2167,34,2013,0
India,Uttar Pradesh,Amethi,330740,180,3026,42,2013,0
India,Uttar Pradesh,Amroha,251713,225,224,9,2013,0
India,Uttar Pradesh,Auraiya,217850,52,54,2,2013,0
India,Uttar Pradesh,Azamgarh,389662,399,3073,53,2013,0
India,Uttar Pradesh,Baghpat,133245,118,759,29,2013,0
India,Uttar Pradesh,Bahraich,368710,29878,23583,83,2013,2
India,Uttar Pradesh,Ballia,300802,152,3476,22,2013,0
India,Uttar Pradesh,Balrampur,336719,42532,40338,194,2013,5
India,Uttar Pradesh,Banda,451968,158,1145,3,2013,0
India,Uttar Pradesh,Barabanki,443233,439,1197,33,2013,0
India,Uttar Pradesh,Bareilly,378328,72,251,10,2013,0
India,Uttar Pradesh,Basti,251766,171,697,7,2013,0
India,Uttar Pradesh,Bijnor,431434,15649,15499,108,2013,12
India,Uttar Pradesh,Budaun,420899,86,113,4,2013,0
India,Uttar Pradesh,Bulandshahr,357886,101,37,3,2013,0
India,Uttar Pradesh,Chandauli,253552,1556,7401,189,2013,0
India,Uttar Pradesh,Chitrakoot,308393,5790,5255,26,2013,0
India,Uttar Pradesh,Deoria,255677,321,1221,10,2013,0
India,Uttar Pradesh,Etah,250079,120,115,2,2013,0
India,Uttar Pradesh,Etawah,215276,531,454,13,2013,0
India,Uttar Pradesh,Faizabad,209951,186,856,18,2013,0
India,Uttar Pradesh,Farrukhabad,218442,353,417,3,2013,0
India,Uttar Pradesh,Fatehpur,417684,14,65,2,2013,0
India,Uttar Pradesh,Firozabad,284638,426,155,4,2013,0
India,Uttar Pradesh,Gautam Buddha Nagar,138611,8,7,0,2013,0
India,Uttar Pradesh,Ghaziabad,87238,15,36,0,2013,0
India,Uttar Pradesh,Ghazipur,338598,527,9953,117,2013,0
India,Uttar Pradesh,Gonda,400797,3583,5474,28,2013,5
India,Uttar Pradesh,Gorakhpur,306670,1170,2561,17,2013,2
India,Uttar Pradesh,Hamirpur,426283,251,26,1,2013,0
India,Uttar Pradesh,Hapur,110314,33,25,1,2013,0
India,Uttar Pradesh,Hardoi,601016,1430,532,44,2013,0
India,Uttar Pradesh,Hathras,162087,113,52,1,2013,0
India,Uttar Pradesh,Jalaun,456365,32,4,0,2013,0
India,Uttar Pradesh,Jaunpur,403582,104,1442,23,2013,0
India,Uttar Pradesh,Jhansi,506579,161,35,0,2013,0
India,Uttar Pradesh,Kannauj,207454,139,16,3,2013,0
India,Uttar Pradesh,Kanpur Dehat,316373,26,84,4,2013,0
India,Uttar Pradesh,Kanpur Nagar,292815,65,55,1,2013,0
India,Uttar Pradesh,Kasganj,197603,280,150,2,2013,0
India,Uttar Pradesh,Kaushambi,210356,11,338,8,2013,0
India,Uttar Pradesh,Kushinagar,288811,531,749,2,2013,0
India,Uttar Pradesh,Lakhimpur Kheri,770148,94748,78902,302,2013,2
India,Uttar Pradesh,Lalitpur,504678,2496,623,4,2013,0
India,Uttar Pradesh,Lucknow,253976,1160,1453,103,2013,0
India,Uttar Pradesh,Maharajganj,318731,31937,35386,72,2013,6
India,Uttar Pradesh,Mahoba,283604,111,116,1,2013,0
India,Uttar Pradesh,Mainpuri,275040,148,137,4,2013,0
India,Uttar Pradesh,Mathura,337399,304,568,2,2013,0
India,Uttar Pradesh,Mau,206654,176,2088,15,2013,0
India,Uttar Pradesh,Meerut,260507,729,710,4,2013,0
India,Uttar Pradesh,Mirzapur,451742,76,126,2,2013,0
India,Uttar Pradesh,Moradabad,210602,62,167,8,2013,0
India,Uttar Pradesh,Muzaffarnagar,273061,336,1206,27,2013,0
India,Uttar Pradesh,Pilibhit,359157,51081,50411,89,2013,2
India,Uttar Pradesh,Pratapgarh,371568,115,984,17,2013,0
India,Uttar Pradesh,Rae Bareli,327076,73,496,10,2013,0
India,Uttar Pradesh,Rampur,257084,3333,3481,26,2013,0
India,Uttar Pradesh,Saharanpur,372025,19899,17358,50,2013,1
India,Uttar Pradesh,Sambhal,213644,19,1,0,2013,0
India,Uttar Pradesh,Sant Kabir Nagar,132684,182,964,16,2013,0
India,Uttar Pradesh,Sant Ravi Das Nagar,100916,16,181,8,2013,0
India,Uttar Pradesh,Shahjahanpur,465191,5698,5281,29,2013,0
India,Uttar Pradesh,Shamli,131834,222,327,10,2013,0
India,Uttar Pradesh,Shravasti,315223,29554,26449,126,2013,22
India,Uttar Pradesh,Siddharth Nagar,347860,721,2477,9,2013,0
India,Uttar Pradesh,Sitapur,578044,1843,905,175,2013,0
India,Uttar Pradesh,Sonbhadra,678916,4879,1358,2,2013,0
India,Uttar Pradesh,Sultanpur,246165,90,1438,16,2013,0
India,Uttar Pradesh,Unnao,459854,243,709,46,2013,0
India,Uttar Pradesh,Varanasi,155118,54,47,2,2013,0
India,Uttarakhand,Almora,310201,112210,83294,188,2013,2
India,Uttarakhand,Bageshwar,228123,79668,58991,4,2013,1
India,Uttarakhand,Chamoli,792867,192909,152828,19,2013,10
India,Uttarakhand,Champawat,168452,118482,115597,521,2013,5
India,Uttarakhand,Dehradun,306702,156029,150809,52,2013,25
India,Uttarakhand,Garhwal,545564,291677,261345,120,2013,17
India,Uttarakhand,Hardwar,238572,25703,24158,211,2013,7
India,Uttarakhand,Nainital,406379,297778,287829,3809,2013,270
India,Uttarakhand,Pithoragarh,732913,124243,89944,33,2013,3
India,Uttarakhand,Rudraprayag,121405,46549,38960,6,2013,19
India,Uttarakhand,Tehri Garhwal,438890,216898,212079,72,2013,7
India,Uttarakhand,Udham Singh Nagar,286233,54957,57103,955,2013,89
India,Uttarakhand,Uttarkashi,804550,231737,198289,63,2013,13
India,West Bengal,Alipurduar,280176,118440,83490,660,2013,126
India,West Bengal,Bankura,696472,423,15,27,2013,0
India,West Bengal,Barddhaman,704144,190,172,4,2013,0
India,West Bengal,Birbhum,455570,7,96,1,2013,0
India,West Bengal,Dakshin Dinajpur,211766,122,160,1,2013,0
India,West Bengal,Darjiling,314436,152184,156762,399,2013,60
India,West Bengal,Haora,144036,1435,922,2,2013,0
India,West Bengal,Hugli,315210,1188,244,0,2013,0
India,West Bengal,Jalpaiguri,338376,67359,49856,480,2013,116
India,West Bengal,Koch Bihar,338718,14449,8297,172,2013,6
India,West Bengal,Kolkata,9162,35,3,0,2013,0
India,West Bengal,Maldah,361110,212,147,10,2013,0
India,West Bengal,Murshidabad,541121,357,173,3,2013,0
India,West Bengal,Nadia,392088,2000,790,1,2013,0
India,West Bengal,North 24 Parganas,581554,35148,26531,0,2013,0
India,West Bengal,Pashchim Medinipur,940038,1560,174,72,2013,1
India,West Bengal,Purba Medinipur,398147,850,253,1,2013,0
India,West Bengal,Puruliya,625675,3124,117,1,2013,0
India,West Bengal,South 24 Parganas,552715,4568,3307,0,2013,0
India,West Bengal,Uttar Dinajpur,336010,4269,375,208,2013,20
India,Andaman and Nicobar,Nicobar Islands,172679,147634,144925,1587,2014,105
India,Andaman and Nicobar,North and Middle Andaman,340652,310759,308793,2600,2014,670
India,Andaman and Nicobar,South Andaman,247753,226008,225722,1658,2014,582
India,Andhra Pradesh,Anantapur,1922649,517,111,14,2014,0
India,Andhra Pradesh,Chittoor,1516880,81831,56859,218,2014,6
India,Andhra Pradesh,East Godavari,1075476,310205,284237,537,2014,879
India,Andhra Pradesh,Guntur,1141089,23783,57053,211,2014,1
India,Andhra Pradesh,Krishna,861607,17233,32054,57,2014,4
India,Andhra Pradesh,Kurnool,1777836,59574,40932,15,2014,3
India,Andhra Pradesh,Nellore,1301782,20837,28123,480,2014,1
India,Andhra Pradesh,Prakasam,1779564,79027,62790,158,2014,5
India,Andhra Pradesh,Srikakulam,627635,32693,20281,49,2014,72
India,Andhra Pradesh,Visakhapatnam,1137192,300879,241668,501,2014,705
India,Andhra Pradesh,Vizianagaram,572603,49147,37843,36,2014,121
India,Andhra Pradesh,West Godavari,775702,60575,58435,159,2014,102
India,Andhra Pradesh,Y.S.R.,1514967,69611,78628,109,2014,6
India,Arunachal Pradesh,Anjaw,651942,398495,369756,869,2014,231
India,Arunachal Pradesh,Changlang,503616,438332,431075,2788,2014,1175
India,Arunachal Pradesh,Dibang Valley,751403,391182,373790,461,2014,45
India,Arunachal Pradesh,East Kameng,409167,390145,385591,1758,2014,980
India,Arunachal Pradesh,East Siang,361698,290410,288417,3988,2014,604
India,Arunachal Pradesh,Kurung Kumey,572190,445717,424968,1687,2014,352
India,Arunachal Pradesh,Lohit,344025,271516,266067,3990,2014,1297
India,Arunachal Pradesh,Longding,93352,78346,76441,3641,2014,1804
India,Arunachal Pradesh,Lower Dibang Valley,556430,415248,395777,2827,2014,368
India,Arunachal Pradesh,Lower Subansiri,378817,360577,353607,3121,2014,624
India,Arunachal Pradesh,Namsai,42486,17668,16789,468,2014,231
India,Arunachal Pradesh,Papum Pare,353251,332915,327083,1728,2014,844
India,Arunachal Pradesh,Tawang,215022,101851,91644,88,2014,30
India,Arunachal Pradesh,Tirap,109276,100278,97211,1525,2014,878
India,Arunachal Pradesh,Upper Siang,701634,542210,539323,2566,2014,462
India,Arunachal Pradesh,Upper Subansiri,641172,508012,470378,3444,2014,691
India,Arunachal Pradesh,West Kameng,734287,551070,545555,897,2014,611
India,Arunachal Pradesh,West Siang,779775,673340,659039,11997,2014,1805
India,Assam,Baksa,239364,50158,45466,75,2014,6
India,Assam,Barpeta,227857,10844,13386,12,2014,0
India,Assam,Bongaigaon,112362,15343,13976,40,2014,7
India,Assam,Cachar,378676,219197,215588,598,2014,590
India,Assam,Chirang,118891,44423,42350,24,2014,5
India,Assam,Darrang,159926,7656,4845,26,2014,15
India,Assam,Dhemaji,253740,39030,37503,185,2014,64
India,Assam,Dhubri,278096,35918,17751,73,2014,282
India,Assam,Dibrugarh,339191,84744,77617,1595,2014,343
India,Assam,Dima Hasao,490917,434941,406980,6766,2014,7582
India,Assam,Goalpara,190100,21348,19886,58,2014,42
India,Assam,Golaghat,352585,49848,45910,1026,2014,193
India,Assam,Hailakandi,133352,68651,62917,273,2014,174
India,Assam,Jorhat,283776,49292,45600,943,2014,345
India,Assam,Kamrup,330488,96479,91075,288,2014,412
India,Assam,Kamrup Metropolitan,79666,28785,22733,100,2014,58
India,Assam,Karbi Anglong,1042664,789948,763795,6958,2014,10359
India,Assam,Karimganj,183306,74681,67823,235,2014,153
India,Assam,Kokrajhar,328978,109051,92428,155,2014,418
India,Assam,Lakhimpur,295203,53192,50368,413,2014,190
India,Assam,Morigaon,155363,10518,9080,25,2014,3
India,Assam,Nagaon,399001,77488,72138,443,2014,134
India,Assam,Nalbari,107600,11154,12942,2,2014,0
India,Assam,Sivasagar,263352,66061,58876,1211,2014,357
India,Assam,Sonitpur,528686,98395,84143,2521,2014,162
India,Assam,Tinsukia,379304,170120,170440,5279,2014,639
India,Assam,Udalguri,196790,32871,19883,548,2014,21
India,Bihar,Araria,281932,561,922,4,2014,0
India,Bihar,Arwal,66615,392,1880,14,2014,0
India,Bihar,Aurangabad,328198,875,630,5,2014,0
India,Bihar,Banka,309145,51,10,0,2014,0
India,Bihar,Begusarai,193928,196,271,1,2014,0
India,Bihar,Bhagalpur,256033,66,498,6,2014,0
India,Bihar,Bhojpur,237388,5464,22320,279,2014,0
India,Bihar,Buxar,170992,2040,5315,96,2014,0
India,Bihar,Darbhanga,228940,969,2839,15,2014,0
India,Bihar,Gaya,496554,2110,2748,2,2014,0
India,Bihar,Gopalganj,204094,175,2320,12,2014,0
India,Bihar,Jamui,308302,8863,2972,0,2014,0
India,Bihar,Jehanabad,93892,169,297,3,2014,0
India,Bihar,Kaimur,335075,4156,7422,89,2014,0
India,Bihar,Katihar,306233,107,223,8,2014,0
India,Bihar,Khagaria,149147,67,103,1,2014,0
India,Bihar,Kishanganj,193427,624,158,27,2014,5
India,Bihar,Lakhisarai,133641,7420,2606,11,2014,0
India,Bihar,Madhepura,183827,64,219,3,2014,0
India,Bihar,Madhubani,344146,3316,7618,25,2014,0
India,Bihar,Munger,136969,13748,10808,56,2014,0
India,Bihar,Muzaffarpur,318646,437,5012,8,2014,0
India,Bihar,Nalanda,233710,439,1645,4,2014,0
India,Bihar,Nawada,248578,9253,10478,1,2014,0
India,Bihar,Pashchim Champaran,523188,80413,80361,123,2014,6
India,Bihar,Patna,320539,1515,8189,38,2014,0
India,Bihar,Purba Champaran,399105,710,4891,6,2014,0
India,Bihar,Purnia,324600,128,133,6,2014,0
India,Bihar,Rohtas,386837,6235,7191,116,2014,0
India,Bihar,Saharsa,168897,153,215,4,2014,0
India,Bihar,Samastipur,290579,137,388,1,2014,0
India,Bihar,Saran,264523,223,3009,6,2014,0
India,Bihar,Sheikhpura,60405,9,18,0,2014,0
India,Bihar,Sheohar,57459,302,1358,6,2014,0
India,Bihar,Sitamarhi,205458,584,3341,7,2014,0
India,Bihar,Siwan,222545,223,3506,14,2014,0
India,Bihar,Supaul,238732,1517,2457,18,2014,0
India,Bihar,Vaishali,200961,132,1190,3,2014,0
India,Chandigarh,Chandigarh,11812,702,935,10,2014,0
India,Chhattisgarh,Balod,275414,16919,25869,3,2014,4
India,Chhattisgarh,Baloda Bazar,468572,25143,46646,1,2014,1
India,Chhattisgarh,Balrampur,633124,115996,64274,6,2014,5
India,Chhattisgarh,Bastar,591945,130358,118812,8,2014,139
India,Chhattisgarh,Bemetara,286904,44,29,0,2014,0
India,Chhattisgarh,Bijapur,879329,540837,498772,158,2014,180
India,Chhattisgarh,Bilaspur,555476,52822,34569,2,2014,3
India,Chhattisgarh,Dantewada,298090,88405,78733,17,2014,125
India,Chhattisgarh,Dhamtari,406306,84698,87870,1,2014,3
India,Chhattisgarh,Durg,298982,30,22,0,2014,0
India,Chhattisgarh,Gariaband,422957,110487,99238,1,2014,47
India,Chhattisgarh,Janjgir-Champa,387475,812,532,0,2014,0
India,Chhattisgarh,Jashpur,582341,73535,52235,2,2014,9
India,Chhattisgarh,Kabeerdham,422230,68990,63598,13,2014,23
India,Chhattisgarh,Kondagaon,509911,101269,93982,6,2014,47
India,Chhattisgarh,Korba,660932,134282,84264,2,2014,6
India,Chhattisgarh,Koriya,663712,115888,79594,1,2014,1
India,Chhattisgarh,Mahasamund,475380,7215,13348,3,2014,0
India,Chhattisgarh,Mungeli,278450,74732,52071,3,2014,3
India,Chhattisgarh,Narayanpur,392992,271260,249478,446,2014,706
India,Chhattisgarh,Raigarh,708412,55534,39766,4,2014,4
India,Chhattisgarh,Raipur,353390,370,888,0,2014,0
India,Chhattisgarh,Rajnandgaon,806554,113121,117362,50,2014,196
India,Chhattisgarh,Sukma,525060,150881,108640,44,2014,61
India,Chhattisgarh,Surajpur,544120,70867,40372,1,2014,1
India,Chhattisgarh,Surguja,399359,51150,32745,1,2014,1
India,Chhattisgarh,Uttar Bastar Kanker,715735,207926,200686,55,2014,162
India,Dadra and Nagar Haveli,Dadra and Nagar Haveli,49152,457,259,0,2014,0
India,Daman and Diu,Daman,5831,17,3,0,2014,0
India,Daman and Diu,Diu,2523,0,0,0,2014,0
India,Goa,North Goa,170604,41915,26028,1,2014,5
India,Goa,South Goa,198964,104551,90798,89,2014,20
India,Gujarat,Ahmadabad,773436,60,8,0,2014,0
India,Gujarat,Amreli,735510,5,1,0,2014,0
India,Gujarat,Anand,287832,46,7,0,2014,0
India,Gujarat,Aravalli,325245,10,2,1,2014,0
India,Gujarat,Banas Kantha,1061522,121,10,0,2014,0
India,Gujarat,Bharuch,543453,105,9,0,2014,0
India,Gujarat,Bhavnagar,677448,95,19,0,2014,0
India,Gujarat,Botad,162060,0,0,0,2014,0
India,Gujarat,Chhota Udaipur,368590,52,26,0,2014,0
India,Gujarat,Dahod,385651,310,44,0,2014,0
India,Gujarat,Devbhumi Dwarka,456016,17,0,0,2014,0
India,Gujarat,Gandhinagar,172338,1,0,0,2014,0
India,Gujarat,Gir Somnath,170164,15,1,6,2014,0
India,Gujarat,Jamnagar,670502,34,0,0,2014,0
India,Gujarat,Junagadh,702843,487,174,1,2014,0
India,Gujarat,Kachchh,4220838,33,2,0,2014,0
India,Gujarat,Kheda,398303,30,1,0,2014,0
India,Gujarat,Mahesana,438831,2,0,0,2014,0
India,Gujarat,Mahisagar,233539,11,4,0,2014,0
India,Gujarat,Morbi,481031,12,1,0,2014,0
India,Gujarat,Narmada,256838,2533,447,0,2014,0
India,Gujarat,Navsari,218334,1297,1294,0,2014,5
India,Gujarat,Panch Mahals,267704,27,16,0,2014,0
India,Gujarat,Patan,601243,0,0,0,2014,0
India,Gujarat,Porbandar,231056,39,0,0,2014,0
India,Gujarat,Rajkot,760630,17,2,0,2014,0
India,Gujarat,Sabar Kantha,418769,132,29,0,2014,0
India,Gujarat,Surat,439791,623,281,0,2014,0
India,Gujarat,Surendranagar,920266,180,26,0,2014,0
India,Gujarat,Tapi,314442,1563,620,0,2014,0
India,Gujarat,The Dangs,171142,8716,2274,0,2014,1
India,Gujarat,Vadodara,405249,9,1,0,2014,0
India,Gujarat,Valsad,301394,1346,1722,0,2014,0
India,Haryana,Ambala,175294,1380,1576,18,2014,0
India,Haryana,Bhiwani,463529,56,11,0,2014,0
India,Haryana,Faridabad,125761,80,174,8,2014,0
India,Haryana,Fatehabad,239977,13,54,0,2014,0
India,Haryana,Gurgaon,128536,169,111,1,2014,0
India,Haryana,Hisar,416939,68,6,0,2014,0
India,Haryana,Jhajjar,211225,135,91,4,2014,0
India,Haryana,Jind,273318,248,78,1,2014,0
India,Haryana,Kaithal,230046,1056,928,1,2014,0
India,Haryana,Karnal,258463,21,7,0,2014,0
India,Haryana,Kurukshetra,183593,445,241,1,2014,0
India,Haryana,Mahendragarh,193665,8,2,0,2014,0
India,Haryana,Mewat,146554,104,138,1,2014,0
India,Haryana,Palwal,90451,89,31,0,2014,0
India,Haryana,Panchkula,73780,27504,25438,39,2014,1
India,Haryana,Panipat,122468,60,365,19,2014,0
India,Haryana,Rewari,125324,47,23,0,2014,0
India,Haryana,Rohtak,168545,79,54,1,2014,0
India,Haryana,Sirsa,423119,4,3,0,2014,0
India,Haryana,Sonipat,221338,63,200,6,2014,0
India,Haryana,Yamunanagar,130521,11018,10477,22,2014,0
India,Himachal Pradesh,Bilaspur,116606,34773,31610,25,2014,7
India,Himachal Pradesh,Chamba,646061,170243,123366,144,2014,2
India,Himachal Pradesh,Hamirpur,112145,49052,45948,54,2014,1
India,Himachal Pradesh,Kangra,570651,231326,216284,499,2014,21
India,Himachal Pradesh,Kinnaur,645578,27943,15186,13,2014,0
India,Himachal Pradesh,Kullu,550194,151529,111321,40,2014,2
India,Himachal Pradesh,Lahul & Spiti,1380877,2610,1146,13,2014,0
India,Himachal Pradesh,Mandi,394812,172547,157589,136,2014,1
India,Himachal Pradesh,Shimla,513204,216911,160881,34,2014,1
India,Himachal Pradesh,Sirmaur,280863,163102,155136,103,2014,5
India,Himachal Pradesh,Solan,195597,92486,78371,65,2014,2
India,Himachal Pradesh,Una,153760,54587,51087,52,2014,13
India,Jammu and Kashmir,Anantnag,270262,74418,54946,33,2014,0
India,Jammu and Kashmir,Badgam,117282,15438,13073,7,2014,1
India,Jammu and Kashmir,Bandipore,252774,47946,34308,14,2014,1
India,Jammu and Kashmir,Baramulla,239201,61349,54085,60,2014,1
India,Jammu and Kashmir,Doda,262526,109809,74548,68,2014,1
India,Jammu and Kashmir,Ganderbal,126196,25483,18496,13,2014,0
India,Jammu and Kashmir,Jammu,214895,22392,18948,26,2014,8
India,Jammu and Kashmir,Kargil,1477323,225,38,11,2014,0
India,Jammu and Kashmir,Kathua,261794,62001,56822,106,2014,1
India,Jammu and Kashmir,Kishtwar,767032,113304,73885,40,2014,2
India,Jammu and Kashmir,Kulgam,134333,25547,24919,33,2014,1
India,Jammu and Kashmir,Kupwara,274748,117992,99047,63,2014,1
India,Jammu and Kashmir,Leh (Ladakh),4908732,62,19,15,2014,0
India,Jammu and Kashmir,Poonch,167356,60015,53733,22,2014,1
India,Jammu and Kashmir,Pulwama,73389,12895,12422,16,2014,1
India,Jammu and Kashmir,Rajouri,254200,83983,69907,19,2014,1
India,Jammu and Kashmir,Ramban,90221,27560,22655,4,2014,0
India,Jammu and Kashmir,Reasi,208383,84644,76285,23,2014,9
India,Jammu and Kashmir,Samba,84362,6928,6182,5,2014,8
India,Jammu and Kashmir,Shupiyan,72418,18029,20804,18,2014,1
India,Jammu and Kashmir,Srinagar,62771,11936,9782,12,2014,0
India,Jammu and Kashmir,Udhampur,245808,91063,77516,68,2014,2
India,Jharkhand,Bokaro,286989,10615,6059,0,2014,0
India,Jharkhand,Chatra,375718,35924,33133,28,2014,3
India,Jharkhand,Deoghar,244100,59,4,0,2014,0
India,Jharkhand,Dhanbad,208382,674,186,0,2014,0
India,Jharkhand,Dumka,377426,3146,665,133,2014,9
India,Jharkhand,Garhwa,407829,29720,12630,28,2014,0
India,Jharkhand,Giridih,499661,8970,5408,1,2014,0
India,Jharkhand,Godda,224195,4067,1254,67,2014,22
India,Jharkhand,Gumla,536525,58922,27871,1,2014,2
India,Jharkhand,Hazaribagh,481712,41777,39730,5,2014,10
India,Jharkhand,Jamtara,180473,8,0,0,2014,0
India,Jharkhand,Khunti,277225,15381,1120,1,2014,1
India,Jharkhand,Kodarma,132242,18562,19552,1,2014,1
India,Jharkhand,Latehar,426444,102907,50236,19,2014,9
India,Jharkhand,Lohardaga,149986,25424,13408,3,2014,5
India,Jharkhand,Pakur,181513,1630,958,66,2014,7
India,Jharkhand,Palamu,445541,18227,12788,29,2014,2
India,Jharkhand,Pashchimi Singhbhum,723098,133283,79138,10,2014,53
India,Jharkhand,Purbi Singhbhum,357770,9110,2382,3,2014,0
India,Jharkhand,Ramgarh,134403,5646,3524,0,2014,0
India,Jharkhand,Ranchi,488387,9234,1856,0,2014,1
India,Jharkhand,Sahibganj,219886,3225,589,93,2014,15
India,Jharkhand,Saraikela-kharsawan,265341,8165,1240,1,2014,0
India,Jharkhand,Simdega,379142,11654,3014,0,2014,0
India,Karnataka,Bagalkot,655258,105,42,0,2014,0
India,Karnataka,Bangalore,217903,162,26,2,2014,0
India,Karnataka,Bangalore Rural,230303,137,33,1,2014,0
India,Karnataka,Belgaum,1333488,49040,38050,38,2014,8
India,Karnataka,Bellary,842531,1836,226,2,2014,0
India,Karnataka,Bidar,543342,52,16,0,2014,0
India,Karnataka,Bijapur,1048432,53,15,0,2014,0
India,Karnataka,Chamrajnagar,565361,116045,83039,42,2014,7
India,Karnataka,Chikballapura,422931,1462,988,3,2014,0
India,Karnataka,Chikmagalur,718838,323326,298783,1150,2014,263
India,Karnataka,Chitradurga,842881,416,8,0,2014,0
India,Karnataka,Dakshina Kannada,456123,281111,231209,638,2014,510
India,Karnataka,Davanagere,660862,6521,346,6,2014,0
India,Karnataka,Dharwad,426092,464,1153,19,2014,0
India,Karnataka,Gadag,463089,15,1,0,2014,0
India,Karnataka,Gulbarga,1096303,48,10,0,2014,0
India,Karnataka,Hassan,679084,84418,62102,312,2014,154
India,Karnataka,Haveri,479411,587,321,15,2014,7
India,Karnataka,Kodagu,409587,308610,267919,818,2014,221
India,Karnataka,Kolar,397159,344,231,1,2014,0
India,Karnataka,Koppal,555591,14,7,7,2014,0
India,Karnataka,Mandya,492564,774,182,11,2014,0
India,Karnataka,Mysore,629741,70536,49242,92,2014,6
India,Karnataka,Raichur,843615,61,51,21,2014,0
India,Karnataka,Ramanagara,350745,2928,356,3,2014,0
India,Karnataka,Shimoga,773369,212771,134060,1093,2014,333
India,Karnataka,Tumkur,1059196,1426,314,7,2014,0
India,Karnataka,Udupi,390213,180568,137247,402,2014,503
India,Karnataka,Uttara Kannada,1027612,632365,575803,389,2014,216
India,Karnataka,Yadgir,526289,10,2,4,2014,0
India,Kerala,Alappuzha,124519,51188,46506,57,2014,11
India,Kerala,Ernakulam,225002,142323,115571,955,2014,211
India,Kerala,Idukki,499006,422964,413423,3789,2014,667
India,Kerala,Kannur,277392,220056,195713,302,2014,341
India,Kerala,Kasaragod,195107,107422,81572,231,2014,102
India,Kerala,Kollam,240436,193294,179738,2383,2014,745
India,Kerala,Kottayam,210255,158914,131488,431,2014,166
India,Kerala,Kozhikode,227197,161134,131968,156,2014,69
India,Kerala,Malappuram,349994,174081,128652,191,2014,238
India,Kerala,Palakkad,447188,216046,180783,692,2014,276
India,Kerala,Pathanamthitta,263424,235819,214996,828,2014,317
India,Kerala,Thiruvananthapuram,204253,153498,127197,1845,2014,310
India,Kerala,Thrissur,294081,191936,170228,866,2014,246
India,Kerala,Wayanad,212196,169547,159045,655,2014,123
India,Lakshadweep,Lakshadweep,3482,0,0,0,2014,0
India,Madhya Pradesh,Agar Malwa,276772,11,3,0,2014,0
India,Madhya Pradesh,Alirajpur,333104,526,41,0,2014,0
India,Madhya Pradesh,Anuppur,202588,5151,2964,0,2014,0
India,Madhya Pradesh,Ashoknagar,472393,353,150,3,2014,0
India,Madhya Pradesh,Balaghat,924893,318150,284474,110,2014,296
India,Madhya Pradesh,Barwani,542445,191,26,0,2014,0
India,Madhya Pradesh,Betul,1006834,44619,12942,15,2014,2
India,Madhya Pradesh,Bhind,447252,37,29,5,2014,0
India,Madhya Pradesh,Bhopal,272180,411,388,1,2014,0
India,Madhya Pradesh,Burhanpur,319674,304,101,0,2014,0
India,Madhya Pradesh,Chhatarpur,871307,9432,10557,37,2014,0
India,Madhya Pradesh,Chhindwara,1180484,47596,33573,19,2014,7
India,Madhya Pradesh,Damoh,735338,4141,3718,2,2014,0
India,Madhya Pradesh,Datia,252254,13,5,0,2014,0
India,Madhya Pradesh,Dewas,695694,683,550,0,2014,0
India,Madhya Pradesh,Dhar,813433,45,48,0,2014,0
India,Madhya Pradesh,Dindori,648866,165015,140518,13,2014,5
India,Madhya Pradesh,East Nimar,744494,2848,672,0,2014,0
India,Madhya Pradesh,Guna,629701,209,67,0,2014,0
India,Madhya Pradesh,Gwalior,458064,63,10,0,2014,0
India,Madhya Pradesh,Harda,331452,2518,1267,0,2014,0
India,Madhya Pradesh,Hoshangabad,670862,79045,47640,16,2014,8
India,Madhya Pradesh,Indore,390867,572,403,0,2014,0
India,Madhya Pradesh,Jabalpur,401166,8857,5026,2,2014,0
India,Madhya Pradesh,Jhabua,342698,9,2,0,2014,0
India,Madhya Pradesh,Katni,616355,20446,11180,17,2014,3
India,Madhya Pradesh,Mandla,677220,93818,90165,22,2014,18
India,Madhya Pradesh,Mandsaur,563118,66,10,0,2014,0
India,Madhya Pradesh,Morena,498479,60,23,2,2014,0
India,Madhya Pradesh,Narsimhapur,514459,17516,13262,4,2014,0
India,Madhya Pradesh,Neemuch,415427,39,11,0,2014,0
India,Madhya Pradesh,Panna,711358,11942,7857,13,2014,0
India,Madhya Pradesh,Raisen,849516,17063,21246,30,2014,1
India,Madhya Pradesh,Rajgarh,612022,44,39,0,2014,0
India,Madhya Pradesh,Ratlam,481618,33,6,0,2014,0
India,Madhya Pradesh,Rewa,631423,2701,3804,1,2014,0
India,Madhya Pradesh,Sagar,1025228,8268,4206,4,2014,0
India,Madhya Pradesh,Satna,750261,10327,5053,28,2014,1
India,Madhya Pradesh,Sehore,656297,4726,5166,6,2014,2
India,Madhya Pradesh,Seoni,875671,60198,52693,10,2014,38
India,Madhya Pradesh,Shahdol,831826,36032,26519,4,2014,0
India,Madhya Pradesh,Shajapur,352411,38,6,0,2014,0
India,Madhya Pradesh,Sheopur,652461,400,40,0,2014,0
India,Madhya Pradesh,Shivpuri,1046628,407,84,1,2014,0
India,Madhya Pradesh,Sidhi,478016,43220,33835,10,2014,0
India,Madhya Pradesh,Singrauli,578643,24183,22954,3,2014,8
India,Madhya Pradesh,Tikamgarh,506638,22,12,1,2014,0
India,Madhya Pradesh,Ujjain,608217,73,8,0,2014,0
India,Madhya Pradesh,Umaria,372591,32574,20399,10,2014,43
India,Madhya Pradesh,Vidisha,730295,2580,2838,0,2014,0
India,Madhya Pradesh,West Nimar,804393,504,174,0,2014,0
India,Maharashtra,Ahmadnagar,1613065,2155,685,0,2014,0
India,Maharashtra,Akola,551391,121,42,0,2014,0
India,Maharashtra,Amravati,1218596,37188,22756,1,2014,0
India,Maharashtra,Aurangabad,1009310,139,70,0,2014,0
India,Maharashtra,Bhandara,470048,29630,22796,10,2014,82
India,Maharashtra,Bid,1141360,18,8,0,2014,0
India,Maharashtra,Buldana,960383,562,217,0,2014,0
India,Maharashtra,Chandrapur,1130866,38431,26245,6,2014,99
India,Maharashtra,Dhule,716652,292,76,0,2014,0
India,Maharashtra,Garhchiroli,1446063,565777,532217,86,2014,425
India,Maharashtra,Gondiya,463678,77177,66986,14,2014,12
India,Maharashtra,Hingoli,468553,51,13,0,2014,0
India,Maharashtra,Jalgaon,1174820,1357,485,0,2014,0
India,Maharashtra,Jalna,777897,9,3,0,2014,0
India,Maharashtra,Kolhapur,765441,64263,50160,19,2014,7
India,Maharashtra,Latur,723325,84,9,0,2014,0
India,Maharashtra,Mumbai City,6798,2,0,0,2014,0
India,Maharashtra,Mumbai Suburban,41216,913,1816,0,2014,0
India,Maharashtra,Nagpur,992630,17895,13709,2,2014,2
India,Maharashtra,Nanded,1058842,2209,2191,0,2014,0
India,Maharashtra,Nandurbar,593190,1224,128,0,2014,0
India,Maharashtra,Nashik,1550954,2520,769,1,2014,0
India,Maharashtra,Osmanabad,755003,31,8,0,2014,0
India,Maharashtra,Palghar,532756,12058,9783,1,2014,1
India,Maharashtra,Parbhani,632812,56,11,0,2014,0
India,Maharashtra,Pune,1560120,20505,7436,2,2014,1
India,Maharashtra,Raigarh,701070,28536,9898,3,2014,6
India,Maharashtra,Ratnagiri,846264,33833,24447,9,2014,4
India,Maharashtra,Sangli,853492,4437,5233,0,2014,0
India,Maharashtra,Satara,1046855,27561,26313,2,2014,1
India,Maharashtra,Sindhudurg,517121,96181,50568,62,2014,187
India,Maharashtra,Solapur,1486719,67,13,0,2014,0
India,Maharashtra,Thane,423883,6043,3295,1,2014,0
India,Maharashtra,Wardha,630912,578,35,0,2014,0
India,Maharashtra,Washim,519150,104,20,0,2014,0
India,Maharashtra,Yavatmal,1352653,1395,760,0,2014,0
India,Manipur,Bishnupur,48080,1740,2108,41,2014,9
India,Manipur,Chandel,318641,269516,271928,8411,2014,3289
India,Manipur,Churachandpur,471866,405634,397101,9196,2014,4862
India,Manipur,Imphal East,59830,18726,19984,132,2014,152
India,Manipur,Imphal West,48793,4009,4525,57,2014,51
India,Manipur,Senapati,348452,241261,254278,1584,2014,1370
India,Manipur,Tamenglong,419673,386378,366470,6339,2014,3362
India,Manipur,Thoubal,71407,6569,8341,90,2014,112
India,Manipur,Ukhrul,445329,369843,383303,7931,2014,3384
India,Meghalaya,East Garo Hills,218567,179466,163589,2813,2014,2325
India,Meghalaya,East Khasi Hills,286198,179569,180921,716,2014,785
India,Meghalaya,Jaintia Hills,382407,272720,268991,1754,2014,2917
India,Meghalaya,North Garo Hills,61123,40202,33277,175,2014,181
India,Meghalaya,Ri Bhoi,238512,190725,179250,1685,2014,1707
India,Meghalaya,South Garo Hills,184901,162994,155050,2463,2014,1604
India,Meghalaya,South West Garo Hills,51848,24712,19344,485,2014,198
India,Meghalaya,South West Khasi Hills,142031,101167,99795,938,2014,572
India,Meghalaya,West Garo Hills,304369,219605,181181,3872,2014,4860
India,Meghalaya,West Khasi Hills,381666,312728,311386,4233,2014,3951
India,Mizoram,Aizawl,345326,318685,295653,4861,2014,3191
India,Mizoram,Champhai,343485,298619,288526,12121,2014,5273
India,Mizoram,Kolasib,134891,125638,118388,885,2014,459
India,Mizoram,Lawangtlai,204674,176551,164321,660,2014,1630
India,Mizoram,Lunglei,455319,422560,390114,2812,2014,3412
India,Mizoram,Mamit,307947,293143,271709,1490,2014,1781
India,Mizoram,Saiha,197696,179646,171250,965,2014,732
India,Mizoram,Serchhip,135837,117116,110274,2492,2014,1281
India,NCT of Delhi,West,150220,263,122,2,2014,0
India,Nagaland,Dimapur,86683,48008,47284,567,2014,460
India,Nagaland,Kiphire,112226,76884,81496,2438,2014,1389
India,Nagaland,Kohima,131049,113206,112344,1181,2014,842
India,Nagaland,Longleng,58857,46310,45195,3993,2014,636
India,Nagaland,Mokokchung,160570,135765,136223,9544,2014,1154
India,Nagaland,Mon,216824,175757,171643,8986,2014,4002
India,Nagaland,Peren,168370,153322,150576,3445,2014,1583
India,Nagaland,Phek,191044,138636,151738,1311,2014,933
India,Nagaland,Tuensang,214332,163570,160823,6000,2014,4201
India,Nagaland,Wokha,162641,134385,131483,3190,2014,2016
India,Nagaland,Zunheboto,157366,124499,128062,3311,2014,2373
India,Odisha,Anugul,637420,147440,91636,6,2014,37
India,Odisha,Balangir,657722,21125,7843,4,2014,2
India,Odisha,Baleshwar,370526,8669,2339,6,2014,1
India,Odisha,Bargarh,580584,19856,11873,4,2014,1
India,Odisha,Bauda,312387,94961,69469,32,2014,3
India,Odisha,Bhadrak,245295,122,18,0,2014,0
India,Odisha,Cuttack,394435,20532,6500,0,2014,1
India,Odisha,Debagarh,281405,60859,46069,4,2014,3
India,Odisha,Dhenkanal,448128,34340,12465,2,2014,7
India,Odisha,Gajapati,406805,163314,117932,87,2014,552
India,Odisha,Ganjam,838046,161507,109710,36,2014,334
India,Odisha,Jagatsinghapur,167105,77,12,0,2014,0
India,Odisha,Jajapur,290367,4074,2310,0,2014,5
India,Odisha,Jharsuguda,212024,2842,3758,3,2014,0
India,Odisha,Kalahandi,791570,160738,107293,624,2014,1084
India,Odisha,Kandhamal,806513,442907,364535,2967,2014,2966
India,Odisha,Kendrapara,248250,58,13,0,2014,0
India,Odisha,Kendujhar,832369,111738,67637,33,2014,335
India,Odisha,Khordha,275639,15903,4978,0,2014,4
India,Odisha,Koraput,858243,105476,88021,115,2014,430
India,Odisha,Malkangiri,583117,122556,79929,54,2014,365
India,Odisha,Mayurbhanj,1045106,220030,163423,8,2014,14
India,Odisha,Nabarangapur,530817,29098,20600,10,2014,38
India,Odisha,Nayagarh,389939,120024,62714,2,2014,25
India,Odisha,Nuapada,387082,32953,24937,1,2014,14
India,Odisha,Puri,350223,376,36,0,2014,0
India,Odisha,Rayagada,738185,215343,153190,295,2014,1063
India,Odisha,Sambalpur,674416,168907,136091,9,2014,12
India,Odisha,Subarnapur,236169,5721,2533,0,2014,0
India,Odisha,Sundargarh,973917,188647,158696,17,2014,196
India,Puducherry,Karaikal,19216,35,308,2,2014,0
India,Puducherry,Mahe,12834,6855,4980,6,2014,4
India,Puducherry,Puducherry,19529,19,264,2,2014,0
India,Puducherry,Yanam,3154,2,5,0,2014,0
India,Punjab,Amritsar,261222,377,432,6,2014,0
India,Punjab,Barnala,148257,320,4,0,2014,0
India,Punjab,Bathinda,336278,139,7,0,2014,0
India,Punjab,Faridkot,144767,75,0,0,2014,0
India,Punjab,Fatehgarh Sahib,117323,202,191,1,2014,0
India,Punjab,Fazilka,271964,87,3,0,2014,0
India,Punjab,Firozpur,250041,642,145,1,2014,0
India,Punjab,Gurdaspur,257822,347,502,8,2014,0
India,Punjab,Hoshiarpur,336023,36187,35452,102,2014,4
India,Punjab,Jalandhar,260276,36,24,0,2014,0
India,Punjab,Kapurthala,165789,563,284,4,2014,1
India,Punjab,Ludhiana,356965,1649,860,6,2014,0
India,Punjab,Mansa,220700,33,18,0,2014,0
India,Punjab,Moga,230248,779,15,0,2014,0
India,Punjab,Muktsar,259888,35,2,0,2014,0
India,Punjab,Pathankot,99880,11476,11764,118,2014,20
India,Punjab,Patiala,333599,1592,2279,9,2014,0
India,Punjab,Rupnagar,138152,10695,8336,44,2014,3
India,Punjab,Sahibzada Ajit Singh Nagar,108846,7882,7151,18,2014,1
India,Punjab,Sangrur,360325,296,209,2,2014,0
India,Punjab,Shahid Bhagat Singh Nagar,129603,1155,1502,10,2014,0
India,Punjab,Tarn Taran,234611,133,163,3,2014,0
India,Rajasthan,Ajmer,864832,2,0,0,2014,0
India,Rajasthan,Alwar,829131,4301,1955,46,2014,0
India,Rajasthan,Banswara,448765,44,12,0,2014,0
India,Rajasthan,Baran,682336,75,3,0,2014,0
India,Rajasthan,Barmer,2831742,0,0,0,2014,0
India,Rajasthan,Bharatpur,505079,543,402,7,2014,0
India,Rajasthan,Bhilwara,1044866,8,1,0,2014,0
India,Rajasthan,Bikaner,2692523,0,0,0,2014,0
India,Rajasthan,Bundi,557361,18,0,0,2014,0
India,Rajasthan,Chittaurgarh,757295,38,1,2,2014,0
India,Rajasthan,Churu,1705000,0,0,0,2014,0
India,Rajasthan,Dausa,358982,21,32,7,2014,0
India,Rajasthan,Dhaulpur,302532,43,20,0,2014,0
India,Rajasthan,Dungarpur,377631,12,2,0,2014,0
India,Rajasthan,Ganganagar,1166503,18,0,0,2014,0
India,Rajasthan,Hanumangarh,890122,1,0,0,2014,0
India,Rajasthan,Jaipur,1124440,250,114,5,2014,0
India,Rajasthan,Jaisalmer,3857174,0,0,0,2014,0
India,Rajasthan,Jalor,1070386,0,0,0,2014,0
India,Rajasthan,Jhalawar,624795,16,3,0,2014,0
India,Rajasthan,Jhunjhunun,591310,12,1,0,2014,0
India,Rajasthan,Jodhpur,2280202,0,0,0,2014,0
India,Rajasthan,Karauli,518220,40,116,12,2014,0
India,Rajasthan,Kota,550289,41,2,0,2014,0
India,Rajasthan,Nagaur,1764675,0,0,0,2014,0
India,Rajasthan,Pali,1232336,32,15,0,2014,0
India,Rajasthan,Pratapgarh,429766,62,16,0,2014,0
India,Rajasthan,Rajsamand,459177,100,85,0,2014,0
India,Rajasthan,Sawai Madhopur,467033,63,1,0,2014,0
India,Rajasthan,Sikar,768138,15,1,0,2014,0
India,Rajasthan,Sirohi,513533,1992,324,0,2014,0
India,Rajasthan,Tonk,723904,3,0,0,2014,0
India,Rajasthan,Udaipur,1200020,4288,1011,0,2014,0
India,Sikkim,East Sikkim,94656,54725,57243,28,2014,3
India,Sikkim,North Sikkim,424153,101793,94756,14,2014,9
India,Sikkim,South Sikkim,73171,39736,43238,6,2014,6
India,Sikkim,West Sikkim,116327,54197,58525,22,2014,4
India,Tamil Nadu,Ariyalur,195050,179,123,6,2014,0
India,Tamil Nadu,Chennai,19496,24,49,0,2014,0
India,Tamil Nadu,Coimbatore,381876,106394,99049,630,2014,94
India,Tamil Nadu,Cuddalore,381529,567,3119,30,2014,0
India,Tamil Nadu,Dharmapuri,451289,60229,40216,20,2014,3
India,Tamil Nadu,Dindigul,605693,131707,117953,1393,2014,228
India,Tamil Nadu,Erode,597195,110441,75879,31,2014,3
India,Tamil Nadu,Kancheepuram,465580,884,432,2,2014,0
India,Tamil Nadu,Kanniyakumari,159095,94368,73746,729,2014,257
India,Tamil Nadu,Karur,288912,2034,1747,16,2014,0
India,Tamil Nadu,Krishnagiri,513456,22659,9827,20,2014,0
India,Tamil Nadu,Madurai,368763,20142,12710,87,2014,1
India,Tamil Nadu,Nagappattinam,240430,2545,5577,43,2014,2
India,Tamil Nadu,Namakkal,340077,26491,18764,75,2014,2
India,Tamil Nadu,Perambalur,175214,6038,4306,0,2014,0
India,Tamil Nadu,Pudukkottai,469005,429,2027,35,2014,0
India,Tamil Nadu,Ramanathapuram,426072,1106,1433,4,2014,5
India,Tamil Nadu,Salem,521044,69377,48800,162,2014,8
India,Tamil Nadu,Sivaganga,406634,719,2896,40,2014,0
India,Tamil Nadu,Thanjavur,339136,6027,5306,127,2014,0
India,Tamil Nadu,The Nilgiris,254621,161439,142481,976,2014,212
India,Tamil Nadu,Theni,284519,68470,59469,295,2014,41
India,Tamil Nadu,Thiruvallur,330691,878,6890,14,2014,0
India,Tamil Nadu,Thiruvarur,251518,5829,11729,55,2014,1
India,Tamil Nadu,Thoothukkudi,471255,7328,2740,17,2014,2
India,Tamil Nadu,Tiruchirappalli,450426,19990,12920,64,2014,2
India,Tamil Nadu,Tirunelveli,677048,122641,101337,292,2014,19
India,Tamil Nadu,Tiruppur,579045,35152,29946,129,2014,106
India,Tamil Nadu,Tiruvannamalai,618357,53147,39589,7,2014,3
India,Tamil Nadu,Vellore,606757,52516,36387,13,2014,1
India,Tamil Nadu,Viluppuram,729374,26944,21438,82,2014,30
India,Tamil Nadu,Virudunagar,428927,13827,9721,44,2014,1
India,Telangana,Adilabad,1604386,43451,45576,1,2014,2
India,Telangana,Hyderabad,17802,7,0,0,2014,0
India,Telangana,Karimnagar,1190025,33293,27498,4,2014,46
India,Telangana,Khammam,1610018,420082,323300,263,2014,1856
India,Telangana,Mahbubnagar,1837327,16103,10164,7,2014,0
India,Telangana,Medak,975732,310,48,0,2014,0
India,Telangana,Nalgonda,1409411,393,362,55,2014,0
India,Telangana,Nizamabad,790786,5468,3355,0,2014,30
India,Telangana,Ranga Reddy,754836,86,8,0,2014,0
India,Telangana,Warangal,1280889,144423,93032,23,2014,664
India,Tripura,Dhalai,243285,196775,179288,243,2014,2325
India,Tripura,Gomati,141064,92622,78803,92,2014,761
India,Tripura,Khowai,103448,64933,53587,77,2014,329
India,Tripura,North Tripura,131984,95513,85079,207,2014,997
India,Tripura,Sipahijala,102396,44035,31352,173,2014,168
India,Tripura,South Tripura,152454,84216,68592,115,2014,509
India,Tripura,Unokoti,77444,50734,41125,90,2014,225
India,Tripura,West Tripura,101551,40464,31891,180,2014,79
India,Uttar Pradesh,Agra,352635,1111,433,9,2014,0
India,Uttar Pradesh,Aligarh,386530,269,234,2,2014,0
India,Uttar Pradesh,Allahabad,514803,109,1798,87,2014,0
India,Uttar Pradesh,Ambedkar Nagar,232472,190,2167,34,2014,0
India,Uttar Pradesh,Amethi,330740,180,3026,42,2014,0
India,Uttar Pradesh,Amroha,251713,225,224,9,2014,0
India,Uttar Pradesh,Auraiya,217850,52,54,2,2014,0
India,Uttar Pradesh,Azamgarh,389662,399,3073,53,2014,0
India,Uttar Pradesh,Baghpat,133245,118,759,29,2014,0
India,Uttar Pradesh,Bahraich,368710,29878,23583,83,2014,0
India,Uttar Pradesh,Ballia,300802,152,3476,22,2014,0
India,Uttar Pradesh,Balrampur,336719,42532,40338,194,2014,4
India,Uttar Pradesh,Banda,451968,158,1145,3,2014,0
India,Uttar Pradesh,Barabanki,443233,439,1197,33,2014,0
India,Uttar Pradesh,Bareilly,378328,72,251,10,2014,0
India,Uttar Pradesh,Basti,251766,171,697,7,2014,0
India,Uttar Pradesh,Bijnor,431434,15649,15499,108,2014,69
India,Uttar Pradesh,Budaun,420899,86,113,4,2014,0
India,Uttar Pradesh,Bulandshahr,357886,101,37,3,2014,0
India,Uttar Pradesh,Chandauli,253552,1556,7401,189,2014,0
India,Uttar Pradesh,Chitrakoot,308393,5790,5255,26,2014,0
India,Uttar Pradesh,Deoria,255677,321,1221,10,2014,0
India,Uttar Pradesh,Etah,250079,120,115,2,2014,0
India,Uttar Pradesh,Etawah,215276,531,454,13,2014,0
India,Uttar Pradesh,Faizabad,209951,186,856,18,2014,0
India,Uttar Pradesh,Farrukhabad,218442,353,417,3,2014,0
India,Uttar Pradesh,Fatehpur,417684,14,65,2,2014,0
India,Uttar Pradesh,Firozabad,284638,426,155,4,2014,0
India,Uttar Pradesh,Gautam Buddha Nagar,138611,8,7,0,2014,0
India,Uttar Pradesh,Ghaziabad,87238,15,36,0,2014,0
India,Uttar Pradesh,Ghazipur,338598,527,9953,117,2014,0
India,Uttar Pradesh,Gonda,400797,3583,5474,28,2014,7
India,Uttar Pradesh,Gorakhpur,306670,1170,2561,17,2014,0
India,Uttar Pradesh,Hamirpur,426283,251,26,1,2014,0
India,Uttar Pradesh,Hapur,110314,33,25,1,2014,0
India,Uttar Pradesh,Hardoi,601016,1430,532,44,2014,0
India,Uttar Pradesh,Hathras,162087,113,52,1,2014,0
India,Uttar Pradesh,Jalaun,456365,32,4,0,2014,0
India,Uttar Pradesh,Jaunpur,403582,104,1442,23,2014,0
India,Uttar Pradesh,Jhansi,506579,161,35,0,2014,0
India,Uttar Pradesh,Kannauj,207454,139,16,3,2014,0
India,Uttar Pradesh,Kanpur Dehat,316373,26,84,4,2014,0
India,Uttar Pradesh,Kanpur Nagar,292815,65,55,1,2014,0
India,Uttar Pradesh,Kasganj,197603,280,150,2,2014,0
India,Uttar Pradesh,Kaushambi,210356,11,338,8,2014,0
India,Uttar Pradesh,Kushinagar,288811,531,749,2,2014,0
India,Uttar Pradesh,Lakhimpur Kheri,770148,94748,78902,302,2014,3
India,Uttar Pradesh,Lalitpur,504678,2496,623,4,2014,0
India,Uttar Pradesh,Lucknow,253976,1160,1453,103,2014,0
India,Uttar Pradesh,Maharajganj,318731,31937,35386,72,2014,1
India,Uttar Pradesh,Mahoba,283604,111,116,1,2014,0
India,Uttar Pradesh,Mainpuri,275040,148,137,4,2014,0
India,Uttar Pradesh,Mathura,337399,304,568,2,2014,0
India,Uttar Pradesh,Mau,206654,176,2088,15,2014,0
India,Uttar Pradesh,Meerut,260507,729,710,4,2014,0
India,Uttar Pradesh,Mirzapur,451742,76,126,2,2014,0
India,Uttar Pradesh,Moradabad,210602,62,167,8,2014,0
India,Uttar Pradesh,Muzaffarnagar,273061,336,1206,27,2014,0
India,Uttar Pradesh,Pilibhit,359157,51081,50411,89,2014,13
India,Uttar Pradesh,Pratapgarh,371568,115,984,17,2014,0
India,Uttar Pradesh,Rae Bareli,327076,73,496,10,2014,0
India,Uttar Pradesh,Rampur,257084,3333,3481,26,2014,0
India,Uttar Pradesh,Saharanpur,372025,19899,17358,50,2014,0
India,Uttar Pradesh,Sambhal,213644,19,1,0,2014,0
India,Uttar Pradesh,Sant Kabir Nagar,132684,182,964,16,2014,0
India,Uttar Pradesh,Sant Ravi Das Nagar,100916,16,181,8,2014,0
India,Uttar Pradesh,Shahjahanpur,465191,5698,5281,29,2014,0
India,Uttar Pradesh,Shamli,131834,222,327,10,2014,0
India,Uttar Pradesh,Shravasti,315223,29554,26449,126,2014,3
India,Uttar Pradesh,Siddharth Nagar,347860,721,2477,9,2014,0
India,Uttar Pradesh,Sitapur,578044,1843,905,175,2014,0
India,Uttar Pradesh,Sonbhadra,678916,4879,1358,2,2014,0
India,Uttar Pradesh,Sultanpur,246165,90,1438,16,2014,0
India,Uttar Pradesh,Unnao,459854,243,709,46,2014,0
India,Uttar Pradesh,Varanasi,155118,54,47,2,2014,0
India,Uttarakhand,Almora,310201,112210,83294,188,2014,2
India,Uttarakhand,Bageshwar,228123,79668,58991,4,2014,2
India,Uttarakhand,Chamoli,792867,192909,152828,19,2014,15
India,Uttarakhand,Champawat,168452,118482,115597,521,2014,6
India,Uttarakhand,Dehradun,306702,156029,150809,52,2014,11
India,Uttarakhand,Garhwal,545564,291677,261345,120,2014,14
India,Uttarakhand,Hardwar,238572,25703,24158,211,2014,7
India,Uttarakhand,Nainital,406379,297778,287829,3809,2014,223
India,Uttarakhand,Pithoragarh,732913,124243,89944,33,2014,3
India,Uttarakhand,Rudraprayag,121405,46549,38960,6,2014,33
India,Uttarakhand,Tehri Garhwal,438890,216898,212079,72,2014,9
India,Uttarakhand,Udham Singh Nagar,286233,54957,57103,955,2014,271
India,Uttarakhand,Uttarkashi,804550,231737,198289,63,2014,10
India,West Bengal,Alipurduar,280176,118440,83490,660,2014,269
India,West Bengal,Bankura,696472,423,15,27,2014,0
India,West Bengal,Barddhaman,704144,190,172,4,2014,0
India,West Bengal,Birbhum,455570,7,96,1,2014,0
India,West Bengal,Dakshin Dinajpur,211766,122,160,1,2014,0
India,West Bengal,Darjiling,314436,152184,156762,399,2014,88
India,West Bengal,Haora,144036,1435,922,2,2014,0
India,West Bengal,Hugli,315210,1188,244,0,2014,0
India,West Bengal,Jalpaiguri,338376,67359,49856,480,2014,222
India,West Bengal,Koch Bihar,338718,14449,8297,172,2014,27
India,West Bengal,Kolkata,9162,35,3,0,2014,0
India,West Bengal,Maldah,361110,212,147,10,2014,0
India,West Bengal,Murshidabad,541121,357,173,3,2014,0
India,West Bengal,Nadia,392088,2000,790,1,2014,0
India,West Bengal,North 24 Parganas,581554,35148,26531,0,2014,0
India,West Bengal,Pashchim Medinipur,940038,1560,174,72,2014,2
India,West Bengal,Purba Medinipur,398147,850,253,1,2014,0
India,West Bengal,Puruliya,625675,3124,117,1,2014,0
India,West Bengal,South 24 Parganas,552715,4568,3307,0,2014,0
India,West Bengal,Uttar Dinajpur,336010,4269,375,208,2014,44
India,Andaman and Nicobar,Nicobar Islands,172679,147634,144925,1587,2015,0
India,Andaman and Nicobar,North and Middle Andaman,340652,310759,308793,2600,2015,37
India,Andaman and Nicobar,South Andaman,247753,226008,225722,1658,2015,36
India,Andhra Pradesh,Anantapur,1922649,517,111,14,2015,0
India,Andhra Pradesh,Chittoor,1516880,81831,56859,218,2015,1
India,Andhra Pradesh,East Godavari,1075476,310205,284237,537,2015,710
India,Andhra Pradesh,Guntur,1141089,23783,57053,211,2015,0
India,Andhra Pradesh,Krishna,861607,17233,32054,57,2015,1
India,Andhra Pradesh,Kurnool,1777836,59574,40932,15,2015,0
India,Andhra Pradesh,Nellore,1301782,20837,28123,480,2015,0
India,Andhra Pradesh,Prakasam,1779564,79027,62790,158,2015,0
India,Andhra Pradesh,Srikakulam,627635,32693,20281,49,2015,31
India,Andhra Pradesh,Visakhapatnam,1137192,300879,241668,501,2015,250
India,Andhra Pradesh,Vizianagaram,572603,49147,37843,36,2015,51
India,Andhra Pradesh,West Godavari,775702,60575,58435,159,2015,102
India,Andhra Pradesh,Y.S.R.,1514967,69611,78628,109,2015,0
India,Arunachal Pradesh,Anjaw,651942,398495,369756,869,2015,107
India,Arunachal Pradesh,Changlang,503616,438332,431075,2788,2015,968
India,Arunachal Pradesh,Dibang Valley,751403,391182,373790,461,2015,26
India,Arunachal Pradesh,East Kameng,409167,390145,385591,1758,2015,1030
India,Arunachal Pradesh,East Siang,361698,290410,288417,3988,2015,669
India,Arunachal Pradesh,Kurung Kumey,572190,445717,424968,1687,2015,326
India,Arunachal Pradesh,Lohit,344025,271516,266067,3990,2015,1208
India,Arunachal Pradesh,Longding,93352,78346,76441,3641,2015,1788
India,Arunachal Pradesh,Lower Dibang Valley,556430,415248,395777,2827,2015,543
India,Arunachal Pradesh,Lower Subansiri,378817,360577,353607,3121,2015,678
India,Arunachal Pradesh,Namsai,42486,17668,16789,468,2015,160
India,Arunachal Pradesh,Papum Pare,353251,332915,327083,1728,2015,790
India,Arunachal Pradesh,Tawang,215022,101851,91644,88,2015,12
India,Arunachal Pradesh,Tirap,109276,100278,97211,1525,2015,727
India,Arunachal Pradesh,Upper Siang,701634,542210,539323,2566,2015,394
India,Arunachal Pradesh,Upper Subansiri,641172,508012,470378,3444,2015,745
India,Arunachal Pradesh,West Kameng,734287,551070,545555,897,2015,374
India,Arunachal Pradesh,West Siang,779775,673340,659039,11997,2015,1800
India,Assam,Baksa,239364,50158,45466,75,2015,6
India,Assam,Barpeta,227857,10844,13386,12,2015,2
India,Assam,Bongaigaon,112362,15343,13976,40,2015,2
India,Assam,Cachar,378676,219197,215588,598,2015,484
India,Assam,Chirang,118891,44423,42350,24,2015,2
India,Assam,Darrang,159926,7656,4845,26,2015,0
India,Assam,Dhemaji,253740,39030,37503,185,2015,65
India,Assam,Dhubri,278096,35918,17751,73,2015,46
India,Assam,Dibrugarh,339191,84744,77617,1595,2015,246
India,Assam,Dima Hasao,490917,434941,406980,6766,2015,4812
India,Assam,Goalpara,190100,21348,19886,58,2015,13
India,Assam,Golaghat,352585,49848,45910,1026,2015,41
India,Assam,Hailakandi,133352,68651,62917,273,2015,153
India,Assam,Jorhat,283776,49292,45600,943,2015,213
India,Assam,Kamrup,330488,96479,91075,288,2015,240
India,Assam,Kamrup Metropolitan,79666,28785,22733,100,2015,36
India,Assam,Karbi Anglong,1042664,789948,763795,6958,2015,5858
India,Assam,Karimganj,183306,74681,67823,235,2015,90
India,Assam,Kokrajhar,328978,109051,92428,155,2015,55
India,Assam,Lakhimpur,295203,53192,50368,413,2015,160
India,Assam,Morigaon,155363,10518,9080,25,2015,1
India,Assam,Nagaon,399001,77488,72138,443,2015,65
India,Assam,Nalbari,107600,11154,12942,2,2015,0
India,Assam,Sivasagar,263352,66061,58876,1211,2015,180
India,Assam,Sonitpur,528686,98395,84143,2521,2015,160
India,Assam,Tinsukia,379304,170120,170440,5279,2015,496
India,Assam,Udalguri,196790,32871,19883,548,2015,23
India,Bihar,Araria,281932,561,922,4,2015,0
India,Bihar,Arwal,66615,392,1880,14,2015,0
India,Bihar,Aurangabad,328198,875,630,5,2015,0
India,Bihar,Banka,309145,51,10,0,2015,0
India,Bihar,Begusarai,193928,196,271,1,2015,0
India,Bihar,Bhagalpur,256033,66,498,6,2015,0
India,Bihar,Bhojpur,237388,5464,22320,279,2015,0
India,Bihar,Buxar,170992,2040,5315,96,2015,0
India,Bihar,Darbhanga,228940,969,2839,15,2015,0
India,Bihar,Gaya,496554,2110,2748,2,2015,0
India,Bihar,Gopalganj,204094,175,2320,12,2015,0
India,Bihar,Jamui,308302,8863,2972,0,2015,0
India,Bihar,Jehanabad,93892,169,297,3,2015,0
India,Bihar,Kaimur,335075,4156,7422,89,2015,0
India,Bihar,Katihar,306233,107,223,8,2015,0
India,Bihar,Khagaria,149147,67,103,1,2015,0
India,Bihar,Kishanganj,193427,624,158,27,2015,0
India,Bihar,Lakhisarai,133641,7420,2606,11,2015,0
India,Bihar,Madhepura,183827,64,219,3,2015,0
India,Bihar,Madhubani,344146,3316,7618,25,2015,0
India,Bihar,Munger,136969,13748,10808,56,2015,0
India,Bihar,Muzaffarpur,318646,437,5012,8,2015,0
India,Bihar,Nalanda,233710,439,1645,4,2015,0
India,Bihar,Nawada,248578,9253,10478,1,2015,1
India,Bihar,Pashchim Champaran,523188,80413,80361,123,2015,0
India,Bihar,Patna,320539,1515,8189,38,2015,0
India,Bihar,Purba Champaran,399105,710,4891,6,2015,0
India,Bihar,Purnia,324600,128,133,6,2015,0
India,Bihar,Rohtas,386837,6235,7191,116,2015,0
India,Bihar,Saharsa,168897,153,215,4,2015,0
India,Bihar,Samastipur,290579,137,388,1,2015,0
India,Bihar,Saran,264523,223,3009,6,2015,0
India,Bihar,Sheikhpura,60405,9,18,0,2015,0
India,Bihar,Sheohar,57459,302,1358,6,2015,0
India,Bihar,Sitamarhi,205458,584,3341,7,2015,0
India,Bihar,Siwan,222545,223,3506,14,2015,0
India,Bihar,Supaul,238732,1517,2457,18,2015,0
India,Bihar,Vaishali,200961,132,1190,3,2015,0
India,Chandigarh,Chandigarh,11812,702,935,10,2015,0
India,Chhattisgarh,Balod,275414,16919,25869,3,2015,4
India,Chhattisgarh,Baloda Bazar,468572,25143,46646,1,2015,9
India,Chhattisgarh,Balrampur,633124,115996,64274,6,2015,0
India,Chhattisgarh,Bastar,591945,130358,118812,8,2015,79
India,Chhattisgarh,Bemetara,286904,44,29,0,2015,0
India,Chhattisgarh,Bijapur,879329,540837,498772,158,2015,153
India,Chhattisgarh,Bilaspur,555476,52822,34569,2,2015,4
India,Chhattisgarh,Dantewada,298090,88405,78733,17,2015,96
India,Chhattisgarh,Dhamtari,406306,84698,87870,1,2015,2
India,Chhattisgarh,Durg,298982,30,22,0,2015,0
India,Chhattisgarh,Gariaband,422957,110487,99238,1,2015,10
India,Chhattisgarh,Janjgir-Champa,387475,812,532,0,2015,0
India,Chhattisgarh,Jashpur,582341,73535,52235,2,2015,3
India,Chhattisgarh,Kabeerdham,422230,68990,63598,13,2015,9
India,Chhattisgarh,Kondagaon,509911,101269,93982,6,2015,32
India,Chhattisgarh,Korba,660932,134282,84264,2,2015,18
India,Chhattisgarh,Koriya,663712,115888,79594,1,2015,2
India,Chhattisgarh,Mahasamund,475380,7215,13348,3,2015,0
India,Chhattisgarh,Mungeli,278450,74732,52071,3,2015,0
India,Chhattisgarh,Narayanpur,392992,271260,249478,446,2015,896
India,Chhattisgarh,Raigarh,708412,55534,39766,4,2015,0
India,Chhattisgarh,Raipur,353390,370,888,0,2015,0
India,Chhattisgarh,Rajnandgaon,806554,113121,117362,50,2015,52
India,Chhattisgarh,Sukma,525060,150881,108640,44,2015,31
India,Chhattisgarh,Surajpur,544120,70867,40372,1,2015,0
India,Chhattisgarh,Surguja,399359,51150,32745,1,2015,1
India,Chhattisgarh,Uttar Bastar Kanker,715735,207926,200686,55,2015,74
India,Dadra and Nagar Haveli,Dadra and Nagar Haveli,49152,457,259,0,2015,0
India,Daman and Diu,Daman,5831,17,3,0,2015,0
India,Daman and Diu,Diu,2523,0,0,0,2015,0
India,Goa,North Goa,170604,41915,26028,1,2015,1
India,Goa,South Goa,198964,104551,90798,89,2015,11
India,Gujarat,Ahmadabad,773436,60,8,0,2015,0
India,Gujarat,Amreli,735510,5,1,0,2015,0
India,Gujarat,Anand,287832,46,7,0,2015,0
India,Gujarat,Aravalli,325245,10,2,1,2015,0
India,Gujarat,Banas Kantha,1061522,121,10,0,2015,0
India,Gujarat,Bharuch,543453,105,9,0,2015,0
India,Gujarat,Bhavnagar,677448,95,19,0,2015,0
India,Gujarat,Botad,162060,0,0,0,2015,0
India,Gujarat,Chhota Udaipur,368590,52,26,0,2015,0
India,Gujarat,Dahod,385651,310,44,0,2015,0
India,Gujarat,Devbhumi Dwarka,456016,17,0,0,2015,0
India,Gujarat,Gandhinagar,172338,1,0,0,2015,0
India,Gujarat,Gir Somnath,170164,15,1,6,2015,0
India,Gujarat,Jamnagar,670502,34,0,0,2015,0
India,Gujarat,Junagadh,702843,487,174,1,2015,0
India,Gujarat,Kachchh,4220838,33,2,0,2015,0
India,Gujarat,Kheda,398303,30,1,0,2015,0
India,Gujarat,Mahesana,438831,2,0,0,2015,0
India,Gujarat,Mahisagar,233539,11,4,0,2015,0
India,Gujarat,Morbi,481031,12,1,0,2015,0
India,Gujarat,Narmada,256838,2533,447,0,2015,0
India,Gujarat,Navsari,218334,1297,1294,0,2015,0
India,Gujarat,Panch Mahals,267704,27,16,0,2015,0
India,Gujarat,Patan,601243,0,0,0,2015,0
India,Gujarat,Porbandar,231056,39,0,0,2015,0
India,Gujarat,Rajkot,760630,17,2,0,2015,0
India,Gujarat,Sabar Kantha,418769,132,29,0,2015,0
India,Gujarat,Surat,439791,623,281,0,2015,0
India,Gujarat,Surendranagar,920266,180,26,0,2015,0
India,Gujarat,Tapi,314442,1563,620,0,2015,0
India,Gujarat,The Dangs,171142,8716,2274,0,2015,0
India,Gujarat,Vadodara,405249,9,1,0,2015,0
India,Gujarat,Valsad,301394,1346,1722,0,2015,0
India,Haryana,Ambala,175294,1380,1576,18,2015,0
India,Haryana,Bhiwani,463529,56,11,0,2015,0
India,Haryana,Faridabad,125761,80,174,8,2015,0
India,Haryana,Fatehabad,239977,13,54,0,2015,0
India,Haryana,Gurgaon,128536,169,111,1,2015,0
India,Haryana,Hisar,416939,68,6,0,2015,0
India,Haryana,Jhajjar,211225,135,91,4,2015,0
India,Haryana,Jind,273318,248,78,1,2015,0
India,Haryana,Kaithal,230046,1056,928,1,2015,0
India,Haryana,Karnal,258463,21,7,0,2015,0
India,Haryana,Kurukshetra,183593,445,241,1,2015,0
India,Haryana,Mahendragarh,193665,8,2,0,2015,0
India,Haryana,Mewat,146554,104,138,1,2015,0
India,Haryana,Palwal,90451,89,31,0,2015,0
India,Haryana,Panchkula,73780,27504,25438,39,2015,0
India,Haryana,Panipat,122468,60,365,19,2015,0
India,Haryana,Rewari,125324,47,23,0,2015,0
India,Haryana,Rohtak,168545,79,54,1,2015,0
India,Haryana,Sirsa,423119,4,3,0,2015,0
India,Haryana,Sonipat,221338,63,200,6,2015,0
India,Haryana,Yamunanagar,130521,11018,10477,22,2015,0
India,Himachal Pradesh,Bilaspur,116606,34773,31610,25,2015,0
India,Himachal Pradesh,Chamba,646061,170243,123366,144,2015,0
India,Himachal Pradesh,Hamirpur,112145,49052,45948,54,2015,0
India,Himachal Pradesh,Kangra,570651,231326,216284,499,2015,3
India,Himachal Pradesh,Kinnaur,645578,27943,15186,13,2015,0
India,Himachal Pradesh,Kullu,550194,151529,111321,40,2015,0
India,Himachal Pradesh,Lahul & Spiti,1380877,2610,1146,13,2015,0
India,Himachal Pradesh,Mandi,394812,172547,157589,136,2015,0
India,Himachal Pradesh,Shimla,513204,216911,160881,34,2015,0
India,Himachal Pradesh,Sirmaur,280863,163102,155136,103,2015,0
India,Himachal Pradesh,Solan,195597,92486,78371,65,2015,0
India,Himachal Pradesh,Una,153760,54587,51087,52,2015,9
India,Jammu and Kashmir,Anantnag,270262,74418,54946,33,2015,0
India,Jammu and Kashmir,Badgam,117282,15438,13073,7,2015,0
India,Jammu and Kashmir,Bandipore,252774,47946,34308,14,2015,0
India,Jammu and Kashmir,Baramulla,239201,61349,54085,60,2015,0
India,Jammu and Kashmir,Doda,262526,109809,74548,68,2015,0
India,Jammu and Kashmir,Ganderbal,126196,25483,18496,13,2015,0
India,Jammu and Kashmir,Jammu,214895,22392,18948,26,2015,0
India,Jammu and Kashmir,Kargil,1477323,225,38,11,2015,0
India,Jammu and Kashmir,Kathua,261794,62001,56822,106,2015,0
India,Jammu and Kashmir,Kishtwar,767032,113304,73885,40,2015,0
India,Jammu and Kashmir,Kulgam,134333,25547,24919,33,2015,0
India,Jammu and Kashmir,Kupwara,274748,117992,99047,63,2015,0
India,Jammu and Kashmir,Leh (Ladakh),4908732,62,19,15,2015,0
India,Jammu and Kashmir,Poonch,167356,60015,53733,22,2015,0
India,Jammu and Kashmir,Pulwama,73389,12895,12422,16,2015,0
India,Jammu and Kashmir,Rajouri,254200,83983,69907,19,2015,0
India,Jammu and Kashmir,Ramban,90221,27560,22655,4,2015,0
India,Jammu and Kashmir,Reasi,208383,84644,76285,23,2015,0
India,Jammu and Kashmir,Samba,84362,6928,6182,5,2015,1
India,Jammu and Kashmir,Shupiyan,72418,18029,20804,18,2015,0
India,Jammu and Kashmir,Srinagar,62771,11936,9782,12,2015,0
India,Jammu and Kashmir,Udhampur,245808,91063,77516,68,2015,0
India,Jharkhand,Bokaro,286989,10615,6059,0,2015,0
India,Jharkhand,Chatra,375718,35924,33133,28,2015,1
India,Jharkhand,Deoghar,244100,59,4,0,2015,0
India,Jharkhand,Dhanbad,208382,674,186,0,2015,0
India,Jharkhand,Dumka,377426,3146,665,133,2015,1
India,Jharkhand,Garhwa,407829,29720,12630,28,2015,0
India,Jharkhand,Giridih,499661,8970,5408,1,2015,1
India,Jharkhand,Godda,224195,4067,1254,67,2015,3
India,Jharkhand,Gumla,536525,58922,27871,1,2015,5
India,Jharkhand,Hazaribagh,481712,41777,39730,5,2015,1
India,Jharkhand,Jamtara,180473,8,0,0,2015,0
India,Jharkhand,Khunti,277225,15381,1120,1,2015,1
India,Jharkhand,Kodarma,132242,18562,19552,1,2015,0
India,Jharkhand,Latehar,426444,102907,50236,19,2015,2
India,Jharkhand,Lohardaga,149986,25424,13408,3,2015,3
India,Jharkhand,Pakur,181513,1630,958,66,2015,0
India,Jharkhand,Palamu,445541,18227,12788,29,2015,0
India,Jharkhand,Pashchimi Singhbhum,723098,133283,79138,10,2015,68
India,Jharkhand,Purbi Singhbhum,357770,9110,2382,3,2015,0
India,Jharkhand,Ramgarh,134403,5646,3524,0,2015,0
India,Jharkhand,Ranchi,488387,9234,1856,0,2015,1
India,Jharkhand,Sahibganj,219886,3225,589,93,2015,2
India,Jharkhand,Saraikela-kharsawan,265341,8165,1240,1,2015,0
India,Jharkhand,Simdega,379142,11654,3014,0,2015,0
India,Karnataka,Bagalkot,655258,105,42,0,2015,0
India,Karnataka,Bangalore,217903,162,26,2,2015,0
India,Karnataka,Bangalore Rural,230303,137,33,1,2015,0
India,Karnataka,Belgaum,1333488,49040,38050,38,2015,25
India,Karnataka,Bellary,842531,1836,226,2,2015,0
India,Karnataka,Bidar,543342,52,16,0,2015,0
India,Karnataka,Bijapur,1048432,53,15,0,2015,0
India,Karnataka,Chamrajnagar,565361,116045,83039,42,2015,1
India,Karnataka,Chikballapura,422931,1462,988,3,2015,0
India,Karnataka,Chikmagalur,718838,323326,298783,1150,2015,176
India,Karnataka,Chitradurga,842881,416,8,0,2015,0
India,Karnataka,Dakshina Kannada,456123,281111,231209,638,2015,338
India,Karnataka,Davanagere,660862,6521,346,6,2015,0
India,Karnataka,Dharwad,426092,464,1153,19,2015,0
India,Karnataka,Gadag,463089,15,1,0,2015,0
India,Karnataka,Gulbarga,1096303,48,10,0,2015,0
India,Karnataka,Hassan,679084,84418,62102,312,2015,123
India,Karnataka,Haveri,479411,587,321,15,2015,0
India,Karnataka,Kodagu,409587,308610,267919,818,2015,72
India,Karnataka,Kolar,397159,344,231,1,2015,0
India,Karnataka,Koppal,555591,14,7,7,2015,0
India,Karnataka,Mandya,492564,774,182,11,2015,0
India,Karnataka,Mysore,629741,70536,49242,92,2015,1
India,Karnataka,Raichur,843615,61,51,21,2015,0
India,Karnataka,Ramanagara,350745,2928,356,3,2015,0
India,Karnataka,Shimoga,773369,212771,134060,1093,2015,100
India,Karnataka,Tumkur,1059196,1426,314,7,2015,0
India,Karnataka,Udupi,390213,180568,137247,402,2015,527
India,Karnataka,Uttara Kannada,1027612,632365,575803,389,2015,117
India,Karnataka,Yadgir,526289,10,2,4,2015,0
India,Kerala,Alappuzha,124519,51188,46506,57,2015,4
India,Kerala,Ernakulam,225002,142323,115571,955,2015,156
India,Kerala,Idukki,499006,422964,413423,3789,2015,551
India,Kerala,Kannur,277392,220056,195713,302,2015,108
India,Kerala,Kasaragod,195107,107422,81572,231,2015,44
India,Kerala,Kollam,240436,193294,179738,2383,2015,663
India,Kerala,Kottayam,210255,158914,131488,431,2015,140
India,Kerala,Kozhikode,227197,161134,131968,156,2015,15
India,Kerala,Malappuram,349994,174081,128652,191,2015,80
India,Kerala,Palakkad,447188,216046,180783,692,2015,196
India,Kerala,Pathanamthitta,263424,235819,214996,828,2015,160
India,Kerala,Thiruvananthapuram,204253,153498,127197,1845,2015,383
India,Kerala,Thrissur,294081,191936,170228,866,2015,166
India,Kerala,Wayanad,212196,169547,159045,655,2015,44
India,Lakshadweep,Lakshadweep,3482,0,0,0,2015,0
India,Madhya Pradesh,Agar Malwa,276772,11,3,0,2015,0
India,Madhya Pradesh,Alirajpur,333104,526,41,0,2015,0
India,Madhya Pradesh,Anuppur,202588,5151,2964,0,2015,0
India,Madhya Pradesh,Ashoknagar,472393,353,150,3,2015,0
India,Madhya Pradesh,Balaghat,924893,318150,284474,110,2015,179
India,Madhya Pradesh,Barwani,542445,191,26,0,2015,0
India,Madhya Pradesh,Betul,1006834,44619,12942,15,2015,0
India,Madhya Pradesh,Bhind,447252,37,29,5,2015,0
India,Madhya Pradesh,Bhopal,272180,411,388,1,2015,0
India,Madhya Pradesh,Burhanpur,319674,304,101,0,2015,0
India,Madhya Pradesh,Chhatarpur,871307,9432,10557,37,2015,0
India,Madhya Pradesh,Chhindwara,1180484,47596,33573,19,2015,0
India,Madhya Pradesh,Damoh,735338,4141,3718,2,2015,0
India,Madhya Pradesh,Datia,252254,13,5,0,2015,0
India,Madhya Pradesh,Dewas,695694,683,550,0,2015,0
India,Madhya Pradesh,Dhar,813433,45,48,0,2015,0
India,Madhya Pradesh,Dindori,648866,165015,140518,13,2015,6
India,Madhya Pradesh,East Nimar,744494,2848,672,0,2015,0
India,Madhya Pradesh,Guna,629701,209,67,0,2015,0
India,Madhya Pradesh,Gwalior,458064,63,10,0,2015,0
India,Madhya Pradesh,Harda,331452,2518,1267,0,2015,0
India,Madhya Pradesh,Hoshangabad,670862,79045,47640,16,2015,0
India,Madhya Pradesh,Indore,390867,572,403,0,2015,0
India,Madhya Pradesh,Jabalpur,401166,8857,5026,2,2015,0
India,Madhya Pradesh,Jhabua,342698,9,2,0,2015,0
India,Madhya Pradesh,Katni,616355,20446,11180,17,2015,18
India,Madhya Pradesh,Mandla,677220,93818,90165,22,2015,3
India,Madhya Pradesh,Mandsaur,563118,66,10,0,2015,0
India,Madhya Pradesh,Morena,498479,60,23,2,2015,0
India,Madhya Pradesh,Narsimhapur,514459,17516,13262,4,2015,0
India,Madhya Pradesh,Neemuch,415427,39,11,0,2015,0
India,Madhya Pradesh,Panna,711358,11942,7857,13,2015,0
India,Madhya Pradesh,Raisen,849516,17063,21246,30,2015,0
India,Madhya Pradesh,Rajgarh,612022,44,39,0,2015,0
India,Madhya Pradesh,Ratlam,481618,33,6,0,2015,0
India,Madhya Pradesh,Rewa,631423,2701,3804,1,2015,0
India,Madhya Pradesh,Sagar,1025228,8268,4206,4,2015,0
India,Madhya Pradesh,Satna,750261,10327,5053,28,2015,0
India,Madhya Pradesh,Sehore,656297,4726,5166,6,2015,0
India,Madhya Pradesh,Seoni,875671,60198,52693,10,2015,46
India,Madhya Pradesh,Shahdol,831826,36032,26519,4,2015,2
India,Madhya Pradesh,Shajapur,352411,38,6,0,2015,0
India,Madhya Pradesh,Sheopur,652461,400,40,0,2015,0
India,Madhya Pradesh,Shivpuri,1046628,407,84,1,2015,0
India,Madhya Pradesh,Sidhi,478016,43220,33835,10,2015,0
India,Madhya Pradesh,Singrauli,578643,24183,22954,3,2015,9
India,Madhya Pradesh,Tikamgarh,506638,22,12,1,2015,0
India,Madhya Pradesh,Ujjain,608217,73,8,0,2015,0
India,Madhya Pradesh,Umaria,372591,32574,20399,10,2015,8
India,Madhya Pradesh,Vidisha,730295,2580,2838,0,2015,0
India,Madhya Pradesh,West Nimar,804393,504,174,0,2015,0
India,Maharashtra,Ahmadnagar,1613065,2155,685,0,2015,0
India,Maharashtra,Akola,551391,121,42,0,2015,0
India,Maharashtra,Amravati,1218596,37188,22756,1,2015,0
India,Maharashtra,Aurangabad,1009310,139,70,0,2015,0
India,Maharashtra,Bhandara,470048,29630,22796,10,2015,30
India,Maharashtra,Bid,1141360,18,8,0,2015,0
India,Maharashtra,Buldana,960383,562,217,0,2015,0
India,Maharashtra,Chandrapur,1130866,38431,26245,6,2015,60
India,Maharashtra,Dhule,716652,292,76,0,2015,0
India,Maharashtra,Garhchiroli,1446063,565777,532217,86,2015,239
India,Maharashtra,Gondiya,463678,77177,66986,14,2015,6
India,Maharashtra,Hingoli,468553,51,13,0,2015,0
India,Maharashtra,Jalgaon,1174820,1357,485,0,2015,0
India,Maharashtra,Jalna,777897,9,3,0,2015,0
India,Maharashtra,Kolhapur,765441,64263,50160,19,2015,2
India,Maharashtra,Latur,723325,84,9,0,2015,0
India,Maharashtra,Mumbai City,6798,2,0,0,2015,0
India,Maharashtra,Mumbai Suburban,41216,913,1816,0,2015,0
India,Maharashtra,Nagpur,992630,17895,13709,2,2015,0
India,Maharashtra,Nanded,1058842,2209,2191,0,2015,0
India,Maharashtra,Nandurbar,593190,1224,128,0,2015,0
India,Maharashtra,Nashik,1550954,2520,769,1,2015,0
India,Maharashtra,Osmanabad,755003,31,8,0,2015,0
India,Maharashtra,Palghar,532756,12058,9783,1,2015,0
India,Maharashtra,Parbhani,632812,56,11,0,2015,0
India,Maharashtra,Pune,1560120,20505,7436,2,2015,0
India,Maharashtra,Raigarh,701070,28536,9898,3,2015,0
India,Maharashtra,Ratnagiri,846264,33833,24447,9,2015,0
India,Maharashtra,Sangli,853492,4437,5233,0,2015,0
India,Maharashtra,Satara,1046855,27561,26313,2,2015,0
India,Maharashtra,Sindhudurg,517121,96181,50568,62,2015,57
India,Maharashtra,Solapur,1486719,67,13,0,2015,0
India,Maharashtra,Thane,423883,6043,3295,1,2015,0
India,Maharashtra,Wardha,630912,578,35,0,2015,0
India,Maharashtra,Washim,519150,104,20,0,2015,0
India,Maharashtra,Yavatmal,1352653,1395,760,0,2015,0
India,Manipur,Bishnupur,48080,1740,2108,41,2015,12
India,Manipur,Chandel,318641,269516,271928,8411,2015,3767
India,Manipur,Churachandpur,471866,405634,397101,9196,2015,4353
India,Manipur,Imphal East,59830,18726,19984,132,2015,133
India,Manipur,Imphal West,48793,4009,4525,57,2015,48
India,Manipur,Senapati,348452,241261,254278,1584,2015,1265
India,Manipur,Tamenglong,419673,386378,366470,6339,2015,3286
India,Manipur,Thoubal,71407,6569,8341,90,2015,88
India,Manipur,Ukhrul,445329,369843,383303,7931,2015,2716
India,Meghalaya,East Garo Hills,218567,179466,163589,2813,2015,2142
India,Meghalaya,East Khasi Hills,286198,179569,180921,716,2015,698
India,Meghalaya,Jaintia Hills,382407,272720,268991,1754,2015,3125
India,Meghalaya,North Garo Hills,61123,40202,33277,175,2015,143
India,Meghalaya,Ri Bhoi,238512,190725,179250,1685,2015,1306
India,Meghalaya,South Garo Hills,184901,162994,155050,2463,2015,2102
India,Meghalaya,South West Garo Hills,51848,24712,19344,485,2015,57
India,Meghalaya,South West Khasi Hills,142031,101167,99795,938,2015,730
India,Meghalaya,West Garo Hills,304369,219605,181181,3872,2015,3233
India,Meghalaya,West Khasi Hills,381666,312728,311386,4233,2015,3811
India,Mizoram,Aizawl,345326,318685,295653,4861,2015,3689
India,Mizoram,Champhai,343485,298619,288526,12121,2015,5408
India,Mizoram,Kolasib,134891,125638,118388,885,2015,446
India,Mizoram,Lawangtlai,204674,176551,164321,660,2015,2442
India,Mizoram,Lunglei,455319,422560,390114,2812,2015,4621
India,Mizoram,Mamit,307947,293143,271709,1490,2015,2399
India,Mizoram,Saiha,197696,179646,171250,965,2015,1291
India,Mizoram,Serchhip,135837,117116,110274,2492,2015,1813
India,NCT of Delhi,West,150220,263,122,2,2015,0
India,Nagaland,Dimapur,86683,48008,47284,567,2015,281
India,Nagaland,Kiphire,112226,76884,81496,2438,2015,1402
India,Nagaland,Kohima,131049,113206,112344,1181,2015,866
India,Nagaland,Longleng,58857,46310,45195,3993,2015,575
India,Nagaland,Mokokchung,160570,135765,136223,9544,2015,768
India,Nagaland,Mon,216824,175757,171643,8986,2015,3558
India,Nagaland,Peren,168370,153322,150576,3445,2015,1694
India,Nagaland,Phek,191044,138636,151738,1311,2015,1124
India,Nagaland,Tuensang,214332,163570,160823,6000,2015,3599
India,Nagaland,Wokha,162641,134385,131483,3190,2015,1398
India,Nagaland,Zunheboto,157366,124499,128062,3311,2015,2187
India,Odisha,Anugul,637420,147440,91636,6,2015,11
India,Odisha,Balangir,657722,21125,7843,4,2015,0
India,Odisha,Baleshwar,370526,8669,2339,6,2015,0
India,Odisha,Bargarh,580584,19856,11873,4,2015,0
India,Odisha,Bauda,312387,94961,69469,32,2015,5
India,Odisha,Bhadrak,245295,122,18,0,2015,0
India,Odisha,Cuttack,394435,20532,6500,0,2015,0
India,Odisha,Debagarh,281405,60859,46069,4,2015,1
India,Odisha,Dhenkanal,448128,34340,12465,2,2015,1
India,Odisha,Gajapati,406805,163314,117932,87,2015,289
India,Odisha,Ganjam,838046,161507,109710,36,2015,109
India,Odisha,Jagatsinghapur,167105,77,12,0,2015,0
India,Odisha,Jajapur,290367,4074,2310,0,2015,3
India,Odisha,Jharsuguda,212024,2842,3758,3,2015,0
India,Odisha,Kalahandi,791570,160738,107293,624,2015,581
India,Odisha,Kandhamal,806513,442907,364535,2967,2015,1699
India,Odisha,Kendrapara,248250,58,13,0,2015,0
India,Odisha,Kendujhar,832369,111738,67637,33,2015,181
India,Odisha,Khordha,275639,15903,4978,0,2015,1
India,Odisha,Koraput,858243,105476,88021,115,2015,163
India,Odisha,Malkangiri,583117,122556,79929,54,2015,126
India,Odisha,Mayurbhanj,1045106,220030,163423,8,2015,1
India,Odisha,Nabarangapur,530817,29098,20600,10,2015,7
India,Odisha,Nayagarh,389939,120024,62714,2,2015,4
India,Odisha,Nuapada,387082,32953,24937,1,2015,2
India,Odisha,Puri,350223,376,36,0,2015,0
India,Odisha,Rayagada,738185,215343,153190,295,2015,594
India,Odisha,Sambalpur,674416,168907,136091,9,2015,1
India,Odisha,Subarnapur,236169,5721,2533,0,2015,0
India,Odisha,Sundargarh,973917,188647,158696,17,2015,89
India,Puducherry,Karaikal,19216,35,308,2,2015,0
India,Puducherry,Mahe,12834,6855,4980,6,2015,3
India,Puducherry,Puducherry,19529,19,264,2,2015,0
India,Puducherry,Yanam,3154,2,5,0,2015,0
India,Punjab,Amritsar,261222,377,432,6,2015,0
India,Punjab,Barnala,148257,320,4,0,2015,0
India,Punjab,Bathinda,336278,139,7,0,2015,0
India,Punjab,Faridkot,144767,75,0,0,2015,0
India,Punjab,Fatehgarh Sahib,117323,202,191,1,2015,0
India,Punjab,Fazilka,271964,87,3,0,2015,0
India,Punjab,Firozpur,250041,642,145,1,2015,0
India,Punjab,Gurdaspur,257822,347,502,8,2015,0
India,Punjab,Hoshiarpur,336023,36187,35452,102,2015,0
India,Punjab,Jalandhar,260276,36,24,0,2015,0
India,Punjab,Kapurthala,165789,563,284,4,2015,0
India,Punjab,Ludhiana,356965,1649,860,6,2015,0
India,Punjab,Mansa,220700,33,18,0,2015,0
India,Punjab,Moga,230248,779,15,0,2015,0
India,Punjab,Muktsar,259888,35,2,0,2015,0
India,Punjab,Pathankot,99880,11476,11764,118,2015,1
India,Punjab,Patiala,333599,1592,2279,9,2015,0
India,Punjab,Rupnagar,138152,10695,8336,44,2015,0
India,Punjab,Sahibzada Ajit Singh Nagar,108846,7882,7151,18,2015,0
India,Punjab,Sangrur,360325,296,209,2,2015,0
India,Punjab,Shahid Bhagat Singh Nagar,129603,1155,1502,10,2015,0
India,Punjab,Tarn Taran,234611,133,163,3,2015,0
India,Rajasthan,Ajmer,864832,2,0,0,2015,0
India,Rajasthan,Alwar,829131,4301,1955,46,2015,0
India,Rajasthan,Banswara,448765,44,12,0,2015,0
India,Rajasthan,Baran,682336,75,3,0,2015,0
India,Rajasthan,Barmer,2831742,0,0,0,2015,0
India,Rajasthan,Bharatpur,505079,543,402,7,2015,0
India,Rajasthan,Bhilwara,1044866,8,1,0,2015,0
India,Rajasthan,Bikaner,2692523,0,0,0,2015,0
India,Rajasthan,Bundi,557361,18,0,0,2015,0
India,Rajasthan,Chittaurgarh,757295,38,1,2,2015,0
India,Rajasthan,Churu,1705000,0,0,0,2015,0
India,Rajasthan,Dausa,358982,21,32,7,2015,0
India,Rajasthan,Dhaulpur,302532,43,20,0,2015,0
India,Rajasthan,Dungarpur,377631,12,2,0,2015,0
India,Rajasthan,Ganganagar,1166503,18,0,0,2015,0
India,Rajasthan,Hanumangarh,890122,1,0,0,2015,0
India,Rajasthan,Jaipur,1124440,250,114,5,2015,0
India,Rajasthan,Jaisalmer,3857174,0,0,0,2015,0
India,Rajasthan,Jalor,1070386,0,0,0,2015,0
India,Rajasthan,Jhalawar,624795,16,3,0,2015,0
India,Rajasthan,Jhunjhunun,591310,12,1,0,2015,0
India,Rajasthan,Jodhpur,2280202,0,0,0,2015,0
India,Rajasthan,Karauli,518220,40,116,12,2015,0
India,Rajasthan,Kota,550289,41,2,0,2015,0
India,Rajasthan,Nagaur,1764675,0,0,0,2015,0
India,Rajasthan,Pali,1232336,32,15,0,2015,0
India,Rajasthan,Pratapgarh,429766,62,16,0,2015,0
India,Rajasthan,Rajsamand,459177,100,85,0,2015,0
India,Rajasthan,Sawai Madhopur,467033,63,1,0,2015,0
India,Rajasthan,Sikar,768138,15,1,0,2015,0
India,Rajasthan,Sirohi,513533,1992,324,0,2015,0
India,Rajasthan,Tonk,723904,3,0,0,2015,0
India,Rajasthan,Udaipur,1200020,4288,1011,0,2015,0
India,Sikkim,East Sikkim,94656,54725,57243,28,2015,0
India,Sikkim,North Sikkim,424153,101793,94756,14,2015,6
India,Sikkim,South Sikkim,73171,39736,43238,6,2015,0
India,Sikkim,West Sikkim,116327,54197,58525,22,2015,0
India,Tamil Nadu,Ariyalur,195050,179,123,6,2015,0
India,Tamil Nadu,Chennai,19496,24,49,0,2015,0
India,Tamil Nadu,Coimbatore,381876,106394,99049,630,2015,23
India,Tamil Nadu,Cuddalore,381529,567,3119,30,2015,0
India,Tamil Nadu,Dharmapuri,451289,60229,40216,20,2015,2
India,Tamil Nadu,Dindigul,605693,131707,117953,1393,2015,221
India,Tamil Nadu,Erode,597195,110441,75879,31,2015,1
India,Tamil Nadu,Kancheepuram,465580,884,432,2,2015,0
India,Tamil Nadu,Kanniyakumari,159095,94368,73746,729,2015,393
India,Tamil Nadu,Karur,288912,2034,1747,16,2015,0
India,Tamil Nadu,Krishnagiri,513456,22659,9827,20,2015,0
India,Tamil Nadu,Madurai,368763,20142,12710,87,2015,3
India,Tamil Nadu,Nagappattinam,240430,2545,5577,43,2015,1
India,Tamil Nadu,Namakkal,340077,26491,18764,75,2015,11
India,Tamil Nadu,Perambalur,175214,6038,4306,0,2015,0
India,Tamil Nadu,Pudukkottai,469005,429,2027,35,2015,0
India,Tamil Nadu,Ramanathapuram,426072,1106,1433,4,2015,1
India,Tamil Nadu,Salem,521044,69377,48800,162,2015,17
India,Tamil Nadu,Sivaganga,406634,719,2896,40,2015,0
India,Tamil Nadu,Thanjavur,339136,6027,5306,127,2015,0
India,Tamil Nadu,The Nilgiris,254621,161439,142481,976,2015,235
India,Tamil Nadu,Theni,284519,68470,59469,295,2015,38
India,Tamil Nadu,Thiruvallur,330691,878,6890,14,2015,0
India,Tamil Nadu,Thiruvarur,251518,5829,11729,55,2015,1
India,Tamil Nadu,Thoothukkudi,471255,7328,2740,17,2015,6
India,Tamil Nadu,Tiruchirappalli,450426,19990,12920,64,2015,5
India,Tamil Nadu,Tirunelveli,677048,122641,101337,292,2015,44
India,Tamil Nadu,Tiruppur,579045,35152,29946,129,2015,7
India,Tamil Nadu,Tiruvannamalai,618357,53147,39589,7,2015,2
India,Tamil Nadu,Vellore,606757,52516,36387,13,2015,4
India,Tamil Nadu,Viluppuram,729374,26944,21438,82,2015,6
India,Tamil Nadu,Virudunagar,428927,13827,9721,44,2015,1
India,Telangana,Adilabad,1604386,43451,45576,1,2015,0
India,Telangana,Hyderabad,17802,7,0,0,2015,0
India,Telangana,Karimnagar,1190025,33293,27498,4,2015,11
India,Telangana,Khammam,1610018,420082,323300,263,2015,220
India,Telangana,Mahbubnagar,1837327,16103,10164,7,2015,0
India,Telangana,Medak,975732,310,48,0,2015,0
India,Telangana,Nalgonda,1409411,393,362,55,2015,0
India,Telangana,Nizamabad,790786,5468,3355,0,2015,0
India,Telangana,Ranga Reddy,754836,86,8,0,2015,0
India,Telangana,Warangal,1280889,144423,93032,23,2015,44
India,Tripura,Dhalai,243285,196775,179288,243,2015,2017
India,Tripura,Gomati,141064,92622,78803,92,2015,281
India,Tripura,Khowai,103448,64933,53587,77,2015,209
India,Tripura,North Tripura,131984,95513,85079,207,2015,968
India,Tripura,Sipahijala,102396,44035,31352,173,2015,44
India,Tripura,South Tripura,152454,84216,68592,115,2015,285
India,Tripura,Unokoti,77444,50734,41125,90,2015,249
India,Tripura,West Tripura,101551,40464,31891,180,2015,43
India,Uttar Pradesh,Agra,352635,1111,433,9,2015,0
India,Uttar Pradesh,Aligarh,386530,269,234,2,2015,0
India,Uttar Pradesh,Allahabad,514803,109,1798,87,2015,0
India,Uttar Pradesh,Ambedkar Nagar,232472,190,2167,34,2015,0
India,Uttar Pradesh,Amethi,330740,180,3026,42,2015,0
India,Uttar Pradesh,Amroha,251713,225,224,9,2015,0
India,Uttar Pradesh,Auraiya,217850,52,54,2,2015,0
India,Uttar Pradesh,Azamgarh,389662,399,3073,53,2015,0
India,Uttar Pradesh,Baghpat,133245,118,759,29,2015,0
India,Uttar Pradesh,Bahraich,368710,29878,23583,83,2015,0
India,Uttar Pradesh,Ballia,300802,152,3476,22,2015,0
India,Uttar Pradesh,Balrampur,336719,42532,40338,194,2015,2
India,Uttar Pradesh,Banda,451968,158,1145,3,2015,0
India,Uttar Pradesh,Barabanki,443233,439,1197,33,2015,0
India,Uttar Pradesh,Bareilly,378328,72,251,10,2015,0
India,Uttar Pradesh,Basti,251766,171,697,7,2015,0
India,Uttar Pradesh,Bijnor,431434,15649,15499,108,2015,29
India,Uttar Pradesh,Budaun,420899,86,113,4,2015,0
India,Uttar Pradesh,Bulandshahr,357886,101,37,3,2015,0
India,Uttar Pradesh,Chandauli,253552,1556,7401,189,2015,0
India,Uttar Pradesh,Chitrakoot,308393,5790,5255,26,2015,0
India,Uttar Pradesh,Deoria,255677,321,1221,10,2015,0
India,Uttar Pradesh,Etah,250079,120,115,2,2015,0
India,Uttar Pradesh,Etawah,215276,531,454,13,2015,0
India,Uttar Pradesh,Faizabad,209951,186,856,18,2015,0
India,Uttar Pradesh,Farrukhabad,218442,353,417,3,2015,0
India,Uttar Pradesh,Fatehpur,417684,14,65,2,2015,0
India,Uttar Pradesh,Firozabad,284638,426,155,4,2015,0
India,Uttar Pradesh,Gautam Buddha Nagar,138611,8,7,0,2015,0
India,Uttar Pradesh,Ghaziabad,87238,15,36,0,2015,0
India,Uttar Pradesh,Ghazipur,338598,527,9953,117,2015,0
India,Uttar Pradesh,Gonda,400797,3583,5474,28,2015,35
India,Uttar Pradesh,Gorakhpur,306670,1170,2561,17,2015,0
India,Uttar Pradesh,Hamirpur,426283,251,26,1,2015,0
India,Uttar Pradesh,Hapur,110314,33,25,1,2015,0
India,Uttar Pradesh,Hardoi,601016,1430,532,44,2015,0
India,Uttar Pradesh,Hathras,162087,113,52,1,2015,0
India,Uttar Pradesh,Jalaun,456365,32,4,0,2015,0
India,Uttar Pradesh,Jaunpur,403582,104,1442,23,2015,0
India,Uttar Pradesh,Jhansi,506579,161,35,0,2015,0
India,Uttar Pradesh,Kannauj,207454,139,16,3,2015,0
India,Uttar Pradesh,Kanpur Dehat,316373,26,84,4,2015,0
India,Uttar Pradesh,Kanpur Nagar,292815,65,55,1,2015,0
India,Uttar Pradesh,Kasganj,197603,280,150,2,2015,0
India,Uttar Pradesh,Kaushambi,210356,11,338,8,2015,0
India,Uttar Pradesh,Kushinagar,288811,531,749,2,2015,0
India,Uttar Pradesh,Lakhimpur Kheri,770148,94748,78902,302,2015,1
India,Uttar Pradesh,Lalitpur,504678,2496,623,4,2015,0
India,Uttar Pradesh,Lucknow,253976,1160,1453,103,2015,0
India,Uttar Pradesh,Maharajganj,318731,31937,35386,72,2015,0
India,Uttar Pradesh,Mahoba,283604,111,116,1,2015,0
India,Uttar Pradesh,Mainpuri,275040,148,137,4,2015,0
India,Uttar Pradesh,Mathura,337399,304,568,2,2015,0
India,Uttar Pradesh,Mau,206654,176,2088,15,2015,0
India,Uttar Pradesh,Meerut,260507,729,710,4,2015,0
India,Uttar Pradesh,Mirzapur,451742,76,126,2,2015,0
India,Uttar Pradesh,Moradabad,210602,62,167,8,2015,0
India,Uttar Pradesh,Muzaffarnagar,273061,336,1206,27,2015,0
India,Uttar Pradesh,Pilibhit,359157,51081,50411,89,2015,0
India,Uttar Pradesh,Pratapgarh,371568,115,984,17,2015,0
India,Uttar Pradesh,Rae Bareli,327076,73,496,10,2015,0
India,Uttar Pradesh,Rampur,257084,3333,3481,26,2015,0
India,Uttar Pradesh,Saharanpur,372025,19899,17358,50,2015,0
India,Uttar Pradesh,Sambhal,213644,19,1,0,2015,0
India,Uttar Pradesh,Sant Kabir Nagar,132684,182,964,16,2015,0
India,Uttar Pradesh,Sant Ravi Das Nagar,100916,16,181,8,2015,0
India,Uttar Pradesh,Shahjahanpur,465191,5698,5281,29,2015,0
India,Uttar Pradesh,Shamli,131834,222,327,10,2015,0
India,Uttar Pradesh,Shravasti,315223,29554,26449,126,2015,0
India,Uttar Pradesh,Siddharth Nagar,347860,721,2477,9,2015,0
India,Uttar Pradesh,Sitapur,578044,1843,905,175,2015,0
India,Uttar Pradesh,Sonbhadra,678916,4879,1358,2,2015,0
India,Uttar Pradesh,Sultanpur,246165,90,1438,16,2015,0
India,Uttar Pradesh,Unnao,459854,243,709,46,2015,0
India,Uttar Pradesh,Varanasi,155118,54,47,2,2015,0
India,Uttarakhand,Almora,310201,112210,83294,188,2015,8
India,Uttarakhand,Bageshwar,228123,79668,58991,4,2015,15
India,Uttarakhand,Chamoli,792867,192909,152828,19,2015,3
India,Uttarakhand,Champawat,168452,118482,115597,521,2015,21
India,Uttarakhand,Dehradun,306702,156029,150809,52,2015,8
India,Uttarakhand,Garhwal,545564,291677,261345,120,2015,12
India,Uttarakhand,Hardwar,238572,25703,24158,211,2015,8
India,Uttarakhand,Nainital,406379,297778,287829,3809,2015,479
India,Uttarakhand,Pithoragarh,732913,124243,89944,33,2015,1
India,Uttarakhand,Rudraprayag,121405,46549,38960,6,2015,0
India,Uttarakhand,Tehri Garhwal,438890,216898,212079,72,2015,1
India,Uttarakhand,Udham Singh Nagar,286233,54957,57103,955,2015,222
India,Uttarakhand,Uttarkashi,804550,231737,198289,63,2015,0
India,West Bengal,Alipurduar,280176,118440,83490,660,2015,66
India,West Bengal,Bankura,696472,423,15,27,2015,0
India,West Bengal,Barddhaman,704144,190,172,4,2015,0
India,West Bengal,Birbhum,455570,7,96,1,2015,0
India,West Bengal,Dakshin Dinajpur,211766,122,160,1,2015,0
India,West Bengal,Darjiling,314436,152184,156762,399,2015,31
India,West Bengal,Haora,144036,1435,922,2,2015,0
India,West Bengal,Hugli,315210,1188,244,0,2015,0
India,West Bengal,Jalpaiguri,338376,67359,49856,480,2015,41
India,West Bengal,Koch Bihar,338718,14449,8297,172,2015,2
India,West Bengal,Kolkata,9162,35,3,0,2015,0
India,West Bengal,Maldah,361110,212,147,10,2015,0
India,West Bengal,Murshidabad,541121,357,173,3,2015,0
India,West Bengal,Nadia,392088,2000,790,1,2015,0
India,West Bengal,North 24 Parganas,581554,35148,26531,0,2015,0
India,West Bengal,Pashchim Medinipur,940038,1560,174,72,2015,2
India,West Bengal,Purba Medinipur,398147,850,253,1,2015,0
India,West Bengal,Puruliya,625675,3124,117,1,2015,0
India,West Bengal,South 24 Parganas,552715,4568,3307,0,2015,0
India,West Bengal,Uttar Dinajpur,336010,4269,375,208,2015,6
India,Andaman and Nicobar,Nicobar Islands,172679,147634,144925,1587,2016,0
India,Andaman and Nicobar,North and Middle Andaman,340652,310759,308793,2600,2016,83
India,Andaman and Nicobar,South Andaman,247753,226008,225722,1658,2016,77
India,Andhra Pradesh,Anantapur,1922649,517,111,14,2016,0
India,Andhra Pradesh,Chittoor,1516880,81831,56859,218,2016,18
India,Andhra Pradesh,East Godavari,1075476,310205,284237,537,2016,1134
India,Andhra Pradesh,Guntur,1141089,23783,57053,211,2016,0
India,Andhra Pradesh,Krishna,861607,17233,32054,57,2016,18
India,Andhra Pradesh,Kurnool,1777836,59574,40932,15,2016,0
India,Andhra Pradesh,Nellore,1301782,20837,28123,480,2016,1
India,Andhra Pradesh,Prakasam,1779564,79027,62790,158,2016,0
India,Andhra Pradesh,Srikakulam,627635,32693,20281,49,2016,143
India,Andhra Pradesh,Visakhapatnam,1137192,300879,241668,501,2016,723
India,Andhra Pradesh,Vizianagaram,572603,49147,37843,36,2016,204
India,Andhra Pradesh,West Godavari,775702,60575,58435,159,2016,107
India,Andhra Pradesh,Y.S.R.,1514967,69611,78628,109,2016,2
India,Arunachal Pradesh,Anjaw,651942,398495,369756,869,2016,236
India,Arunachal Pradesh,Changlang,503616,438332,431075,2788,2016,1488
India,Arunachal Pradesh,Dibang Valley,751403,391182,373790,461,2016,32
India,Arunachal Pradesh,East Kameng,409167,390145,385591,1758,2016,1430
India,Arunachal Pradesh,East Siang,361698,290410,288417,3988,2016,1379
India,Arunachal Pradesh,Kurung Kumey,572190,445717,424968,1687,2016,585
India,Arunachal Pradesh,Lohit,344025,271516,266067,3990,2016,2091
India,Arunachal Pradesh,Longding,93352,78346,76441,3641,2016,1918
India,Arunachal Pradesh,Lower Dibang Valley,556430,415248,395777,2827,2016,939
India,Arunachal Pradesh,Lower Subansiri,378817,360577,353607,3121,2016,1704
India,Arunachal Pradesh,Namsai,42486,17668,16789,468,2016,118
India,Arunachal Pradesh,Papum Pare,353251,332915,327083,1728,2016,1347
India,Arunachal Pradesh,Tawang,215022,101851,91644,88,2016,55
India,Arunachal Pradesh,Tirap,109276,100278,97211,1525,2016,717
India,Arunachal Pradesh,Upper Siang,701634,542210,539323,2566,2016,750
India,Arunachal Pradesh,Upper Subansiri,641172,508012,470378,3444,2016,959
India,Arunachal Pradesh,West Kameng,734287,551070,545555,897,2016,812
India,Arunachal Pradesh,West Siang,779775,673340,659039,11997,2016,2434
India,Assam,Baksa,239364,50158,45466,75,2016,11
India,Assam,Barpeta,227857,10844,13386,12,2016,0
India,Assam,Bongaigaon,112362,15343,13976,40,2016,5
India,Assam,Cachar,378676,219197,215588,598,2016,778
India,Assam,Chirang,118891,44423,42350,24,2016,11
India,Assam,Darrang,159926,7656,4845,26,2016,7
India,Assam,Dhemaji,253740,39030,37503,185,2016,90
India,Assam,Dhubri,278096,35918,17751,73,2016,109
India,Assam,Dibrugarh,339191,84744,77617,1595,2016,349
India,Assam,Dima Hasao,490917,434941,406980,6766,2016,9806
India,Assam,Goalpara,190100,21348,19886,58,2016,8
India,Assam,Golaghat,352585,49848,45910,1026,2016,76
India,Assam,Hailakandi,133352,68651,62917,273,2016,274
India,Assam,Jorhat,283776,49292,45600,943,2016,196
India,Assam,Kamrup,330488,96479,91075,288,2016,310
India,Assam,Kamrup Metropolitan,79666,28785,22733,100,2016,87
India,Assam,Karbi Anglong,1042664,789948,763795,6958,2016,11437
India,Assam,Karimganj,183306,74681,67823,235,2016,129
India,Assam,Kokrajhar,328978,109051,92428,155,2016,105
India,Assam,Lakhimpur,295203,53192,50368,413,2016,140
India,Assam,Morigaon,155363,10518,9080,25,2016,10
India,Assam,Nagaon,399001,77488,72138,443,2016,292
India,Assam,Nalbari,107600,11154,12942,2,2016,0
India,Assam,Sivasagar,263352,66061,58876,1211,2016,247
India,Assam,Sonitpur,528686,98395,84143,2521,2016,266
India,Assam,Tinsukia,379304,170120,170440,5279,2016,628
India,Assam,Udalguri,196790,32871,19883,548,2016,19
India,Bihar,Araria,281932,561,922,4,2016,0
India,Bihar,Arwal,66615,392,1880,14,2016,0
India,Bihar,Aurangabad,328198,875,630,5,2016,0
India,Bihar,Banka,309145,51,10,0,2016,0
India,Bihar,Begusarai,193928,196,271,1,2016,0
India,Bihar,Bhagalpur,256033,66,498,6,2016,0
India,Bihar,Bhojpur,237388,5464,22320,279,2016,0
India,Bihar,Buxar,170992,2040,5315,96,2016,0
India,Bihar,Darbhanga,228940,969,2839,15,2016,0
India,Bihar,Gaya,496554,2110,2748,2,2016,0
India,Bihar,Gopalganj,204094,175,2320,12,2016,0
India,Bihar,Jamui,308302,8863,2972,0,2016,0
India,Bihar,Jehanabad,93892,169,297,3,2016,0
India,Bihar,Kaimur,335075,4156,7422,89,2016,1
India,Bihar,Katihar,306233,107,223,8,2016,0
India,Bihar,Khagaria,149147,67,103,1,2016,0
India,Bihar,Kishanganj,193427,624,158,27,2016,0
India,Bihar,Lakhisarai,133641,7420,2606,11,2016,0
India,Bihar,Madhepura,183827,64,219,3,2016,0
India,Bihar,Madhubani,344146,3316,7618,25,2016,0
India,Bihar,Munger,136969,13748,10808,56,2016,1
India,Bihar,Muzaffarpur,318646,437,5012,8,2016,0
India,Bihar,Nalanda,233710,439,1645,4,2016,0
India,Bihar,Nawada,248578,9253,10478,1,2016,1
India,Bihar,Pashchim Champaran,523188,80413,80361,123,2016,2
India,Bihar,Patna,320539,1515,8189,38,2016,0
India,Bihar,Purba Champaran,399105,710,4891,6,2016,0
India,Bihar,Purnia,324600,128,133,6,2016,0
India,Bihar,Rohtas,386837,6235,7191,116,2016,0
India,Bihar,Saharsa,168897,153,215,4,2016,0
India,Bihar,Samastipur,290579,137,388,1,2016,0
India,Bihar,Saran,264523,223,3009,6,2016,0
India,Bihar,Sheikhpura,60405,9,18,0,2016,0
India,Bihar,Sheohar,57459,302,1358,6,2016,0
India,Bihar,Sitamarhi,205458,584,3341,7,2016,0
India,Bihar,Siwan,222545,223,3506,14,2016,0
India,Bihar,Supaul,238732,1517,2457,18,2016,2
India,Bihar,Vaishali,200961,132,1190,3,2016,0
India,Chandigarh,Chandigarh,11812,702,935,10,2016,0
India,Chhattisgarh,Balod,275414,16919,25869,3,2016,0
India,Chhattisgarh,Baloda Bazar,468572,25143,46646,1,2016,0
India,Chhattisgarh,Balrampur,633124,115996,64274,6,2016,2
India,Chhattisgarh,Bastar,591945,130358,118812,8,2016,291
India,Chhattisgarh,Bemetara,286904,44,29,0,2016,0
India,Chhattisgarh,Bijapur,879329,540837,498772,158,2016,226
India,Chhattisgarh,Bilaspur,555476,52822,34569,2,2016,3
India,Chhattisgarh,Dantewada,298090,88405,78733,17,2016,356
India,Chhattisgarh,Dhamtari,406306,84698,87870,1,2016,2
India,Chhattisgarh,Durg,298982,30,22,0,2016,0
India,Chhattisgarh,Gariaband,422957,110487,99238,1,2016,9
India,Chhattisgarh,Janjgir-Champa,387475,812,532,0,2016,0
India,Chhattisgarh,Jashpur,582341,73535,52235,2,2016,1
India,Chhattisgarh,Kabeerdham,422230,68990,63598,13,2016,9
India,Chhattisgarh,Kondagaon,509911,101269,93982,6,2016,13
India,Chhattisgarh,Korba,660932,134282,84264,2,2016,11
India,Chhattisgarh,Koriya,663712,115888,79594,1,2016,0
India,Chhattisgarh,Mahasamund,475380,7215,13348,3,2016,0
India,Chhattisgarh,Mungeli,278450,74732,52071,3,2016,4
India,Chhattisgarh,Narayanpur,392992,271260,249478,446,2016,1300
India,Chhattisgarh,Raigarh,708412,55534,39766,4,2016,0
India,Chhattisgarh,Raipur,353390,370,888,0,2016,0
India,Chhattisgarh,Rajnandgaon,806554,113121,117362,50,2016,47
India,Chhattisgarh,Sukma,525060,150881,108640,44,2016,106
India,Chhattisgarh,Surajpur,544120,70867,40372,1,2016,0
India,Chhattisgarh,Surguja,399359,51150,32745,1,2016,15
India,Chhattisgarh,Uttar Bastar Kanker,715735,207926,200686,55,2016,138
India,Dadra and Nagar Haveli,Dadra and Nagar Haveli,49152,457,259,0,2016,0
India,Daman and Diu,Daman,5831,17,3,0,2016,0
India,Daman and Diu,Diu,2523,0,0,0,2016,0
India,Goa,North Goa,170604,41915,26028,1,2016,13
India,Goa,South Goa,198964,104551,90798,89,2016,68
India,Gujarat,Ahmadabad,773436,60,8,0,2016,0
India,Gujarat,Amreli,735510,5,1,0,2016,0
India,Gujarat,Anand,287832,46,7,0,2016,0
India,Gujarat,Aravalli,325245,10,2,1,2016,0
India,Gujarat,Banas Kantha,1061522,121,10,0,2016,0
India,Gujarat,Bharuch,543453,105,9,0,2016,0
India,Gujarat,Bhavnagar,677448,95,19,0,2016,0
India,Gujarat,Botad,162060,0,0,0,2016,0
India,Gujarat,Chhota Udaipur,368590,52,26,0,2016,0
India,Gujarat,Dahod,385651,310,44,0,2016,0
India,Gujarat,Devbhumi Dwarka,456016,17,0,0,2016,0
India,Gujarat,Gandhinagar,172338,1,0,0,2016,0
India,Gujarat,Gir Somnath,170164,15,1,6,2016,0
India,Gujarat,Jamnagar,670502,34,0,0,2016,0
India,Gujarat,Junagadh,702843,487,174,1,2016,0
India,Gujarat,Kachchh,4220838,33,2,0,2016,0
India,Gujarat,Kheda,398303,30,1,0,2016,0
India,Gujarat,Mahesana,438831,2,0,0,2016,0
India,Gujarat,Mahisagar,233539,11,4,0,2016,0
India,Gujarat,Morbi,481031,12,1,0,2016,0
India,Gujarat,Narmada,256838,2533,447,0,2016,0
India,Gujarat,Navsari,218334,1297,1294,0,2016,0
India,Gujarat,Panch Mahals,267704,27,16,0,2016,0
India,Gujarat,Patan,601243,0,0,0,2016,0
India,Gujarat,Porbandar,231056,39,0,0,2016,0
India,Gujarat,Rajkot,760630,17,2,0,2016,0
India,Gujarat,Sabar Kantha,418769,132,29,0,2016,0
India,Gujarat,Surat,439791,623,281,0,2016,0
India,Gujarat,Surendranagar,920266,180,26,0,2016,0
India,Gujarat,Tapi,314442,1563,620,0,2016,0
India,Gujarat,The Dangs,171142,8716,2274,0,2016,0
India,Gujarat,Vadodara,405249,9,1,0,2016,0
India,Gujarat,Valsad,301394,1346,1722,0,2016,0
India,Haryana,Ambala,175294,1380,1576,18,2016,0
India,Haryana,Bhiwani,463529,56,11,0,2016,0
India,Haryana,Faridabad,125761,80,174,8,2016,0
India,Haryana,Fatehabad,239977,13,54,0,2016,0
India,Haryana,Gurgaon,128536,169,111,1,2016,0
India,Haryana,Hisar,416939,68,6,0,2016,0
India,Haryana,Jhajjar,211225,135,91,4,2016,0
India,Haryana,Jind,273318,248,78,1,2016,0
India,Haryana,Kaithal,230046,1056,928,1,2016,0
India,Haryana,Karnal,258463,21,7,0,2016,0
India,Haryana,Kurukshetra,183593,445,241,1,2016,0
India,Haryana,Mahendragarh,193665,8,2,0,2016,0
India,Haryana,Mewat,146554,104,138,1,2016,0
India,Haryana,Palwal,90451,89,31,0,2016,0
India,Haryana,Panchkula,73780,27504,25438,39,2016,1
India,Haryana,Panipat,122468,60,365,19,2016,0
India,Haryana,Rewari,125324,47,23,0,2016,0
India,Haryana,Rohtak,168545,79,54,1,2016,0
India,Haryana,Sirsa,423119,4,3,0,2016,0
India,Haryana,Sonipat,221338,63,200,6,2016,0
India,Haryana,Yamunanagar,130521,11018,10477,22,2016,0
India,Himachal Pradesh,Bilaspur,116606,34773,31610,25,2016,0
India,Himachal Pradesh,Chamba,646061,170243,123366,144,2016,0
India,Himachal Pradesh,Hamirpur,112145,49052,45948,54,2016,0
India,Himachal Pradesh,Kangra,570651,231326,216284,499,2016,1
India,Himachal Pradesh,Kinnaur,645578,27943,15186,13,2016,0
India,Himachal Pradesh,Kullu,550194,151529,111321,40,2016,2
India,Himachal Pradesh,Lahul & Spiti,1380877,2610,1146,13,2016,0
India,Himachal Pradesh,Mandi,394812,172547,157589,136,2016,1
India,Himachal Pradesh,Shimla,513204,216911,160881,34,2016,0
India,Himachal Pradesh,Sirmaur,280863,163102,155136,103,2016,1
India,Himachal Pradesh,Solan,195597,92486,78371,65,2016,1
India,Himachal Pradesh,Una,153760,54587,51087,52,2016,8
India,Jammu and Kashmir,Anantnag,270262,74418,54946,33,2016,0
India,Jammu and Kashmir,Badgam,117282,15438,13073,7,2016,0
India,Jammu and Kashmir,Bandipore,252774,47946,34308,14,2016,0
India,Jammu and Kashmir,Baramulla,239201,61349,54085,60,2016,0
India,Jammu and Kashmir,Doda,262526,109809,74548,68,2016,0
India,Jammu and Kashmir,Ganderbal,126196,25483,18496,13,2016,0
India,Jammu and Kashmir,Jammu,214895,22392,18948,26,2016,0
India,Jammu and Kashmir,Kargil,1477323,225,38,11,2016,0
India,Jammu and Kashmir,Kathua,261794,62001,56822,106,2016,0
India,Jammu and Kashmir,Kishtwar,767032,113304,73885,40,2016,0
India,Jammu and Kashmir,Kulgam,134333,25547,24919,33,2016,0
India,Jammu and Kashmir,Kupwara,274748,117992,99047,63,2016,0
India,Jammu and Kashmir,Leh (Ladakh),4908732,62,19,15,2016,0
India,Jammu and Kashmir,Poonch,167356,60015,53733,22,2016,0
India,Jammu and Kashmir,Pulwama,73389,12895,12422,16,2016,0
India,Jammu and Kashmir,Rajouri,254200,83983,69907,19,2016,0
India,Jammu and Kashmir,Ramban,90221,27560,22655,4,2016,0
India,Jammu and Kashmir,Reasi,208383,84644,76285,23,2016,0
India,Jammu and Kashmir,Samba,84362,6928,6182,5,2016,5
India,Jammu and Kashmir,Shupiyan,72418,18029,20804,18,2016,0
India,Jammu and Kashmir,Srinagar,62771,11936,9782,12,2016,0
India,Jammu and Kashmir,Udhampur,245808,91063,77516,68,2016,0
India,Jharkhand,Bokaro,286989,10615,6059,0,2016,2
India,Jharkhand,Chatra,375718,35924,33133,28,2016,5
India,Jharkhand,Deoghar,244100,59,4,0,2016,0
India,Jharkhand,Dhanbad,208382,674,186,0,2016,0
India,Jharkhand,Dumka,377426,3146,665,133,2016,0
India,Jharkhand,Garhwa,407829,29720,12630,28,2016,1
India,Jharkhand,Giridih,499661,8970,5408,1,2016,1
India,Jharkhand,Godda,224195,4067,1254,67,2016,0
India,Jharkhand,Gumla,536525,58922,27871,1,2016,1
India,Jharkhand,Hazaribagh,481712,41777,39730,5,2016,2
India,Jharkhand,Jamtara,180473,8,0,0,2016,0
India,Jharkhand,Khunti,277225,15381,1120,1,2016,0
India,Jharkhand,Kodarma,132242,18562,19552,1,2016,0
India,Jharkhand,Latehar,426444,102907,50236,19,2016,4
India,Jharkhand,Lohardaga,149986,25424,13408,3,2016,1
India,Jharkhand,Pakur,181513,1630,958,66,2016,0
India,Jharkhand,Palamu,445541,18227,12788,29,2016,0
India,Jharkhand,Pashchimi Singhbhum,723098,133283,79138,10,2016,145
India,Jharkhand,Purbi Singhbhum,357770,9110,2382,3,2016,0
India,Jharkhand,Ramgarh,134403,5646,3524,0,2016,0
India,Jharkhand,Ranchi,488387,9234,1856,0,2016,3
India,Jharkhand,Sahibganj,219886,3225,589,93,2016,0
India,Jharkhand,Saraikela-kharsawan,265341,8165,1240,1,2016,1
India,Jharkhand,Simdega,379142,11654,3014,0,2016,0
India,Karnataka,Bagalkot,655258,105,42,0,2016,0
India,Karnataka,Bangalore,217903,162,26,2,2016,0
India,Karnataka,Bangalore Rural,230303,137,33,1,2016,0
India,Karnataka,Belgaum,1333488,49040,38050,38,2016,43
India,Karnataka,Bellary,842531,1836,226,2,2016,0
India,Karnataka,Bidar,543342,52,16,0,2016,0
India,Karnataka,Bijapur,1048432,53,15,0,2016,0
India,Karnataka,Chamrajnagar,565361,116045,83039,42,2016,1
India,Karnataka,Chikballapura,422931,1462,988,3,2016,0
India,Karnataka,Chikmagalur,718838,323326,298783,1150,2016,471
India,Karnataka,Chitradurga,842881,416,8,0,2016,0
India,Karnataka,Dakshina Kannada,456123,281111,231209,638,2016,1109
India,Karnataka,Davanagere,660862,6521,346,6,2016,0
India,Karnataka,Dharwad,426092,464,1153,19,2016,0
India,Karnataka,Gadag,463089,15,1,0,2016,0
India,Karnataka,Gulbarga,1096303,48,10,0,2016,0
India,Karnataka,Hassan,679084,84418,62102,312,2016,251
India,Karnataka,Haveri,479411,587,321,15,2016,4
India,Karnataka,Kodagu,409587,308610,267919,818,2016,175
India,Karnataka,Kolar,397159,344,231,1,2016,0
India,Karnataka,Koppal,555591,14,7,7,2016,0
India,Karnataka,Mandya,492564,774,182,11,2016,0
India,Karnataka,Mysore,629741,70536,49242,92,2016,1
India,Karnataka,Raichur,843615,61,51,21,2016,0
India,Karnataka,Ramanagara,350745,2928,356,3,2016,0
India,Karnataka,Shimoga,773369,212771,134060,1093,2016,271
India,Karnataka,Tumkur,1059196,1426,314,7,2016,0
India,Karnataka,Udupi,390213,180568,137247,402,2016,740
India,Karnataka,Uttara Kannada,1027612,632365,575803,389,2016,245
India,Karnataka,Yadgir,526289,10,2,4,2016,0
India,Kerala,Alappuzha,124519,51188,46506,57,2016,43
India,Kerala,Ernakulam,225002,142323,115571,955,2016,633
India,Kerala,Idukki,499006,422964,413423,3789,2016,728
India,Kerala,Kannur,277392,220056,195713,302,2016,557
India,Kerala,Kasaragod,195107,107422,81572,231,2016,214
India,Kerala,Kollam,240436,193294,179738,2383,2016,1015
India,Kerala,Kottayam,210255,158914,131488,431,2016,710
India,Kerala,Kozhikode,227197,161134,131968,156,2016,209
India,Kerala,Malappuram,349994,174081,128652,191,2016,600
India,Kerala,Palakkad,447188,216046,180783,692,2016,525
India,Kerala,Pathanamthitta,263424,235819,214996,828,2016,475
India,Kerala,Thiruvananthapuram,204253,153498,127197,1845,2016,829
India,Kerala,Thrissur,294081,191936,170228,866,2016,472
India,Kerala,Wayanad,212196,169547,159045,655,2016,177
India,Lakshadweep,Lakshadweep,3482,0,0,0,2016,0
India,Madhya Pradesh,Agar Malwa,276772,11,3,0,2016,0
India,Madhya Pradesh,Alirajpur,333104,526,41,0,2016,0
India,Madhya Pradesh,Anuppur,202588,5151,2964,0,2016,0
India,Madhya Pradesh,Ashoknagar,472393,353,150,3,2016,0
India,Madhya Pradesh,Balaghat,924893,318150,284474,110,2016,253
India,Madhya Pradesh,Barwani,542445,191,26,0,2016,0
India,Madhya Pradesh,Betul,1006834,44619,12942,15,2016,0
India,Madhya Pradesh,Bhind,447252,37,29,5,2016,0
India,Madhya Pradesh,Bhopal,272180,411,388,1,2016,0
India,Madhya Pradesh,Burhanpur,319674,304,101,0,2016,0
India,Madhya Pradesh,Chhatarpur,871307,9432,10557,37,2016,0
India,Madhya Pradesh,Chhindwara,1180484,47596,33573,19,2016,2
India,Madhya Pradesh,Damoh,735338,4141,3718,2,2016,0
India,Madhya Pradesh,Datia,252254,13,5,0,2016,0
India,Madhya Pradesh,Dewas,695694,683,550,0,2016,0
India,Madhya Pradesh,Dhar,813433,45,48,0,2016,0
India,Madhya Pradesh,Dindori,648866,165015,140518,13,2016,12
India,Madhya Pradesh,East Nimar,744494,2848,672,0,2016,0
India,Madhya Pradesh,Guna,629701,209,67,0,2016,0
India,Madhya Pradesh,Gwalior,458064,63,10,0,2016,0
India,Madhya Pradesh,Harda,331452,2518,1267,0,2016,0
India,Madhya Pradesh,Hoshangabad,670862,79045,47640,16,2016,1
India,Madhya Pradesh,Indore,390867,572,403,0,2016,0
India,Madhya Pradesh,Jabalpur,401166,8857,5026,2,2016,0
India,Madhya Pradesh,Jhabua,342698,9,2,0,2016,0
India,Madhya Pradesh,Katni,616355,20446,11180,17,2016,1
India,Madhya Pradesh,Mandla,677220,93818,90165,22,2016,0
India,Madhya Pradesh,Mandsaur,563118,66,10,0,2016,0
India,Madhya Pradesh,Morena,498479,60,23,2,2016,0
India,Madhya Pradesh,Narsimhapur,514459,17516,13262,4,2016,0
India,Madhya Pradesh,Neemuch,415427,39,11,0,2016,0
India,Madhya Pradesh,Panna,711358,11942,7857,13,2016,0
India,Madhya Pradesh,Raisen,849516,17063,21246,30,2016,0
India,Madhya Pradesh,Rajgarh,612022,44,39,0,2016,0
India,Madhya Pradesh,Ratlam,481618,33,6,0,2016,0
India,Madhya Pradesh,Rewa,631423,2701,3804,1,2016,0
India,Madhya Pradesh,Sagar,1025228,8268,4206,4,2016,0
India,Madhya Pradesh,Satna,750261,10327,5053,28,2016,0
India,Madhya Pradesh,Sehore,656297,4726,5166,6,2016,0
India,Madhya Pradesh,Seoni,875671,60198,52693,10,2016,62
India,Madhya Pradesh,Shahdol,831826,36032,26519,4,2016,1
India,Madhya Pradesh,Shajapur,352411,38,6,0,2016,0
India,Madhya Pradesh,Sheopur,652461,400,40,0,2016,0
India,Madhya Pradesh,Shivpuri,1046628,407,84,1,2016,0
India,Madhya Pradesh,Sidhi,478016,43220,33835,10,2016,0
India,Madhya Pradesh,Singrauli,578643,24183,22954,3,2016,25
India,Madhya Pradesh,Tikamgarh,506638,22,12,1,2016,0
India,Madhya Pradesh,Ujjain,608217,73,8,0,2016,0
India,Madhya Pradesh,Umaria,372591,32574,20399,10,2016,30
India,Madhya Pradesh,Vidisha,730295,2580,2838,0,2016,0
India,Madhya Pradesh,West Nimar,804393,504,174,0,2016,0
India,Maharashtra,Ahmadnagar,1613065,2155,685,0,2016,1
India,Maharashtra,Akola,551391,121,42,0,2016,0
India,Maharashtra,Amravati,1218596,37188,22756,1,2016,0
India,Maharashtra,Aurangabad,1009310,139,70,0,2016,0
India,Maharashtra,Bhandara,470048,29630,22796,10,2016,25
India,Maharashtra,Bid,1141360,18,8,0,2016,0
India,Maharashtra,Buldana,960383,562,217,0,2016,0
India,Maharashtra,Chandrapur,1130866,38431,26245,6,2016,75
India,Maharashtra,Dhule,716652,292,76,0,2016,0
India,Maharashtra,Garhchiroli,1446063,565777,532217,86,2016,309
India,Maharashtra,Gondiya,463678,77177,66986,14,2016,22
India,Maharashtra,Hingoli,468553,51,13,0,2016,0
India,Maharashtra,Jalgaon,1174820,1357,485,0,2016,0
India,Maharashtra,Jalna,777897,9,3,0,2016,0
India,Maharashtra,Kolhapur,765441,64263,50160,19,2016,6
India,Maharashtra,Latur,723325,84,9,0,2016,0
India,Maharashtra,Mumbai City,6798,2,0,0,2016,0
India,Maharashtra,Mumbai Suburban,41216,913,1816,0,2016,0
India,Maharashtra,Nagpur,992630,17895,13709,2,2016,0
India,Maharashtra,Nanded,1058842,2209,2191,0,2016,0
India,Maharashtra,Nandurbar,593190,1224,128,0,2016,0
India,Maharashtra,Nashik,1550954,2520,769,1,2016,0
India,Maharashtra,Osmanabad,755003,31,8,0,2016,0
India,Maharashtra,Palghar,532756,12058,9783,1,2016,0
India,Maharashtra,Parbhani,632812,56,11,0,2016,0
India,Maharashtra,Pune,1560120,20505,7436,2,2016,44
India,Maharashtra,Raigarh,701070,28536,9898,3,2016,4
India,Maharashtra,Ratnagiri,846264,33833,24447,9,2016,12
India,Maharashtra,Sangli,853492,4437,5233,0,2016,0
India,Maharashtra,Satara,1046855,27561,26313,2,2016,2
India,Maharashtra,Sindhudurg,517121,96181,50568,62,2016,385
India,Maharashtra,Solapur,1486719,67,13,0,2016,0
India,Maharashtra,Thane,423883,6043,3295,1,2016,1
India,Maharashtra,Wardha,630912,578,35,0,2016,0
India,Maharashtra,Washim,519150,104,20,0,2016,0
India,Maharashtra,Yavatmal,1352653,1395,760,0,2016,0
India,Manipur,Bishnupur,48080,1740,2108,41,2016,11
India,Manipur,Chandel,318641,269516,271928,8411,2016,4531
India,Manipur,Churachandpur,471866,405634,397101,9196,2016,6751
India,Manipur,Imphal East,59830,18726,19984,132,2016,230
India,Manipur,Imphal West,48793,4009,4525,57,2016,84
India,Manipur,Senapati,348452,241261,254278,1584,2016,1562
India,Manipur,Tamenglong,419673,386378,366470,6339,2016,5006
India,Manipur,Thoubal,71407,6569,8341,90,2016,91
India,Manipur,Ukhrul,445329,369843,383303,7931,2016,3482
India,Meghalaya,East Garo Hills,218567,179466,163589,2813,2016,2552
India,Meghalaya,East Khasi Hills,286198,179569,180921,716,2016,991
India,Meghalaya,Jaintia Hills,382407,272720,268991,1754,2016,4305
India,Meghalaya,North Garo Hills,61123,40202,33277,175,2016,160
India,Meghalaya,Ri Bhoi,238512,190725,179250,1685,2016,2492
India,Meghalaya,South Garo Hills,184901,162994,155050,2463,2016,1714
India,Meghalaya,South West Garo Hills,51848,24712,19344,485,2016,98
India,Meghalaya,South West Khasi Hills,142031,101167,99795,938,2016,683
India,Meghalaya,West Garo Hills,304369,219605,181181,3872,2016,3673
India,Meghalaya,West Khasi Hills,381666,312728,311386,4233,2016,4777
India,Mizoram,Aizawl,345326,318685,295653,4861,2016,6339
India,Mizoram,Champhai,343485,298619,288526,12121,2016,7636
India,Mizoram,Kolasib,134891,125638,118388,885,2016,1024
India,Mizoram,Lawangtlai,204674,176551,164321,660,2016,3782
India,Mizoram,Lunglei,455319,422560,390114,2812,2016,6972
India,Mizoram,Mamit,307947,293143,271709,1490,2016,3470
India,Mizoram,Saiha,197696,179646,171250,965,2016,1654
India,Mizoram,Serchhip,135837,117116,110274,2492,2016,2728
India,NCT of Delhi,West,150220,263,122,2,2016,0
India,Nagaland,Dimapur,86683,48008,47284,567,2016,466
India,Nagaland,Kiphire,112226,76884,81496,2438,2016,2044
India,Nagaland,Kohima,131049,113206,112344,1181,2016,885
India,Nagaland,Longleng,58857,46310,45195,3993,2016,818
India,Nagaland,Mokokchung,160570,135765,136223,9544,2016,1119
India,Nagaland,Mon,216824,175757,171643,8986,2016,4343
India,Nagaland,Peren,168370,153322,150576,3445,2016,2319
India,Nagaland,Phek,191044,138636,151738,1311,2016,1222
India,Nagaland,Tuensang,214332,163570,160823,6000,2016,3673
India,Nagaland,Wokha,162641,134385,131483,3190,2016,1432
India,Nagaland,Zunheboto,157366,124499,128062,3311,2016,2130
India,Odisha,Anugul,637420,147440,91636,6,2016,47
India,Odisha,Balangir,657722,21125,7843,4,2016,0
India,Odisha,Baleshwar,370526,8669,2339,6,2016,1
India,Odisha,Bargarh,580584,19856,11873,4,2016,0
India,Odisha,Bauda,312387,94961,69469,32,2016,9
India,Odisha,Bhadrak,245295,122,18,0,2016,0
India,Odisha,Cuttack,394435,20532,6500,0,2016,2
India,Odisha,Debagarh,281405,60859,46069,4,2016,8
India,Odisha,Dhenkanal,448128,34340,12465,2,2016,3
India,Odisha,Gajapati,406805,163314,117932,87,2016,730
India,Odisha,Ganjam,838046,161507,109710,36,2016,163
India,Odisha,Jagatsinghapur,167105,77,12,0,2016,0
India,Odisha,Jajapur,290367,4074,2310,0,2016,2
India,Odisha,Jharsuguda,212024,2842,3758,3,2016,0
India,Odisha,Kalahandi,791570,160738,107293,624,2016,896
India,Odisha,Kandhamal,806513,442907,364535,2967,2016,3635
India,Odisha,Kendrapara,248250,58,13,0,2016,0
India,Odisha,Kendujhar,832369,111738,67637,33,2016,435
India,Odisha,Khordha,275639,15903,4978,0,2016,7
India,Odisha,Koraput,858243,105476,88021,115,2016,579
India,Odisha,Malkangiri,583117,122556,79929,54,2016,166
India,Odisha,Mayurbhanj,1045106,220030,163423,8,2016,3
India,Odisha,Nabarangapur,530817,29098,20600,10,2016,29
India,Odisha,Nayagarh,389939,120024,62714,2,2016,21
India,Odisha,Nuapada,387082,32953,24937,1,2016,5
India,Odisha,Puri,350223,376,36,0,2016,0
India,Odisha,Rayagada,738185,215343,153190,295,2016,1376
India,Odisha,Sambalpur,674416,168907,136091,9,2016,0
India,Odisha,Subarnapur,236169,5721,2533,0,2016,0
India,Odisha,Sundargarh,973917,188647,158696,17,2016,222
India,Puducherry,Karaikal,19216,35,308,2,2016,0
India,Puducherry,Mahe,12834,6855,4980,6,2016,26
India,Puducherry,Puducherry,19529,19,264,2,2016,1
India,Puducherry,Yanam,3154,2,5,0,2016,0
India,Punjab,Amritsar,261222,377,432,6,2016,0
India,Punjab,Barnala,148257,320,4,0,2016,0
India,Punjab,Bathinda,336278,139,7,0,2016,0
India,Punjab,Faridkot,144767,75,0,0,2016,0
India,Punjab,Fatehgarh Sahib,117323,202,191,1,2016,0
India,Punjab,Fazilka,271964,87,3,0,2016,0
India,Punjab,Firozpur,250041,642,145,1,2016,0
India,Punjab,Gurdaspur,257822,347,502,8,2016,0
India,Punjab,Hoshiarpur,336023,36187,35452,102,2016,1
India,Punjab,Jalandhar,260276,36,24,0,2016,0
India,Punjab,Kapurthala,165789,563,284,4,2016,0
India,Punjab,Ludhiana,356965,1649,860,6,2016,0
India,Punjab,Mansa,220700,33,18,0,2016,0
India,Punjab,Moga,230248,779,15,0,2016,0
India,Punjab,Muktsar,259888,35,2,0,2016,0
India,Punjab,Pathankot,99880,11476,11764,118,2016,1
India,Punjab,Patiala,333599,1592,2279,9,2016,0
India,Punjab,Rupnagar,138152,10695,8336,44,2016,0
India,Punjab,Sahibzada Ajit Singh Nagar,108846,7882,7151,18,2016,0
India,Punjab,Sangrur,360325,296,209,2,2016,0
India,Punjab,Shahid Bhagat Singh Nagar,129603,1155,1502,10,2016,0
India,Punjab,Tarn Taran,234611,133,163,3,2016,0
India,Rajasthan,Ajmer,864832,2,0,0,2016,0
India,Rajasthan,Alwar,829131,4301,1955,46,2016,0
India,Rajasthan,Banswara,448765,44,12,0,2016,0
India,Rajasthan,Baran,682336,75,3,0,2016,0
India,Rajasthan,Barmer,2831742,0,0,0,2016,0
India,Rajasthan,Bharatpur,505079,543,402,7,2016,0
India,Rajasthan,Bhilwara,1044866,8,1,0,2016,0
India,Rajasthan,Bikaner,2692523,0,0,0,2016,0
India,Rajasthan,Bundi,557361,18,0,0,2016,0
India,Rajasthan,Chittaurgarh,757295,38,1,2,2016,0
India,Rajasthan,Churu,1705000,0,0,0,2016,0
India,Rajasthan,Dausa,358982,21,32,7,2016,0
India,Rajasthan,Dhaulpur,302532,43,20,0,2016,0
India,Rajasthan,Dungarpur,377631,12,2,0,2016,0
India,Rajasthan,Ganganagar,1166503,18,0,0,2016,0
India,Rajasthan,Hanumangarh,890122,1,0,0,2016,0
India,Rajasthan,Jaipur,1124440,250,114,5,2016,0
India,Rajasthan,Jaisalmer,3857174,0,0,0,2016,0
India,Rajasthan,Jalor,1070386,0,0,0,2016,0
India,Rajasthan,Jhalawar,624795,16,3,0,2016,0
India,Rajasthan,Jhunjhunun,591310,12,1,0,2016,0
India,Rajasthan,Jodhpur,2280202,0,0,0,2016,0
India,Rajasthan,Karauli,518220,40,116,12,2016,0
India,Rajasthan,Kota,550289,41,2,0,2016,0
India,Rajasthan,Nagaur,1764675,0,0,0,2016,0
India,Rajasthan,Pali,1232336,32,15,0,2016,0
India,Rajasthan,Pratapgarh,429766,62,16,0,2016,0
India,Rajasthan,Rajsamand,459177,100,85,0,2016,0
India,Rajasthan,Sawai Madhopur,467033,63,1,0,2016,0
India,Rajasthan,Sikar,768138,15,1,0,2016,0
India,Rajasthan,Sirohi,513533,1992,324,0,2016,0
India,Rajasthan,Tonk,723904,3,0,0,2016,0
India,Rajasthan,Udaipur,1200020,4288,1011,0,2016,0
India,Sikkim,East Sikkim,94656,54725,57243,28,2016,5
India,Sikkim,North Sikkim,424153,101793,94756,14,2016,25
India,Sikkim,South Sikkim,73171,39736,43238,6,2016,10
India,Sikkim,West Sikkim,116327,54197,58525,22,2016,7
India,Tamil Nadu,Ariyalur,195050,179,123,6,2016,0
India,Tamil Nadu,Chennai,19496,24,49,0,2016,0
India,Tamil Nadu,Coimbatore,381876,106394,99049,630,2016,74
India,Tamil Nadu,Cuddalore,381529,567,3119,30,2016,2
India,Tamil Nadu,Dharmapuri,451289,60229,40216,20,2016,2
India,Tamil Nadu,Dindigul,605693,131707,117953,1393,2016,176
India,Tamil Nadu,Erode,597195,110441,75879,31,2016,4
India,Tamil Nadu,Kancheepuram,465580,884,432,2,2016,4
India,Tamil Nadu,Kanniyakumari,159095,94368,73746,729,2016,664
India,Tamil Nadu,Karur,288912,2034,1747,16,2016,0
India,Tamil Nadu,Krishnagiri,513456,22659,9827,20,2016,0
India,Tamil Nadu,Madurai,368763,20142,12710,87,2016,6
India,Tamil Nadu,Nagappattinam,240430,2545,5577,43,2016,1
India,Tamil Nadu,Namakkal,340077,26491,18764,75,2016,17
India,Tamil Nadu,Perambalur,175214,6038,4306,0,2016,0
India,Tamil Nadu,Pudukkottai,469005,429,2027,35,2016,0
India,Tamil Nadu,Ramanathapuram,426072,1106,1433,4,2016,4
India,Tamil Nadu,Salem,521044,69377,48800,162,2016,12
India,Tamil Nadu,Sivaganga,406634,719,2896,40,2016,0
India,Tamil Nadu,Thanjavur,339136,6027,5306,127,2016,0
India,Tamil Nadu,The Nilgiris,254621,161439,142481,976,2016,209
India,Tamil Nadu,Theni,284519,68470,59469,295,2016,40
India,Tamil Nadu,Thiruvallur,330691,878,6890,14,2016,4
India,Tamil Nadu,Thiruvarur,251518,5829,11729,55,2016,3
India,Tamil Nadu,Thoothukkudi,471255,7328,2740,17,2016,25
India,Tamil Nadu,Tiruchirappalli,450426,19990,12920,64,2016,4
India,Tamil Nadu,Tirunelveli,677048,122641,101337,292,2016,35
India,Tamil Nadu,Tiruppur,579045,35152,29946,129,2016,15
India,Tamil Nadu,Tiruvannamalai,618357,53147,39589,7,2016,11
India,Tamil Nadu,Vellore,606757,52516,36387,13,2016,7
India,Tamil Nadu,Viluppuram,729374,26944,21438,82,2016,18
India,Tamil Nadu,Virudunagar,428927,13827,9721,44,2016,3
India,Telangana,Adilabad,1604386,43451,45576,1,2016,0
India,Telangana,Hyderabad,17802,7,0,0,2016,0
India,Telangana,Karimnagar,1190025,33293,27498,4,2016,18
India,Telangana,Khammam,1610018,420082,323300,263,2016,328
India,Telangana,Mahbubnagar,1837327,16103,10164,7,2016,0
India,Telangana,Medak,975732,310,48,0,2016,0
India,Telangana,Nalgonda,1409411,393,362,55,2016,0
India,Telangana,Nizamabad,790786,5468,3355,0,2016,0
India,Telangana,Ranga Reddy,754836,86,8,0,2016,0
India,Telangana,Warangal,1280889,144423,93032,23,2016,67
India,Tripura,Dhalai,243285,196775,179288,243,2016,2586
India,Tripura,Gomati,141064,92622,78803,92,2016,465
India,Tripura,Khowai,103448,64933,53587,77,2016,382
India,Tripura,North Tripura,131984,95513,85079,207,2016,684
India,Tripura,Sipahijala,102396,44035,31352,173,2016,140
India,Tripura,South Tripura,152454,84216,68592,115,2016,569
India,Tripura,Unokoti,77444,50734,41125,90,2016,266
India,Tripura,West Tripura,101551,40464,31891,180,2016,133
India,Uttar Pradesh,Agra,352635,1111,433,9,2016,0
India,Uttar Pradesh,Aligarh,386530,269,234,2,2016,0
India,Uttar Pradesh,Allahabad,514803,109,1798,87,2016,0
India,Uttar Pradesh,Ambedkar Nagar,232472,190,2167,34,2016,0
India,Uttar Pradesh,Amethi,330740,180,3026,42,2016,0
India,Uttar Pradesh,Amroha,251713,225,224,9,2016,0
India,Uttar Pradesh,Auraiya,217850,52,54,2,2016,0
India,Uttar Pradesh,Azamgarh,389662,399,3073,53,2016,0
India,Uttar Pradesh,Baghpat,133245,118,759,29,2016,0
India,Uttar Pradesh,Bahraich,368710,29878,23583,83,2016,0
India,Uttar Pradesh,Ballia,300802,152,3476,22,2016,0
India,Uttar Pradesh,Balrampur,336719,42532,40338,194,2016,0
India,Uttar Pradesh,Banda,451968,158,1145,3,2016,0
India,Uttar Pradesh,Barabanki,443233,439,1197,33,2016,0
India,Uttar Pradesh,Bareilly,378328,72,251,10,2016,0
India,Uttar Pradesh,Basti,251766,171,697,7,2016,0
India,Uttar Pradesh,Bijnor,431434,15649,15499,108,2016,101
India,Uttar Pradesh,Budaun,420899,86,113,4,2016,0
India,Uttar Pradesh,Bulandshahr,357886,101,37,3,2016,0
India,Uttar Pradesh,Chandauli,253552,1556,7401,189,2016,0
India,Uttar Pradesh,Chitrakoot,308393,5790,5255,26,2016,0
India,Uttar Pradesh,Deoria,255677,321,1221,10,2016,0
India,Uttar Pradesh,Etah,250079,120,115,2,2016,0
India,Uttar Pradesh,Etawah,215276,531,454,13,2016,0
India,Uttar Pradesh,Faizabad,209951,186,856,18,2016,0
India,Uttar Pradesh,Farrukhabad,218442,353,417,3,2016,0
India,Uttar Pradesh,Fatehpur,417684,14,65,2,2016,0
India,Uttar Pradesh,Firozabad,284638,426,155,4,2016,0
India,Uttar Pradesh,Gautam Buddha Nagar,138611,8,7,0,2016,0
India,Uttar Pradesh,Ghaziabad,87238,15,36,0,2016,0
India,Uttar Pradesh,Ghazipur,338598,527,9953,117,2016,0
India,Uttar Pradesh,Gonda,400797,3583,5474,28,2016,0
India,Uttar Pradesh,Gorakhpur,306670,1170,2561,17,2016,0
India,Uttar Pradesh,Hamirpur,426283,251,26,1,2016,0
India,Uttar Pradesh,Hapur,110314,33,25,1,2016,0
India,Uttar Pradesh,Hardoi,601016,1430,532,44,2016,0
India,Uttar Pradesh,Hathras,162087,113,52,1,2016,0
India,Uttar Pradesh,Jalaun,456365,32,4,0,2016,0
India,Uttar Pradesh,Jaunpur,403582,104,1442,23,2016,0
India,Uttar Pradesh,Jhansi,506579,161,35,0,2016,0
India,Uttar Pradesh,Kannauj,207454,139,16,3,2016,0
India,Uttar Pradesh,Kanpur Dehat,316373,26,84,4,2016,0
India,Uttar Pradesh,Kanpur Nagar,292815,65,55,1,2016,0
India,Uttar Pradesh,Kasganj,197603,280,150,2,2016,0
India,Uttar Pradesh,Kaushambi,210356,11,338,8,2016,0
India,Uttar Pradesh,Kushinagar,288811,531,749,2,2016,0
India,Uttar Pradesh,Lakhimpur Kheri,770148,94748,78902,302,2016,2
India,Uttar Pradesh,Lalitpur,504678,2496,623,4,2016,0
India,Uttar Pradesh,Lucknow,253976,1160,1453,103,2016,0
India,Uttar Pradesh,Maharajganj,318731,31937,35386,72,2016,0
India,Uttar Pradesh,Mahoba,283604,111,116,1,2016,0
India,Uttar Pradesh,Mainpuri,275040,148,137,4,2016,0
India,Uttar Pradesh,Mathura,337399,304,568,2,2016,0
India,Uttar Pradesh,Mau,206654,176,2088,15,2016,0
India,Uttar Pradesh,Meerut,260507,729,710,4,2016,0
India,Uttar Pradesh,Mirzapur,451742,76,126,2,2016,0
India,Uttar Pradesh,Moradabad,210602,62,167,8,2016,0
India,Uttar Pradesh,Muzaffarnagar,273061,336,1206,27,2016,0
India,Uttar Pradesh,Pilibhit,359157,51081,50411,89,2016,0
India,Uttar Pradesh,Pratapgarh,371568,115,984,17,2016,0
India,Uttar Pradesh,Rae Bareli,327076,73,496,10,2016,0
India,Uttar Pradesh,Rampur,257084,3333,3481,26,2016,0
India,Uttar Pradesh,Saharanpur,372025,19899,17358,50,2016,1
India,Uttar Pradesh,Sambhal,213644,19,1,0,2016,0
India,Uttar Pradesh,Sant Kabir Nagar,132684,182,964,16,2016,0
India,Uttar Pradesh,Sant Ravi Das Nagar,100916,16,181,8,2016,0
India,Uttar Pradesh,Shahjahanpur,465191,5698,5281,29,2016,0
India,Uttar Pradesh,Shamli,131834,222,327,10,2016,0
India,Uttar Pradesh,Shravasti,315223,29554,26449,126,2016,9
India,Uttar Pradesh,Siddharth Nagar,347860,721,2477,9,2016,0
India,Uttar Pradesh,Sitapur,578044,1843,905,175,2016,0
India,Uttar Pradesh,Sonbhadra,678916,4879,1358,2,2016,0
India,Uttar Pradesh,Sultanpur,246165,90,1438,16,2016,0
India,Uttar Pradesh,Unnao,459854,243,709,46,2016,0
India,Uttar Pradesh,Varanasi,155118,54,47,2,2016,0
India,Uttarakhand,Almora,310201,112210,83294,188,2016,18
India,Uttarakhand,Bageshwar,228123,79668,58991,4,2016,5
India,Uttarakhand,Chamoli,792867,192909,152828,19,2016,8
India,Uttarakhand,Champawat,168452,118482,115597,521,2016,50
India,Uttarakhand,Dehradun,306702,156029,150809,52,2016,27
India,Uttarakhand,Garhwal,545564,291677,261345,120,2016,17
India,Uttarakhand,Hardwar,238572,25703,24158,211,2016,6
India,Uttarakhand,Nainital,406379,297778,287829,3809,2016,503
India,Uttarakhand,Pithoragarh,732913,124243,89944,33,2016,8
India,Uttarakhand,Rudraprayag,121405,46549,38960,6,2016,1
India,Uttarakhand,Tehri Garhwal,438890,216898,212079,72,2016,20
India,Uttarakhand,Udham Singh Nagar,286233,54957,57103,955,2016,215
India,Uttarakhand,Uttarkashi,804550,231737,198289,63,2016,6
India,West Bengal,Alipurduar,280176,118440,83490,660,2016,117
India,West Bengal,Bankura,696472,423,15,27,2016,1
India,West Bengal,Barddhaman,704144,190,172,4,2016,0
India,West Bengal,Birbhum,455570,7,96,1,2016,0
India,West Bengal,Dakshin Dinajpur,211766,122,160,1,2016,0
India,West Bengal,Darjiling,314436,152184,156762,399,2016,51
India,West Bengal,Haora,144036,1435,922,2,2016,0
India,West Bengal,Hugli,315210,1188,244,0,2016,0
India,West Bengal,Jalpaiguri,338376,67359,49856,480,2016,69
India,West Bengal,Koch Bihar,338718,14449,8297,172,2016,1
India,West Bengal,Kolkata,9162,35,3,0,2016,0
India,West Bengal,Maldah,361110,212,147,10,2016,0
India,West Bengal,Murshidabad,541121,357,173,3,2016,0
India,West Bengal,Nadia,392088,2000,790,1,2016,0
India,West Bengal,North 24 Parganas,581554,35148,26531,0,2016,0
India,West Bengal,Pashchim Medinipur,940038,1560,174,72,2016,4
India,West Bengal,Purba Medinipur,398147,850,253,1,2016,0
India,West Bengal,Puruliya,625675,3124,117,1,2016,1
India,West Bengal,South 24 Parganas,552715,4568,3307,0,2016,0
India,West Bengal,Uttar Dinajpur,336010,4269,375,208,2016,1
India,Andaman and Nicobar,Nicobar Islands,172679,147634,144925,1587,2017,0
India,Andaman and Nicobar,North and Middle Andaman,340652,310759,308793,2600,2017,231
India,Andaman and Nicobar,South Andaman,247753,226008,225722,1658,2017,55
India,Andhra Pradesh,Anantapur,1922649,517,111,14,2017,0
India,Andhra Pradesh,Chittoor,1516880,81831,56859,218,2017,11
India,Andhra Pradesh,East Godavari,1075476,310205,284237,537,2017,1357
India,Andhra Pradesh,Guntur,1141089,23783,57053,211,2017,0
India,Andhra Pradesh,Krishna,861607,17233,32054,57,2017,6
India,Andhra Pradesh,Kurnool,1777836,59574,40932,15,2017,0
India,Andhra Pradesh,Nellore,1301782,20837,28123,480,2017,3
India,Andhra Pradesh,Prakasam,1779564,79027,62790,158,2017,0
India,Andhra Pradesh,Srikakulam,627635,32693,20281,49,2017,184
India,Andhra Pradesh,Visakhapatnam,1137192,300879,241668,501,2017,1000
India,Andhra Pradesh,Vizianagaram,572603,49147,37843,36,2017,200
India,Andhra Pradesh,West Godavari,775702,60575,58435,159,2017,64
India,Andhra Pradesh,Y.S.R.,1514967,69611,78628,109,2017,0
India,Arunachal Pradesh,Anjaw,651942,398495,369756,869,2017,294
India,Arunachal Pradesh,Changlang,503616,438332,431075,2788,2017,1685
India,Arunachal Pradesh,Dibang Valley,751403,391182,373790,461,2017,86
India,Arunachal Pradesh,East Kameng,409167,390145,385591,1758,2017,1597
India,Arunachal Pradesh,East Siang,361698,290410,288417,3988,2017,1195
India,Arunachal Pradesh,Kurung Kumey,572190,445717,424968,1687,2017,708
India,Arunachal Pradesh,Lohit,344025,271516,266067,3990,2017,2160
India,Arunachal Pradesh,Longding,93352,78346,76441,3641,2017,2434
India,Arunachal Pradesh,Lower Dibang Valley,556430,415248,395777,2827,2017,1086
India,Arunachal Pradesh,Lower Subansiri,378817,360577,353607,3121,2017,1058
India,Arunachal Pradesh,Namsai,42486,17668,16789,468,2017,132
India,Arunachal Pradesh,Papum Pare,353251,332915,327083,1728,2017,1038
India,Arunachal Pradesh,Tawang,215022,101851,91644,88,2017,33
India,Arunachal Pradesh,Tirap,109276,100278,97211,1525,2017,1001
India,Arunachal Pradesh,Upper Siang,701634,542210,539323,2566,2017,447
India,Arunachal Pradesh,Upper Subansiri,641172,508012,470378,3444,2017,900
India,Arunachal Pradesh,West Kameng,734287,551070,545555,897,2017,856
India,Arunachal Pradesh,West Siang,779775,673340,659039,11997,2017,2292
India,Assam,Baksa,239364,50158,45466,75,2017,14
India,Assam,Barpeta,227857,10844,13386,12,2017,0
India,Assam,Bongaigaon,112362,15343,13976,40,2017,6
India,Assam,Cachar,378676,219197,215588,598,2017,711
India,Assam,Chirang,118891,44423,42350,24,2017,21
India,Assam,Darrang,159926,7656,4845,26,2017,15
India,Assam,Dhemaji,253740,39030,37503,185,2017,53
India,Assam,Dhubri,278096,35918,17751,73,2017,37
India,Assam,Dibrugarh,339191,84744,77617,1595,2017,409
India,Assam,Dima Hasao,490917,434941,406980,6766,2017,5872
India,Assam,Goalpara,190100,21348,19886,58,2017,9
India,Assam,Golaghat,352585,49848,45910,1026,2017,51
India,Assam,Hailakandi,133352,68651,62917,273,2017,401
India,Assam,Jorhat,283776,49292,45600,943,2017,199
India,Assam,Kamrup,330488,96479,91075,288,2017,409
India,Assam,Kamrup Metropolitan,79666,28785,22733,100,2017,64
India,Assam,Karbi Anglong,1042664,789948,763795,6958,2017,8055
India,Assam,Karimganj,183306,74681,67823,235,2017,235
India,Assam,Kokrajhar,328978,109051,92428,155,2017,123
India,Assam,Lakhimpur,295203,53192,50368,413,2017,149
India,Assam,Morigaon,155363,10518,9080,25,2017,3
India,Assam,Nagaon,399001,77488,72138,443,2017,209
India,Assam,Nalbari,107600,11154,12942,2,2017,1
India,Assam,Sivasagar,263352,66061,58876,1211,2017,227
India,Assam,Sonitpur,528686,98395,84143,2521,2017,156
India,Assam,Tinsukia,379304,170120,170440,5279,2017,558
India,Assam,Udalguri,196790,32871,19883,548,2017,22
India,Bihar,Araria,281932,561,922,4,2017,0
India,Bihar,Arwal,66615,392,1880,14,2017,0
India,Bihar,Aurangabad,328198,875,630,5,2017,0
India,Bihar,Banka,309145,51,10,0,2017,0
India,Bihar,Begusarai,193928,196,271,1,2017,0
India,Bihar,Bhagalpur,256033,66,498,6,2017,0
India,Bihar,Bhojpur,237388,5464,22320,279,2017,0
India,Bihar,Buxar,170992,2040,5315,96,2017,0
India,Bihar,Darbhanga,228940,969,2839,15,2017,0
India,Bihar,Gaya,496554,2110,2748,2,2017,0
India,Bihar,Gopalganj,204094,175,2320,12,2017,0
India,Bihar,Jamui,308302,8863,2972,0,2017,0
India,Bihar,Jehanabad,93892,169,297,3,2017,0
India,Bihar,Kaimur,335075,4156,7422,89,2017,0
India,Bihar,Katihar,306233,107,223,8,2017,0
India,Bihar,Khagaria,149147,67,103,1,2017,0
India,Bihar,Kishanganj,193427,624,158,27,2017,0
India,Bihar,Lakhisarai,133641,7420,2606,11,2017,0
India,Bihar,Madhepura,183827,64,219,3,2017,0
India,Bihar,Madhubani,344146,3316,7618,25,2017,0
India,Bihar,Munger,136969,13748,10808,56,2017,0
India,Bihar,Muzaffarpur,318646,437,5012,8,2017,0
India,Bihar,Nalanda,233710,439,1645,4,2017,0
India,Bihar,Nawada,248578,9253,10478,1,2017,0
India,Bihar,Pashchim Champaran,523188,80413,80361,123,2017,36
India,Bihar,Patna,320539,1515,8189,38,2017,0
India,Bihar,Purba Champaran,399105,710,4891,6,2017,0
India,Bihar,Purnia,324600,128,133,6,2017,0
India,Bihar,Rohtas,386837,6235,7191,116,2017,0
India,Bihar,Saharsa,168897,153,215,4,2017,0
India,Bihar,Samastipur,290579,137,388,1,2017,0
India,Bihar,Saran,264523,223,3009,6,2017,0
India,Bihar,Sheikhpura,60405,9,18,0,2017,0
India,Bihar,Sheohar,57459,302,1358,6,2017,0
India,Bihar,Sitamarhi,205458,584,3341,7,2017,0
India,Bihar,Siwan,222545,223,3506,14,2017,0
India,Bihar,Supaul,238732,1517,2457,18,2017,0
India,Bihar,Vaishali,200961,132,1190,3,2017,0
India,Chandigarh,Chandigarh,11812,702,935,10,2017,0
India,Chhattisgarh,Balod,275414,16919,25869,3,2017,3
India,Chhattisgarh,Baloda Bazar,468572,25143,46646,1,2017,1
India,Chhattisgarh,Balrampur,633124,115996,64274,6,2017,6
India,Chhattisgarh,Bastar,591945,130358,118812,8,2017,145
India,Chhattisgarh,Bemetara,286904,44,29,0,2017,0
India,Chhattisgarh,Bijapur,879329,540837,498772,158,2017,168
India,Chhattisgarh,Bilaspur,555476,52822,34569,2,2017,6
India,Chhattisgarh,Dantewada,298090,88405,78733,17,2017,136
India,Chhattisgarh,Dhamtari,406306,84698,87870,1,2017,15
India,Chhattisgarh,Durg,298982,30,22,0,2017,0
India,Chhattisgarh,Gariaband,422957,110487,99238,1,2017,61
India,Chhattisgarh,Janjgir-Champa,387475,812,532,0,2017,0
India,Chhattisgarh,Jashpur,582341,73535,52235,2,2017,5
India,Chhattisgarh,Kabeerdham,422230,68990,63598,13,2017,24
India,Chhattisgarh,Kondagaon,509911,101269,93982,6,2017,15
India,Chhattisgarh,Korba,660932,134282,84264,2,2017,40
India,Chhattisgarh,Koriya,663712,115888,79594,1,2017,0
India,Chhattisgarh,Mahasamund,475380,7215,13348,3,2017,0
India,Chhattisgarh,Mungeli,278450,74732,52071,3,2017,2
India,Chhattisgarh,Narayanpur,392992,271260,249478,446,2017,1029
India,Chhattisgarh,Raigarh,708412,55534,39766,4,2017,1
India,Chhattisgarh,Raipur,353390,370,888,0,2017,0
India,Chhattisgarh,Rajnandgaon,806554,113121,117362,50,2017,14
India,Chhattisgarh,Sukma,525060,150881,108640,44,2017,65
India,Chhattisgarh,Surajpur,544120,70867,40372,1,2017,13
India,Chhattisgarh,Surguja,399359,51150,32745,1,2017,8
India,Chhattisgarh,Uttar Bastar Kanker,715735,207926,200686,55,2017,104
India,Dadra and Nagar Haveli,Dadra and Nagar Haveli,49152,457,259,0,2017,0
India,Daman and Diu,Daman,5831,17,3,0,2017,0
India,Daman and Diu,Diu,2523,0,0,0,2017,0
India,Goa,North Goa,170604,41915,26028,1,2017,17
India,Goa,South Goa,198964,104551,90798,89,2017,43
India,Gujarat,Ahmadabad,773436,60,8,0,2017,0
India,Gujarat,Amreli,735510,5,1,0,2017,0
India,Gujarat,Anand,287832,46,7,0,2017,0
India,Gujarat,Aravalli,325245,10,2,1,2017,0
India,Gujarat,Banas Kantha,1061522,121,10,0,2017,0
India,Gujarat,Bharuch,543453,105,9,0,2017,0
India,Gujarat,Bhavnagar,677448,95,19,0,2017,0
India,Gujarat,Botad,162060,0,0,0,2017,0
India,Gujarat,Chhota Udaipur,368590,52,26,0,2017,0
India,Gujarat,Dahod,385651,310,44,0,2017,0
India,Gujarat,Devbhumi Dwarka,456016,17,0,0,2017,0
India,Gujarat,Gandhinagar,172338,1,0,0,2017,0
India,Gujarat,Gir Somnath,170164,15,1,6,2017,0
India,Gujarat,Jamnagar,670502,34,0,0,2017,0
India,Gujarat,Junagadh,702843,487,174,1,2017,0
India,Gujarat,Kachchh,4220838,33,2,0,2017,0
India,Gujarat,Kheda,398303,30,1,0,2017,0
India,Gujarat,Mahesana,438831,2,0,0,2017,0
India,Gujarat,Mahisagar,233539,11,4,0,2017,0
India,Gujarat,Morbi,481031,12,1,0,2017,0
India,Gujarat,Narmada,256838,2533,447,0,2017,0
India,Gujarat,Navsari,218334,1297,1294,0,2017,0
India,Gujarat,Panch Mahals,267704,27,16,0,2017,0
India,Gujarat,Patan,601243,0,0,0,2017,0
India,Gujarat,Porbandar,231056,39,0,0,2017,0
India,Gujarat,Rajkot,760630,17,2,0,2017,0
India,Gujarat,Sabar Kantha,418769,132,29,0,2017,0
India,Gujarat,Surat,439791,623,281,0,2017,0
India,Gujarat,Surendranagar,920266,180,26,0,2017,0
India,Gujarat,Tapi,314442,1563,620,0,2017,0
India,Gujarat,The Dangs,171142,8716,2274,0,2017,0
India,Gujarat,Vadodara,405249,9,1,0,2017,0
India,Gujarat,Valsad,301394,1346,1722,0,2017,0
India,Haryana,Ambala,175294,1380,1576,18,2017,0
India,Haryana,Bhiwani,463529,56,11,0,2017,0
India,Haryana,Faridabad,125761,80,174,8,2017,0
India,Haryana,Fatehabad,239977,13,54,0,2017,0
India,Haryana,Gurgaon,128536,169,111,1,2017,0
India,Haryana,Hisar,416939,68,6,0,2017,0
India,Haryana,Jhajjar,211225,135,91,4,2017,0
India,Haryana,Jind,273318,248,78,1,2017,0
India,Haryana,Kaithal,230046,1056,928,1,2017,0
India,Haryana,Karnal,258463,21,7,0,2017,0
India,Haryana,Kurukshetra,183593,445,241,1,2017,0
India,Haryana,Mahendragarh,193665,8,2,0,2017,0
India,Haryana,Mewat,146554,104,138,1,2017,0
India,Haryana,Palwal,90451,89,31,0,2017,0
India,Haryana,Panchkula,73780,27504,25438,39,2017,0
India,Haryana,Panipat,122468,60,365,19,2017,0
India,Haryana,Rewari,125324,47,23,0,2017,0
India,Haryana,Rohtak,168545,79,54,1,2017,0
India,Haryana,Sirsa,423119,4,3,0,2017,0
India,Haryana,Sonipat,221338,63,200,6,2017,0
India,Haryana,Yamunanagar,130521,11018,10477,22,2017,0
India,Himachal Pradesh,Bilaspur,116606,34773,31610,25,2017,0
India,Himachal Pradesh,Chamba,646061,170243,123366,144,2017,39
India,Himachal Pradesh,Hamirpur,112145,49052,45948,54,2017,0
India,Himachal Pradesh,Kangra,570651,231326,216284,499,2017,2
India,Himachal Pradesh,Kinnaur,645578,27943,15186,13,2017,0
India,Himachal Pradesh,Kullu,550194,151529,111321,40,2017,23
India,Himachal Pradesh,Lahul & Spiti,1380877,2610,1146,13,2017,0
India,Himachal Pradesh,Mandi,394812,172547,157589,136,2017,0
India,Himachal Pradesh,Shimla,513204,216911,160881,34,2017,1
India,Himachal Pradesh,Sirmaur,280863,163102,155136,103,2017,2
India,Himachal Pradesh,Solan,195597,92486,78371,65,2017,0
India,Himachal Pradesh,Una,153760,54587,51087,52,2017,18
India,Jammu and Kashmir,Anantnag,270262,74418,54946,33,2017,13
India,Jammu and Kashmir,Badgam,117282,15438,13073,7,2017,0
India,Jammu and Kashmir,Bandipore,252774,47946,34308,14,2017,0
India,Jammu and Kashmir,Baramulla,239201,61349,54085,60,2017,0
India,Jammu and Kashmir,Doda,262526,109809,74548,68,2017,29
India,Jammu and Kashmir,Ganderbal,126196,25483,18496,13,2017,0
India,Jammu and Kashmir,Jammu,214895,22392,18948,26,2017,0
India,Jammu and Kashmir,Kargil,1477323,225,38,11,2017,0
India,Jammu and Kashmir,Kathua,261794,62001,56822,106,2017,8
India,Jammu and Kashmir,Kishtwar,767032,113304,73885,40,2017,0
India,Jammu and Kashmir,Kulgam,134333,25547,24919,33,2017,1
India,Jammu and Kashmir,Kupwara,274748,117992,99047,63,2017,0
India,Jammu and Kashmir,Leh (Ladakh),4908732,62,19,15,2017,0
India,Jammu and Kashmir,Poonch,167356,60015,53733,22,2017,0
India,Jammu and Kashmir,Pulwama,73389,12895,12422,16,2017,0
India,Jammu and Kashmir,Rajouri,254200,83983,69907,19,2017,0
India,Jammu and Kashmir,Ramban,90221,27560,22655,4,2017,0
India,Jammu and Kashmir,Reasi,208383,84644,76285,23,2017,0
India,Jammu and Kashmir,Samba,84362,6928,6182,5,2017,0
India,Jammu and Kashmir,Shupiyan,72418,18029,20804,18,2017,0
India,Jammu and Kashmir,Srinagar,62771,11936,9782,12,2017,0
India,Jammu and Kashmir,Udhampur,245808,91063,77516,68,2017,16
India,Jharkhand,Bokaro,286989,10615,6059,0,2017,0
India,Jharkhand,Chatra,375718,35924,33133,28,2017,8
India,Jharkhand,Deoghar,244100,59,4,0,2017,1
India,Jharkhand,Dhanbad,208382,674,186,0,2017,0
India,Jharkhand,Dumka,377426,3146,665,133,2017,2
India,Jharkhand,Garhwa,407829,29720,12630,28,2017,0
India,Jharkhand,Giridih,499661,8970,5408,1,2017,2
India,Jharkhand,Godda,224195,4067,1254,67,2017,3
India,Jharkhand,Gumla,536525,58922,27871,1,2017,1
India,Jharkhand,Hazaribagh,481712,41777,39730,5,2017,2
India,Jharkhand,Jamtara,180473,8,0,0,2017,0
India,Jharkhand,Khunti,277225,15381,1120,1,2017,7
India,Jharkhand,Kodarma,132242,18562,19552,1,2017,0
India,Jharkhand,Latehar,426444,102907,50236,19,2017,2
India,Jharkhand,Lohardaga,149986,25424,13408,3,2017,5
India,Jharkhand,Pakur,181513,1630,958,66,2017,0
India,Jharkhand,Palamu,445541,18227,12788,29,2017,0
India,Jharkhand,Pashchimi Singhbhum,723098,133283,79138,10,2017,262
India,Jharkhand,Purbi Singhbhum,357770,9110,2382,3,2017,0
India,Jharkhand,Ramgarh,134403,5646,3524,0,2017,1
India,Jharkhand,Ranchi,488387,9234,1856,0,2017,5
India,Jharkhand,Sahibganj,219886,3225,589,93,2017,0
India,Jharkhand,Saraikela-kharsawan,265341,8165,1240,1,2017,3
India,Jharkhand,Simdega,379142,11654,3014,0,2017,0
India,Karnataka,Bagalkot,655258,105,42,0,2017,0
India,Karnataka,Bangalore,217903,162,26,2,2017,0
India,Karnataka,Bangalore Rural,230303,137,33,1,2017,1
India,Karnataka,Belgaum,1333488,49040,38050,38,2017,10
India,Karnataka,Bellary,842531,1836,226,2,2017,0
India,Karnataka,Bidar,543342,52,16,0,2017,0
India,Karnataka,Bijapur,1048432,53,15,0,2017,0
India,Karnataka,Chamrajnagar,565361,116045,83039,42,2017,4
India,Karnataka,Chikballapura,422931,1462,988,3,2017,0
India,Karnataka,Chikmagalur,718838,323326,298783,1150,2017,396
India,Karnataka,Chitradurga,842881,416,8,0,2017,0
India,Karnataka,Dakshina Kannada,456123,281111,231209,638,2017,955
India,Karnataka,Davanagere,660862,6521,346,6,2017,1
India,Karnataka,Dharwad,426092,464,1153,19,2017,0
India,Karnataka,Gadag,463089,15,1,0,2017,0
India,Karnataka,Gulbarga,1096303,48,10,0,2017,0
India,Karnataka,Hassan,679084,84418,62102,312,2017,198
India,Karnataka,Haveri,479411,587,321,15,2017,0
India,Karnataka,Kodagu,409587,308610,267919,818,2017,160
India,Karnataka,Kolar,397159,344,231,1,2017,0
India,Karnataka,Koppal,555591,14,7,7,2017,0
India,Karnataka,Mandya,492564,774,182,11,2017,0
India,Karnataka,Mysore,629741,70536,49242,92,2017,6
India,Karnataka,Raichur,843615,61,51,21,2017,0
India,Karnataka,Ramanagara,350745,2928,356,3,2017,0
India,Karnataka,Shimoga,773369,212771,134060,1093,2017,235
India,Karnataka,Tumkur,1059196,1426,314,7,2017,0
India,Karnataka,Udupi,390213,180568,137247,402,2017,857
India,Karnataka,Uttara Kannada,1027612,632365,575803,389,2017,236
India,Karnataka,Yadgir,526289,10,2,4,2017,0
India,Kerala,Alappuzha,124519,51188,46506,57,2017,36
India,Kerala,Ernakulam,225002,142323,115571,955,2017,1004
India,Kerala,Idukki,499006,422964,413423,3789,2017,910
India,Kerala,Kannur,277392,220056,195713,302,2017,278
India,Kerala,Kasaragod,195107,107422,81572,231,2017,159
India,Kerala,Kollam,240436,193294,179738,2383,2017,1348
India,Kerala,Kottayam,210255,158914,131488,431,2017,1313
India,Kerala,Kozhikode,227197,161134,131968,156,2017,222
India,Kerala,Malappuram,349994,174081,128652,191,2017,811
India,Kerala,Palakkad,447188,216046,180783,692,2017,482
India,Kerala,Pathanamthitta,263424,235819,214996,828,2017,943
India,Kerala,Thiruvananthapuram,204253,153498,127197,1845,2017,1547
India,Kerala,Thrissur,294081,191936,170228,866,2017,484
India,Kerala,Wayanad,212196,169547,159045,655,2017,185
India,Lakshadweep,Lakshadweep,3482,0,0,0,2017,0
India,Madhya Pradesh,Agar Malwa,276772,11,3,0,2017,0
India,Madhya Pradesh,Alirajpur,333104,526,41,0,2017,0
India,Madhya Pradesh,Anuppur,202588,5151,2964,0,2017,0
India,Madhya Pradesh,Ashoknagar,472393,353,150,3,2017,0
India,Madhya Pradesh,Balaghat,924893,318150,284474,110,2017,176
India,Madhya Pradesh,Barwani,542445,191,26,0,2017,0
India,Madhya Pradesh,Betul,1006834,44619,12942,15,2017,0
India,Madhya Pradesh,Bhind,447252,37,29,5,2017,0
India,Madhya Pradesh,Bhopal,272180,411,388,1,2017,0
India,Madhya Pradesh,Burhanpur,319674,304,101,0,2017,0
India,Madhya Pradesh,Chhatarpur,871307,9432,10557,37,2017,0
India,Madhya Pradesh,Chhindwara,1180484,47596,33573,19,2017,1
India,Madhya Pradesh,Damoh,735338,4141,3718,2,2017,0
India,Madhya Pradesh,Datia,252254,13,5,0,2017,0
India,Madhya Pradesh,Dewas,695694,683,550,0,2017,0
India,Madhya Pradesh,Dhar,813433,45,48,0,2017,0
India,Madhya Pradesh,Dindori,648866,165015,140518,13,2017,7
India,Madhya Pradesh,East Nimar,744494,2848,672,0,2017,0
India,Madhya Pradesh,Guna,629701,209,67,0,2017,0
India,Madhya Pradesh,Gwalior,458064,63,10,0,2017,0
India,Madhya Pradesh,Harda,331452,2518,1267,0,2017,0
India,Madhya Pradesh,Hoshangabad,670862,79045,47640,16,2017,0
India,Madhya Pradesh,Indore,390867,572,403,0,2017,0
India,Madhya Pradesh,Jabalpur,401166,8857,5026,2,2017,1
India,Madhya Pradesh,Jhabua,342698,9,2,0,2017,0
India,Madhya Pradesh,Katni,616355,20446,11180,17,2017,10
India,Madhya Pradesh,Mandla,677220,93818,90165,22,2017,0
India,Madhya Pradesh,Mandsaur,563118,66,10,0,2017,0
India,Madhya Pradesh,Morena,498479,60,23,2,2017,0
India,Madhya Pradesh,Narsimhapur,514459,17516,13262,4,2017,0
India,Madhya Pradesh,Neemuch,415427,39,11,0,2017,0
India,Madhya Pradesh,Panna,711358,11942,7857,13,2017,0
India,Madhya Pradesh,Raisen,849516,17063,21246,30,2017,0
India,Madhya Pradesh,Rajgarh,612022,44,39,0,2017,0
India,Madhya Pradesh,Ratlam,481618,33,6,0,2017,0
India,Madhya Pradesh,Rewa,631423,2701,3804,1,2017,0
India,Madhya Pradesh,Sagar,1025228,8268,4206,4,2017,0
India,Madhya Pradesh,Satna,750261,10327,5053,28,2017,0
India,Madhya Pradesh,Sehore,656297,4726,5166,6,2017,0
India,Madhya Pradesh,Seoni,875671,60198,52693,10,2017,18
India,Madhya Pradesh,Shahdol,831826,36032,26519,4,2017,5
India,Madhya Pradesh,Shajapur,352411,38,6,0,2017,0
India,Madhya Pradesh,Sheopur,652461,400,40,0,2017,0
India,Madhya Pradesh,Shivpuri,1046628,407,84,1,2017,0
India,Madhya Pradesh,Sidhi,478016,43220,33835,10,2017,0
India,Madhya Pradesh,Singrauli,578643,24183,22954,3,2017,3
India,Madhya Pradesh,Tikamgarh,506638,22,12,1,2017,0
India,Madhya Pradesh,Ujjain,608217,73,8,0,2017,0
India,Madhya Pradesh,Umaria,372591,32574,20399,10,2017,53
India,Madhya Pradesh,Vidisha,730295,2580,2838,0,2017,0
India,Madhya Pradesh,West Nimar,804393,504,174,0,2017,0
India,Maharashtra,Ahmadnagar,1613065,2155,685,0,2017,0
India,Maharashtra,Akola,551391,121,42,0,2017,0
India,Maharashtra,Amravati,1218596,37188,22756,1,2017,0
India,Maharashtra,Aurangabad,1009310,139,70,0,2017,0
India,Maharashtra,Bhandara,470048,29630,22796,10,2017,2
India,Maharashtra,Bid,1141360,18,8,0,2017,0
India,Maharashtra,Buldana,960383,562,217,0,2017,0
India,Maharashtra,Chandrapur,1130866,38431,26245,6,2017,107
India,Maharashtra,Dhule,716652,292,76,0,2017,0
India,Maharashtra,Garhchiroli,1446063,565777,532217,86,2017,329
India,Maharashtra,Gondiya,463678,77177,66986,14,2017,34
India,Maharashtra,Hingoli,468553,51,13,0,2017,0
India,Maharashtra,Jalgaon,1174820,1357,485,0,2017,0
India,Maharashtra,Jalna,777897,9,3,0,2017,0
India,Maharashtra,Kolhapur,765441,64263,50160,19,2017,13
India,Maharashtra,Latur,723325,84,9,0,2017,0
India,Maharashtra,Mumbai City,6798,2,0,0,2017,0
India,Maharashtra,Mumbai Suburban,41216,913,1816,0,2017,0
India,Maharashtra,Nagpur,992630,17895,13709,2,2017,25
India,Maharashtra,Nanded,1058842,2209,2191,0,2017,0
India,Maharashtra,Nandurbar,593190,1224,128,0,2017,0
India,Maharashtra,Nashik,1550954,2520,769,1,2017,0
India,Maharashtra,Osmanabad,755003,31,8,0,2017,0
India,Maharashtra,Palghar,532756,12058,9783,1,2017,0
India,Maharashtra,Parbhani,632812,56,11,0,2017,0
India,Maharashtra,Pune,1560120,20505,7436,2,2017,23
India,Maharashtra,Raigarh,701070,28536,9898,3,2017,1
India,Maharashtra,Ratnagiri,846264,33833,24447,9,2017,7
India,Maharashtra,Sangli,853492,4437,5233,0,2017,0
India,Maharashtra,Satara,1046855,27561,26313,2,2017,1
India,Maharashtra,Sindhudurg,517121,96181,50568,62,2017,259
India,Maharashtra,Solapur,1486719,67,13,0,2017,0
India,Maharashtra,Thane,423883,6043,3295,1,2017,4
India,Maharashtra,Wardha,630912,578,35,0,2017,0
India,Maharashtra,Washim,519150,104,20,0,2017,0
India,Maharashtra,Yavatmal,1352653,1395,760,0,2017,0
India,Manipur,Bishnupur,48080,1740,2108,41,2017,13
India,Manipur,Chandel,318641,269516,271928,8411,2017,2763
India,Manipur,Churachandpur,471866,405634,397101,9196,2017,7140
India,Manipur,Imphal East,59830,18726,19984,132,2017,244
India,Manipur,Imphal West,48793,4009,4525,57,2017,55
India,Manipur,Senapati,348452,241261,254278,1584,2017,1379
India,Manipur,Tamenglong,419673,386378,366470,6339,2017,4986
India,Manipur,Thoubal,71407,6569,8341,90,2017,46
India,Manipur,Ukhrul,445329,369843,383303,7931,2017,3125
India,Meghalaya,East Garo Hills,218567,179466,163589,2813,2017,3124
India,Meghalaya,East Khasi Hills,286198,179569,180921,716,2017,895
India,Meghalaya,Jaintia Hills,382407,272720,268991,1754,2017,4198
India,Meghalaya,North Garo Hills,61123,40202,33277,175,2017,248
India,Meghalaya,Ri Bhoi,238512,190725,179250,1685,2017,2805
India,Meghalaya,South Garo Hills,184901,162994,155050,2463,2017,2279
India,Meghalaya,South West Garo Hills,51848,24712,19344,485,2017,83
India,Meghalaya,South West Khasi Hills,142031,101167,99795,938,2017,785
India,Meghalaya,West Garo Hills,304369,219605,181181,3872,2017,3940
India,Meghalaya,West Khasi Hills,381666,312728,311386,4233,2017,5057
India,Mizoram,Aizawl,345326,318685,295653,4861,2017,7027
India,Mizoram,Champhai,343485,298619,288526,12121,2017,7346
India,Mizoram,Kolasib,134891,125638,118388,885,2017,2846
India,Mizoram,Lawangtlai,204674,176551,164321,660,2017,5408
India,Mizoram,Lunglei,455319,422560,390114,2812,2017,8489
India,Mizoram,Mamit,307947,293143,271709,1490,2017,4396
India,Mizoram,Saiha,197696,179646,171250,965,2017,2307
India,Mizoram,Serchhip,135837,117116,110274,2492,2017,3172
India,NCT of Delhi,West,150220,263,122,2,2017,0
India,Nagaland,Dimapur,86683,48008,47284,567,2017,448
India,Nagaland,Kiphire,112226,76884,81496,2438,2017,1629
India,Nagaland,Kohima,131049,113206,112344,1181,2017,981
India,Nagaland,Longleng,58857,46310,45195,3993,2017,1017
India,Nagaland,Mokokchung,160570,135765,136223,9544,2017,1124
India,Nagaland,Mon,216824,175757,171643,8986,2017,5256
India,Nagaland,Peren,168370,153322,150576,3445,2017,1819
India,Nagaland,Phek,191044,138636,151738,1311,2017,987
India,Nagaland,Tuensang,214332,163570,160823,6000,2017,3620
India,Nagaland,Wokha,162641,134385,131483,3190,2017,1341
India,Nagaland,Zunheboto,157366,124499,128062,3311,2017,2337
India,Odisha,Anugul,637420,147440,91636,6,2017,49
India,Odisha,Balangir,657722,21125,7843,4,2017,0
India,Odisha,Baleshwar,370526,8669,2339,6,2017,1
India,Odisha,Bargarh,580584,19856,11873,4,2017,0
India,Odisha,Bauda,312387,94961,69469,32,2017,4
India,Odisha,Bhadrak,245295,122,18,0,2017,0
India,Odisha,Cuttack,394435,20532,6500,0,2017,0
India,Odisha,Debagarh,281405,60859,46069,4,2017,6
India,Odisha,Dhenkanal,448128,34340,12465,2,2017,1
India,Odisha,Gajapati,406805,163314,117932,87,2017,1291
India,Odisha,Ganjam,838046,161507,109710,36,2017,332
India,Odisha,Jagatsinghapur,167105,77,12,0,2017,0
India,Odisha,Jajapur,290367,4074,2310,0,2017,3
India,Odisha,Jharsuguda,212024,2842,3758,3,2017,0
India,Odisha,Kalahandi,791570,160738,107293,624,2017,1350
India,Odisha,Kandhamal,806513,442907,364535,2967,2017,3723
India,Odisha,Kendrapara,248250,58,13,0,2017,0
India,Odisha,Kendujhar,832369,111738,67637,33,2017,452
India,Odisha,Khordha,275639,15903,4978,0,2017,12
India,Odisha,Koraput,858243,105476,88021,115,2017,767
India,Odisha,Malkangiri,583117,122556,79929,54,2017,250
India,Odisha,Mayurbhanj,1045106,220030,163423,8,2017,5
India,Odisha,Nabarangapur,530817,29098,20600,10,2017,64
India,Odisha,Nayagarh,389939,120024,62714,2,2017,12
India,Odisha,Nuapada,387082,32953,24937,1,2017,5
India,Odisha,Puri,350223,376,36,0,2017,0
India,Odisha,Rayagada,738185,215343,153190,295,2017,1599
India,Odisha,Sambalpur,674416,168907,136091,9,2017,5
India,Odisha,Subarnapur,236169,5721,2533,0,2017,0
India,Odisha,Sundargarh,973917,188647,158696,17,2017,201
India,Puducherry,Karaikal,19216,35,308,2,2017,0
India,Puducherry,Mahe,12834,6855,4980,6,2017,9
India,Puducherry,Puducherry,19529,19,264,2,2017,0
India,Puducherry,Yanam,3154,2,5,0,2017,0
India,Punjab,Amritsar,261222,377,432,6,2017,0
India,Punjab,Barnala,148257,320,4,0,2017,0
India,Punjab,Bathinda,336278,139,7,0,2017,0
India,Punjab,Faridkot,144767,75,0,0,2017,0
India,Punjab,Fatehgarh Sahib,117323,202,191,1,2017,0
India,Punjab,Fazilka,271964,87,3,0,2017,0
India,Punjab,Firozpur,250041,642,145,1,2017,0
India,Punjab,Gurdaspur,257822,347,502,8,2017,0
India,Punjab,Hoshiarpur,336023,36187,35452,102,2017,0
India,Punjab,Jalandhar,260276,36,24,0,2017,0
India,Punjab,Kapurthala,165789,563,284,4,2017,0
India,Punjab,Ludhiana,356965,1649,860,6,2017,0
India,Punjab,Mansa,220700,33,18,0,2017,0
India,Punjab,Moga,230248,779,15,0,2017,0
India,Punjab,Muktsar,259888,35,2,0,2017,0
India,Punjab,Pathankot,99880,11476,11764,118,2017,0
India,Punjab,Patiala,333599,1592,2279,9,2017,0
India,Punjab,Rupnagar,138152,10695,8336,44,2017,0
India,Punjab,Sahibzada Ajit Singh Nagar,108846,7882,7151,18,2017,0
India,Punjab,Sangrur,360325,296,209,2,2017,0
India,Punjab,Shahid Bhagat Singh Nagar,129603,1155,1502,10,2017,0
India,Punjab,Tarn Taran,234611,133,163,3,2017,0
India,Rajasthan,Ajmer,864832,2,0,0,2017,0
India,Rajasthan,Alwar,829131,4301,1955,46,2017,0
India,Rajasthan,Banswara,448765,44,12,0,2017,0
India,Rajasthan,Baran,682336,75,3,0,2017,0
India,Rajasthan,Barmer,2831742,0,0,0,2017,0
India,Rajasthan,Bharatpur,505079,543,402,7,2017,0
India,Rajasthan,Bhilwara,1044866,8,1,0,2017,0
India,Rajasthan,Bikaner,2692523,0,0,0,2017,0
India,Rajasthan,Bundi,557361,18,0,0,2017,0
India,Rajasthan,Chittaurgarh,757295,38,1,2,2017,0
India,Rajasthan,Churu,1705000,0,0,0,2017,0
India,Rajasthan,Dausa,358982,21,32,7,2017,0
India,Rajasthan,Dhaulpur,302532,43,20,0,2017,0
India,Rajasthan,Dungarpur,377631,12,2,0,2017,0
India,Rajasthan,Ganganagar,1166503,18,0,0,2017,0
India,Rajasthan,Hanumangarh,890122,1,0,0,2017,0
India,Rajasthan,Jaipur,1124440,250,114,5,2017,0
India,Rajasthan,Jaisalmer,3857174,0,0,0,2017,0
India,Rajasthan,Jalor,1070386,0,0,0,2017,0
India,Rajasthan,Jhalawar,624795,16,3,0,2017,0
India,Rajasthan,Jhunjhunun,591310,12,1,0,2017,0
India,Rajasthan,Jodhpur,2280202,0,0,0,2017,0
India,Rajasthan,Karauli,518220,40,116,12,2017,0
India,Rajasthan,Kota,550289,41,2,0,2017,0
India,Rajasthan,Nagaur,1764675,0,0,0,2017,0
India,Rajasthan,Pali,1232336,32,15,0,2017,0
India,Rajasthan,Pratapgarh,429766,62,16,0,2017,0
India,Rajasthan,Rajsamand,459177,100,85,0,2017,0
India,Rajasthan,Sawai Madhopur,467033,63,1,0,2017,0
India,Rajasthan,Sikar,768138,15,1,0,2017,0
India,Rajasthan,Sirohi,513533,1992,324,0,2017,0
India,Rajasthan,Tonk,723904,3,0,0,2017,0
India,Rajasthan,Udaipur,1200020,4288,1011,0,2017,0
India,Sikkim,East Sikkim,94656,54725,57243,28,2017,7
India,Sikkim,North Sikkim,424153,101793,94756,14,2017,27
India,Sikkim,South Sikkim,73171,39736,43238,6,2017,15
India,Sikkim,West Sikkim,116327,54197,58525,22,2017,10
India,Tamil Nadu,Ariyalur,195050,179,123,6,2017,0
India,Tamil Nadu,Chennai,19496,24,49,0,2017,0
India,Tamil Nadu,Coimbatore,381876,106394,99049,630,2017,59
India,Tamil Nadu,Cuddalore,381529,567,3119,30,2017,1
India,Tamil Nadu,Dharmapuri,451289,60229,40216,20,2017,1
India,Tamil Nadu,Dindigul,605693,131707,117953,1393,2017,96
India,Tamil Nadu,Erode,597195,110441,75879,31,2017,12
India,Tamil Nadu,Kancheepuram,465580,884,432,2,2017,1
India,Tamil Nadu,Kanniyakumari,159095,94368,73746,729,2017,911
India,Tamil Nadu,Karur,288912,2034,1747,16,2017,0
India,Tamil Nadu,Krishnagiri,513456,22659,9827,20,2017,0
India,Tamil Nadu,Madurai,368763,20142,12710,87,2017,4
India,Tamil Nadu,Nagappattinam,240430,2545,5577,43,2017,2
India,Tamil Nadu,Namakkal,340077,26491,18764,75,2017,14
India,Tamil Nadu,Perambalur,175214,6038,4306,0,2017,0
India,Tamil Nadu,Pudukkottai,469005,429,2027,35,2017,0
India,Tamil Nadu,Ramanathapuram,426072,1106,1433,4,2017,0
India,Tamil Nadu,Salem,521044,69377,48800,162,2017,27
India,Tamil Nadu,Sivaganga,406634,719,2896,40,2017,0
India,Tamil Nadu,Thanjavur,339136,6027,5306,127,2017,2
India,Tamil Nadu,The Nilgiris,254621,161439,142481,976,2017,199
India,Tamil Nadu,Theni,284519,68470,59469,295,2017,35
India,Tamil Nadu,Thiruvallur,330691,878,6890,14,2017,5
India,Tamil Nadu,Thiruvarur,251518,5829,11729,55,2017,1
India,Tamil Nadu,Thoothukkudi,471255,7328,2740,17,2017,64
India,Tamil Nadu,Tiruchirappalli,450426,19990,12920,64,2017,4
India,Tamil Nadu,Tirunelveli,677048,122641,101337,292,2017,14
India,Tamil Nadu,Tiruppur,579045,35152,29946,129,2017,55
India,Tamil Nadu,Tiruvannamalai,618357,53147,39589,7,2017,7
India,Tamil Nadu,Vellore,606757,52516,36387,13,2017,3
India,Tamil Nadu,Viluppuram,729374,26944,21438,82,2017,64
India,Tamil Nadu,Virudunagar,428927,13827,9721,44,2017,0
India,Telangana,Adilabad,1604386,43451,45576,1,2017,0
India,Telangana,Hyderabad,17802,7,0,0,2017,0
India,Telangana,Karimnagar,1190025,33293,27498,4,2017,8
India,Telangana,Khammam,1610018,420082,323300,263,2017,218
India,Telangana,Mahbubnagar,1837327,16103,10164,7,2017,0
India,Telangana,Medak,975732,310,48,0,2017,0
India,Telangana,Nalgonda,1409411,393,362,55,2017,0
India,Telangana,Nizamabad,790786,5468,3355,0,2017,0
India,Telangana,Ranga Reddy,754836,86,8,0,2017,0
India,Telangana,Warangal,1280889,144423,93032,23,2017,130
India,Tripura,Dhalai,243285,196775,179288,243,2017,7557
India,Tripura,Gomati,141064,92622,78803,92,2017,1159
India,Tripura,Khowai,103448,64933,53587,77,2017,1174
India,Tripura,North Tripura,131984,95513,85079,207,2017,2651
India,Tripura,Sipahijala,102396,44035,31352,173,2017,164
India,Tripura,South Tripura,152454,84216,68592,115,2017,1238
India,Tripura,Unokoti,77444,50734,41125,90,2017,833
India,Tripura,West Tripura,101551,40464,31891,180,2017,187
India,Uttar Pradesh,Agra,352635,1111,433,9,2017,0
India,Uttar Pradesh,Aligarh,386530,269,234,2,2017,0
India,Uttar Pradesh,Allahabad,514803,109,1798,87,2017,0
India,Uttar Pradesh,Ambedkar Nagar,232472,190,2167,34,2017,0
India,Uttar Pradesh,Amethi,330740,180,3026,42,2017,0
India,Uttar Pradesh,Amroha,251713,225,224,9,2017,0
India,Uttar Pradesh,Auraiya,217850,52,54,2,2017,0
India,Uttar Pradesh,Azamgarh,389662,399,3073,53,2017,0
India,Uttar Pradesh,Baghpat,133245,118,759,29,2017,0
India,Uttar Pradesh,Bahraich,368710,29878,23583,83,2017,0
India,Uttar Pradesh,Ballia,300802,152,3476,22,2017,0
India,Uttar Pradesh,Balrampur,336719,42532,40338,194,2017,1
India,Uttar Pradesh,Banda,451968,158,1145,3,2017,0
India,Uttar Pradesh,Barabanki,443233,439,1197,33,2017,0
India,Uttar Pradesh,Bareilly,378328,72,251,10,2017,0
India,Uttar Pradesh,Basti,251766,171,697,7,2017,0
India,Uttar Pradesh,Bijnor,431434,15649,15499,108,2017,11
India,Uttar Pradesh,Budaun,420899,86,113,4,2017,0
India,Uttar Pradesh,Bulandshahr,357886,101,37,3,2017,0
India,Uttar Pradesh,Chandauli,253552,1556,7401,189,2017,0
India,Uttar Pradesh,Chitrakoot,308393,5790,5255,26,2017,0
India,Uttar Pradesh,Deoria,255677,321,1221,10,2017,0
India,Uttar Pradesh,Etah,250079,120,115,2,2017,0
India,Uttar Pradesh,Etawah,215276,531,454,13,2017,0
India,Uttar Pradesh,Faizabad,209951,186,856,18,2017,0
India,Uttar Pradesh,Farrukhabad,218442,353,417,3,2017,0
India,Uttar Pradesh,Fatehpur,417684,14,65,2,2017,0
India,Uttar Pradesh,Firozabad,284638,426,155,4,2017,0
India,Uttar Pradesh,Gautam Buddha Nagar,138611,8,7,0,2017,0
India,Uttar Pradesh,Ghaziabad,87238,15,36,0,2017,0
India,Uttar Pradesh,Ghazipur,338598,527,9953,117,2017,0
India,Uttar Pradesh,Gonda,400797,3583,5474,28,2017,0
India,Uttar Pradesh,Gorakhpur,306670,1170,2561,17,2017,0
India,Uttar Pradesh,Hamirpur,426283,251,26,1,2017,0
India,Uttar Pradesh,Hapur,110314,33,25,1,2017,0
India,Uttar Pradesh,Hardoi,601016,1430,532,44,2017,0
India,Uttar Pradesh,Hathras,162087,113,52,1,2017,0
India,Uttar Pradesh,Jalaun,456365,32,4,0,2017,0
India,Uttar Pradesh,Jaunpur,403582,104,1442,23,2017,0
India,Uttar Pradesh,Jhansi,506579,161,35,0,2017,0
India,Uttar Pradesh,Kannauj,207454,139,16,3,2017,0
India,Uttar Pradesh,Kanpur Dehat,316373,26,84,4,2017,0
India,Uttar Pradesh,Kanpur Nagar,292815,65,55,1,2017,0
India,Uttar Pradesh,Kasganj,197603,280,150,2,2017,0
India,Uttar Pradesh,Kaushambi,210356,11,338,8,2017,0
India,Uttar Pradesh,Kushinagar,288811,531,749,2,2017,0
India,Uttar Pradesh,Lakhimpur Kheri,770148,94748,78902,302,2017,0
India,Uttar Pradesh,Lalitpur,504678,2496,623,4,2017,0
India,Uttar Pradesh,Lucknow,253976,1160,1453,103,2017,0
India,Uttar Pradesh,Maharajganj,318731,31937,35386,72,2017,0
India,Uttar Pradesh,Mahoba,283604,111,116,1,2017,0
India,Uttar Pradesh,Mainpuri,275040,148,137,4,2017,0
India,Uttar Pradesh,Mathura,337399,304,568,2,2017,0
India,Uttar Pradesh,Mau,206654,176,2088,15,2017,0
India,Uttar Pradesh,Meerut,260507,729,710,4,2017,0
India,Uttar Pradesh,Mirzapur,451742,76,126,2,2017,0
India,Uttar Pradesh,Moradabad,210602,62,167,8,2017,0
India,Uttar Pradesh,Muzaffarnagar,273061,336,1206,27,2017,0
India,Uttar Pradesh,Pilibhit,359157,51081,50411,89,2017,0
India,Uttar Pradesh,Pratapgarh,371568,115,984,17,2017,0
India,Uttar Pradesh,Rae Bareli,327076,73,496,10,2017,0
India,Uttar Pradesh,Rampur,257084,3333,3481,26,2017,0
India,Uttar Pradesh,Saharanpur,372025,19899,17358,50,2017,0
India,Uttar Pradesh,Sambhal,213644,19,1,0,2017,0
India,Uttar Pradesh,Sant Kabir Nagar,132684,182,964,16,2017,0
India,Uttar Pradesh,Sant Ravi Das Nagar,100916,16,181,8,2017,0
India,Uttar Pradesh,Shahjahanpur,465191,5698,5281,29,2017,0
India,Uttar Pradesh,Shamli,131834,222,327,10,2017,0
India,Uttar Pradesh,Shravasti,315223,29554,26449,126,2017,27
India,Uttar Pradesh,Siddharth Nagar,347860,721,2477,9,2017,0
India,Uttar Pradesh,Sitapur,578044,1843,905,175,2017,0
India,Uttar Pradesh,Sonbhadra,678916,4879,1358,2,2017,0
India,Uttar Pradesh,Sultanpur,246165,90,1438,16,2017,0
India,Uttar Pradesh,Unnao,459854,243,709,46,2017,0
India,Uttar Pradesh,Varanasi,155118,54,47,2,2017,0
India,Uttarakhand,Almora,310201,112210,83294,188,2017,6
India,Uttarakhand,Bageshwar,228123,79668,58991,4,2017,4
India,Uttarakhand,Chamoli,792867,192909,152828,19,2017,28
India,Uttarakhand,Champawat,168452,118482,115597,521,2017,68
India,Uttarakhand,Dehradun,306702,156029,150809,52,2017,156
India,Uttarakhand,Garhwal,545564,291677,261345,120,2017,11
India,Uttarakhand,Hardwar,238572,25703,24158,211,2017,0
India,Uttarakhand,Nainital,406379,297778,287829,3809,2017,97
India,Uttarakhand,Pithoragarh,732913,124243,89944,33,2017,15
India,Uttarakhand,Rudraprayag,121405,46549,38960,6,2017,2
India,Uttarakhand,Tehri Garhwal,438890,216898,212079,72,2017,15
India,Uttarakhand,Udham Singh Nagar,286233,54957,57103,955,2017,277
India,Uttarakhand,Uttarkashi,804550,231737,198289,63,2017,12
India,West Bengal,Alipurduar,280176,118440,83490,660,2017,313
India,West Bengal,Bankura,696472,423,15,27,2017,0
India,West Bengal,Barddhaman,704144,190,172,4,2017,0
India,West Bengal,Birbhum,455570,7,96,1,2017,0
India,West Bengal,Dakshin Dinajpur,211766,122,160,1,2017,0
India,West Bengal,Darjiling,314436,152184,156762,399,2017,38
India,West Bengal,Haora,144036,1435,922,2,2017,0
India,West Bengal,Hugli,315210,1188,244,0,2017,0
India,West Bengal,Jalpaiguri,338376,67359,49856,480,2017,114
India,West Bengal,Koch Bihar,338718,14449,8297,172,2017,5
India,West Bengal,Kolkata,9162,35,3,0,2017,0
India,West Bengal,Maldah,361110,212,147,10,2017,0
India,West Bengal,Murshidabad,541121,357,173,3,2017,0
India,West Bengal,Nadia,392088,2000,790,1,2017,0
India,West Bengal,North 24 Parganas,581554,35148,26531,0,2017,0
India,West Bengal,Pashchim Medinipur,940038,1560,174,72,2017,4
India,West Bengal,Purba Medinipur,398147,850,253,1,2017,0
India,West Bengal,Puruliya,625675,3124,117,1,2017,0
India,West Bengal,South 24 Parganas,552715,4568,3307,0,2017,0
India,West Bengal,Uttar Dinajpur,336010,4269,375,208,2017,8
India,Andaman and Nicobar,Nicobar Islands,172679,147634,144925,1587,2018,12
India,Andaman and Nicobar,North and Middle Andaman,340652,310759,308793,2600,2018,57
India,Andaman and Nicobar,South Andaman,247753,226008,225722,1658,2018,38
India,Andhra Pradesh,Anantapur,1922649,517,111,14,2018,0
India,Andhra Pradesh,Chittoor,1516880,81831,56859,218,2018,28
India,Andhra Pradesh,East Godavari,1075476,310205,284237,537,2018,835
India,Andhra Pradesh,Guntur,1141089,23783,57053,211,2018,0
India,Andhra Pradesh,Krishna,861607,17233,32054,57,2018,6
India,Andhra Pradesh,Kurnool,1777836,59574,40932,15,2018,0
India,Andhra Pradesh,Nellore,1301782,20837,28123,480,2018,7
India,Andhra Pradesh,Prakasam,1779564,79027,62790,158,2018,0
India,Andhra Pradesh,Srikakulam,627635,32693,20281,49,2018,327
India,Andhra Pradesh,Visakhapatnam,1137192,300879,241668,501,2018,717
India,Andhra Pradesh,Vizianagaram,572603,49147,37843,36,2018,140
India,Andhra Pradesh,West Godavari,775702,60575,58435,159,2018,34
India,Andhra Pradesh,Y.S.R.,1514967,69611,78628,109,2018,5
India,Arunachal Pradesh,Anjaw,651942,398495,369756,869,2018,144
India,Arunachal Pradesh,Changlang,503616,438332,431075,2788,2018,926
India,Arunachal Pradesh,Dibang Valley,751403,391182,373790,461,2018,90
India,Arunachal Pradesh,East Kameng,409167,390145,385591,1758,2018,1350
India,Arunachal Pradesh,East Siang,361698,290410,288417,3988,2018,653
India,Arunachal Pradesh,Kurung Kumey,572190,445717,424968,1687,2018,540
India,Arunachal Pradesh,Lohit,344025,271516,266067,3990,2018,1175
India,Arunachal Pradesh,Longding,93352,78346,76441,3641,2018,1036
India,Arunachal Pradesh,Lower Dibang Valley,556430,415248,395777,2827,2018,446
India,Arunachal Pradesh,Lower Subansiri,378817,360577,353607,3121,2018,735
India,Arunachal Pradesh,Namsai,42486,17668,16789,468,2018,69
India,Arunachal Pradesh,Papum Pare,353251,332915,327083,1728,2018,788
India,Arunachal Pradesh,Tawang,215022,101851,91644,88,2018,13
India,Arunachal Pradesh,Tirap,109276,100278,97211,1525,2018,482
India,Arunachal Pradesh,Upper Siang,701634,542210,539323,2566,2018,202
India,Arunachal Pradesh,Upper Subansiri,641172,508012,470378,3444,2018,589
India,Arunachal Pradesh,West Kameng,734287,551070,545555,897,2018,593
India,Arunachal Pradesh,West Siang,779775,673340,659039,11997,2018,1508
India,Assam,Baksa,239364,50158,45466,75,2018,3
India,Assam,Barpeta,227857,10844,13386,12,2018,0
India,Assam,Bongaigaon,112362,15343,13976,40,2018,5
India,Assam,Cachar,378676,219197,215588,598,2018,628
India,Assam,Chirang,118891,44423,42350,24,2018,4
India,Assam,Darrang,159926,7656,4845,26,2018,4
India,Assam,Dhemaji,253740,39030,37503,185,2018,27
India,Assam,Dhubri,278096,35918,17751,73,2018,138
India,Assam,Dibrugarh,339191,84744,77617,1595,2018,228
India,Assam,Dima Hasao,490917,434941,406980,6766,2018,4813
India,Assam,Goalpara,190100,21348,19886,58,2018,15
India,Assam,Golaghat,352585,49848,45910,1026,2018,85
India,Assam,Hailakandi,133352,68651,62917,273,2018,191
India,Assam,Jorhat,283776,49292,45600,943,2018,153
India,Assam,Kamrup,330488,96479,91075,288,2018,279
India,Assam,Kamrup Metropolitan,79666,28785,22733,100,2018,42
India,Assam,Karbi Anglong,1042664,789948,763795,6958,2018,6808
India,Assam,Karimganj,183306,74681,67823,235,2018,101
India,Assam,Kokrajhar,328978,109051,92428,155,2018,159
India,Assam,Lakhimpur,295203,53192,50368,413,2018,83
India,Assam,Morigaon,155363,10518,9080,25,2018,1
India,Assam,Nagaon,399001,77488,72138,443,2018,195
India,Assam,Nalbari,107600,11154,12942,2,2018,0
India,Assam,Sivasagar,263352,66061,58876,1211,2018,224
India,Assam,Sonitpur,528686,98395,84143,2521,2018,209
India,Assam,Tinsukia,379304,170120,170440,5279,2018,366
India,Assam,Udalguri,196790,32871,19883,548,2018,43
India,Bihar,Araria,281932,561,922,4,2018,0
India,Bihar,Arwal,66615,392,1880,14,2018,0
India,Bihar,Aurangabad,328198,875,630,5,2018,0
India,Bihar,Banka,309145,51,10,0,2018,0
India,Bihar,Begusarai,193928,196,271,1,2018,0
India,Bihar,Bhagalpur,256033,66,498,6,2018,0
India,Bihar,Bhojpur,237388,5464,22320,279,2018,0
India,Bihar,Buxar,170992,2040,5315,96,2018,0
India,Bihar,Darbhanga,228940,969,2839,15,2018,0
India,Bihar,Gaya,496554,2110,2748,2,2018,0
India,Bihar,Gopalganj,204094,175,2320,12,2018,0
India,Bihar,Jamui,308302,8863,2972,0,2018,0
India,Bihar,Jehanabad,93892,169,297,3,2018,0
India,Bihar,Kaimur,335075,4156,7422,89,2018,0
India,Bihar,Katihar,306233,107,223,8,2018,0
India,Bihar,Khagaria,149147,67,103,1,2018,0
India,Bihar,Kishanganj,193427,624,158,27,2018,1
India,Bihar,Lakhisarai,133641,7420,2606,11,2018,0
India,Bihar,Madhepura,183827,64,219,3,2018,0
India,Bihar,Madhubani,344146,3316,7618,25,2018,0
India,Bihar,Munger,136969,13748,10808,56,2018,0
India,Bihar,Muzaffarpur,318646,437,5012,8,2018,0
India,Bihar,Nalanda,233710,439,1645,4,2018,0
India,Bihar,Nawada,248578,9253,10478,1,2018,1
India,Bihar,Pashchim Champaran,523188,80413,80361,123,2018,6
India,Bihar,Patna,320539,1515,8189,38,2018,0
India,Bihar,Purba Champaran,399105,710,4891,6,2018,0
India,Bihar,Purnia,324600,128,133,6,2018,0
India,Bihar,Rohtas,386837,6235,7191,116,2018,0
India,Bihar,Saharsa,168897,153,215,4,2018,0
India,Bihar,Samastipur,290579,137,388,1,2018,0
India,Bihar,Saran,264523,223,3009,6,2018,0
India,Bihar,Sheikhpura,60405,9,18,0,2018,0
India,Bihar,Sheohar,57459,302,1358,6,2018,0
India,Bihar,Sitamarhi,205458,584,3341,7,2018,0
India,Bihar,Siwan,222545,223,3506,14,2018,0
India,Bihar,Supaul,238732,1517,2457,18,2018,0
India,Bihar,Vaishali,200961,132,1190,3,2018,0
India,Chandigarh,Chandigarh,11812,702,935,10,2018,0
India,Chhattisgarh,Balod,275414,16919,25869,3,2018,0
India,Chhattisgarh,Baloda Bazar,468572,25143,46646,1,2018,2
India,Chhattisgarh,Balrampur,633124,115996,64274,6,2018,2
India,Chhattisgarh,Bastar,591945,130358,118812,8,2018,256
India,Chhattisgarh,Bemetara,286904,44,29,0,2018,0
India,Chhattisgarh,Bijapur,879329,540837,498772,158,2018,290
India,Chhattisgarh,Bilaspur,555476,52822,34569,2,2018,0
India,Chhattisgarh,Dantewada,298090,88405,78733,17,2018,379
India,Chhattisgarh,Dhamtari,406306,84698,87870,1,2018,11
India,Chhattisgarh,Durg,298982,30,22,0,2018,0
India,Chhattisgarh,Gariaband,422957,110487,99238,1,2018,30
India,Chhattisgarh,Janjgir-Champa,387475,812,532,0,2018,0
India,Chhattisgarh,Jashpur,582341,73535,52235,2,2018,2
India,Chhattisgarh,Kabeerdham,422230,68990,63598,13,2018,4
India,Chhattisgarh,Kondagaon,509911,101269,93982,6,2018,22
India,Chhattisgarh,Korba,660932,134282,84264,2,2018,1
India,Chhattisgarh,Koriya,663712,115888,79594,1,2018,0
India,Chhattisgarh,Mahasamund,475380,7215,13348,3,2018,0
India,Chhattisgarh,Mungeli,278450,74732,52071,3,2018,0
India,Chhattisgarh,Narayanpur,392992,271260,249478,446,2018,1332
India,Chhattisgarh,Raigarh,708412,55534,39766,4,2018,5
India,Chhattisgarh,Raipur,353390,370,888,0,2018,0
India,Chhattisgarh,Rajnandgaon,806554,113121,117362,50,2018,59
India,Chhattisgarh,Sukma,525060,150881,108640,44,2018,80
India,Chhattisgarh,Surajpur,544120,70867,40372,1,2018,0
India,Chhattisgarh,Surguja,399359,51150,32745,1,2018,1
India,Chhattisgarh,Uttar Bastar Kanker,715735,207926,200686,55,2018,174
India,Dadra and Nagar Haveli,Dadra and Nagar Haveli,49152,457,259,0,2018,0
India,Daman and Diu,Daman,5831,17,3,0,2018,0
India,Daman and Diu,Diu,2523,0,0,0,2018,0
India,Goa,North Goa,170604,41915,26028,1,2018,17
India,Goa,South Goa,198964,104551,90798,89,2018,34
India,Gujarat,Ahmadabad,773436,60,8,0,2018,0
India,Gujarat,Amreli,735510,5,1,0,2018,0
India,Gujarat,Anand,287832,46,7,0,2018,0
India,Gujarat,Aravalli,325245,10,2,1,2018,0
India,Gujarat,Banas Kantha,1061522,121,10,0,2018,0
India,Gujarat,Bharuch,543453,105,9,0,2018,0
India,Gujarat,Bhavnagar,677448,95,19,0,2018,0
India,Gujarat,Botad,162060,0,0,0,2018,0
India,Gujarat,Chhota Udaipur,368590,52,26,0,2018,0
India,Gujarat,Dahod,385651,310,44,0,2018,0
India,Gujarat,Devbhumi Dwarka,456016,17,0,0,2018,0
India,Gujarat,Gandhinagar,172338,1,0,0,2018,0
India,Gujarat,Gir Somnath,170164,15,1,6,2018,0
India,Gujarat,Jamnagar,670502,34,0,0,2018,0
India,Gujarat,Junagadh,702843,487,174,1,2018,0
India,Gujarat,Kachchh,4220838,33,2,0,2018,0
India,Gujarat,Kheda,398303,30,1,0,2018,0
India,Gujarat,Mahesana,438831,2,0,0,2018,0
India,Gujarat,Mahisagar,233539,11,4,0,2018,0
India,Gujarat,Morbi,481031,12,1,0,2018,0
India,Gujarat,Narmada,256838,2533,447,0,2018,0
India,Gujarat,Navsari,218334,1297,1294,0,2018,0
India,Gujarat,Panch Mahals,267704,27,16,0,2018,0
India,Gujarat,Patan,601243,0,0,0,2018,0
India,Gujarat,Porbandar,231056,39,0,0,2018,0
India,Gujarat,Rajkot,760630,17,2,0,2018,0
India,Gujarat,Sabar Kantha,418769,132,29,0,2018,0
India,Gujarat,Surat,439791,623,281,0,2018,0
India,Gujarat,Surendranagar,920266,180,26,0,2018,0
India,Gujarat,Tapi,314442,1563,620,0,2018,0
India,Gujarat,The Dangs,171142,8716,2274,0,2018,0
India,Gujarat,Vadodara,405249,9,1,0,2018,0
India,Gujarat,Valsad,301394,1346,1722,0,2018,0
India,Haryana,Ambala,175294,1380,1576,18,2018,0
India,Haryana,Bhiwani,463529,56,11,0,2018,0
India,Haryana,Faridabad,125761,80,174,8,2018,0
India,Haryana,Fatehabad,239977,13,54,0,2018,0
India,Haryana,Gurgaon,128536,169,111,1,2018,0
India,Haryana,Hisar,416939,68,6,0,2018,0
India,Haryana,Jhajjar,211225,135,91,4,2018,0
India,Haryana,Jind,273318,248,78,1,2018,0
India,Haryana,Kaithal,230046,1056,928,1,2018,0
India,Haryana,Karnal,258463,21,7,0,2018,0
India,Haryana,Kurukshetra,183593,445,241,1,2018,0
India,Haryana,Mahendragarh,193665,8,2,0,2018,0
India,Haryana,Mewat,146554,104,138,1,2018,0
India,Haryana,Palwal,90451,89,31,0,2018,0
India,Haryana,Panchkula,73780,27504,25438,39,2018,0
India,Haryana,Panipat,122468,60,365,19,2018,0
India,Haryana,Rewari,125324,47,23,0,2018,0
India,Haryana,Rohtak,168545,79,54,1,2018,0
India,Haryana,Sirsa,423119,4,3,0,2018,0
India,Haryana,Sonipat,221338,63,200,6,2018,0
India,Haryana,Yamunanagar,130521,11018,10477,22,2018,0
India,Himachal Pradesh,Bilaspur,116606,34773,31610,25,2018,0
India,Himachal Pradesh,Chamba,646061,170243,123366,144,2018,25
India,Himachal Pradesh,Hamirpur,112145,49052,45948,54,2018,0
India,Himachal Pradesh,Kangra,570651,231326,216284,499,2018,36
India,Himachal Pradesh,Kinnaur,645578,27943,15186,13,2018,0
India,Himachal Pradesh,Kullu,550194,151529,111321,40,2018,42
India,Himachal Pradesh,Lahul & Spiti,1380877,2610,1146,13,2018,0
India,Himachal Pradesh,Mandi,394812,172547,157589,136,2018,29
India,Himachal Pradesh,Shimla,513204,216911,160881,34,2018,16
India,Himachal Pradesh,Sirmaur,280863,163102,155136,103,2018,12
India,Himachal Pradesh,Solan,195597,92486,78371,65,2018,4
India,Himachal Pradesh,Una,153760,54587,51087,52,2018,12
India,Jammu and Kashmir,Anantnag,270262,74418,54946,33,2018,1
India,Jammu and Kashmir,Badgam,117282,15438,13073,7,2018,0
India,Jammu and Kashmir,Bandipore,252774,47946,34308,14,2018,0
India,Jammu and Kashmir,Baramulla,239201,61349,54085,60,2018,0
India,Jammu and Kashmir,Doda,262526,109809,74548,68,2018,26
India,Jammu and Kashmir,Ganderbal,126196,25483,18496,13,2018,0
India,Jammu and Kashmir,Jammu,214895,22392,18948,26,2018,4
India,Jammu and Kashmir,Kargil,1477323,225,38,11,2018,0
India,Jammu and Kashmir,Kathua,261794,62001,56822,106,2018,3
India,Jammu and Kashmir,Kishtwar,767032,113304,73885,40,2018,8
India,Jammu and Kashmir,Kulgam,134333,25547,24919,33,2018,4
India,Jammu and Kashmir,Kupwara,274748,117992,99047,63,2018,1
India,Jammu and Kashmir,Leh (Ladakh),4908732,62,19,15,2018,0
India,Jammu and Kashmir,Poonch,167356,60015,53733,22,2018,2
India,Jammu and Kashmir,Pulwama,73389,12895,12422,16,2018,0
India,Jammu and Kashmir,Rajouri,254200,83983,69907,19,2018,1
India,Jammu and Kashmir,Ramban,90221,27560,22655,4,2018,1
India,Jammu and Kashmir,Reasi,208383,84644,76285,23,2018,1
India,Jammu and Kashmir,Samba,84362,6928,6182,5,2018,0
India,Jammu and Kashmir,Shupiyan,72418,18029,20804,18,2018,0
India,Jammu and Kashmir,Srinagar,62771,11936,9782,12,2018,0
India,Jammu and Kashmir,Udhampur,245808,91063,77516,68,2018,19
India,Jharkhand,Bokaro,286989,10615,6059,0,2018,0
India,Jharkhand,Chatra,375718,35924,33133,28,2018,2
India,Jharkhand,Deoghar,244100,59,4,0,2018,2
India,Jharkhand,Dhanbad,208382,674,186,0,2018,0
India,Jharkhand,Dumka,377426,3146,665,133,2018,2
India,Jharkhand,Garhwa,407829,29720,12630,28,2018,0
India,Jharkhand,Giridih,499661,8970,5408,1,2018,6
India,Jharkhand,Godda,224195,4067,1254,67,2018,2
India,Jharkhand,Gumla,536525,58922,27871,1,2018,1
India,Jharkhand,Hazaribagh,481712,41777,39730,5,2018,3
India,Jharkhand,Jamtara,180473,8,0,0,2018,0
India,Jharkhand,Khunti,277225,15381,1120,1,2018,2
India,Jharkhand,Kodarma,132242,18562,19552,1,2018,2
India,Jharkhand,Latehar,426444,102907,50236,19,2018,6
India,Jharkhand,Lohardaga,149986,25424,13408,3,2018,2
India,Jharkhand,Pakur,181513,1630,958,66,2018,1
India,Jharkhand,Palamu,445541,18227,12788,29,2018,0
India,Jharkhand,Pashchimi Singhbhum,723098,133283,79138,10,2018,124
India,Jharkhand,Purbi Singhbhum,357770,9110,2382,3,2018,1
India,Jharkhand,Ramgarh,134403,5646,3524,0,2018,1
India,Jharkhand,Ranchi,488387,9234,1856,0,2018,2
India,Jharkhand,Sahibganj,219886,3225,589,93,2018,1
India,Jharkhand,Saraikela-kharsawan,265341,8165,1240,1,2018,2
India,Jharkhand,Simdega,379142,11654,3014,0,2018,0
India,Karnataka,Bagalkot,655258,105,42,0,2018,0
India,Karnataka,Bangalore,217903,162,26,2,2018,0
India,Karnataka,Bangalore Rural,230303,137,33,1,2018,0
India,Karnataka,Belgaum,1333488,49040,38050,38,2018,11
India,Karnataka,Bellary,842531,1836,226,2,2018,0
India,Karnataka,Bidar,543342,52,16,0,2018,0
India,Karnataka,Bijapur,1048432,53,15,0,2018,0
India,Karnataka,Chamrajnagar,565361,116045,83039,42,2018,9
India,Karnataka,Chikballapura,422931,1462,988,3,2018,0
India,Karnataka,Chikmagalur,718838,323326,298783,1150,2018,385
India,Karnataka,Chitradurga,842881,416,8,0,2018,0
India,Karnataka,Dakshina Kannada,456123,281111,231209,638,2018,1072
India,Karnataka,Davanagere,660862,6521,346,6,2018,0
India,Karnataka,Dharwad,426092,464,1153,19,2018,0
India,Karnataka,Gadag,463089,15,1,0,2018,0
India,Karnataka,Gulbarga,1096303,48,10,0,2018,0
India,Karnataka,Hassan,679084,84418,62102,312,2018,345
India,Karnataka,Haveri,479411,587,321,15,2018,0
India,Karnataka,Kodagu,409587,308610,267919,818,2018,666
India,Karnataka,Kolar,397159,344,231,1,2018,0
India,Karnataka,Koppal,555591,14,7,7,2018,0
India,Karnataka,Mandya,492564,774,182,11,2018,0
India,Karnataka,Mysore,629741,70536,49242,92,2018,1
India,Karnataka,Raichur,843615,61,51,21,2018,0
India,Karnataka,Ramanagara,350745,2928,356,3,2018,0
India,Karnataka,Shimoga,773369,212771,134060,1093,2018,233
India,Karnataka,Tumkur,1059196,1426,314,7,2018,1
India,Karnataka,Udupi,390213,180568,137247,402,2018,665
India,Karnataka,Uttara Kannada,1027612,632365,575803,389,2018,149
India,Karnataka,Yadgir,526289,10,2,4,2018,0
India,Kerala,Alappuzha,124519,51188,46506,57,2018,17
India,Kerala,Ernakulam,225002,142323,115571,955,2018,478
India,Kerala,Idukki,499006,422964,413423,3789,2018,914
India,Kerala,Kannur,277392,220056,195713,302,2018,416
India,Kerala,Kasaragod,195107,107422,81572,231,2018,116
India,Kerala,Kollam,240436,193294,179738,2383,2018,597
India,Kerala,Kottayam,210255,158914,131488,431,2018,652
India,Kerala,Kozhikode,227197,161134,131968,156,2018,210
India,Kerala,Malappuram,349994,174081,128652,191,2018,701
India,Kerala,Palakkad,447188,216046,180783,692,2018,721
India,Kerala,Pathanamthitta,263424,235819,214996,828,2018,374
India,Kerala,Thiruvananthapuram,204253,153498,127197,1845,2018,427
India,Kerala,Thrissur,294081,191936,170228,866,2018,361
India,Kerala,Wayanad,212196,169547,159045,655,2018,290
India,Lakshadweep,Lakshadweep,3482,0,0,0,2018,0
India,Madhya Pradesh,Agar Malwa,276772,11,3,0,2018,0
India,Madhya Pradesh,Alirajpur,333104,526,41,0,2018,0
India,Madhya Pradesh,Anuppur,202588,5151,2964,0,2018,0
India,Madhya Pradesh,Ashoknagar,472393,353,150,3,2018,0
India,Madhya Pradesh,Balaghat,924893,318150,284474,110,2018,167
India,Madhya Pradesh,Barwani,542445,191,26,0,2018,0
India,Madhya Pradesh,Betul,1006834,44619,12942,15,2018,1
India,Madhya Pradesh,Bhind,447252,37,29,5,2018,0
India,Madhya Pradesh,Bhopal,272180,411,388,1,2018,0
India,Madhya Pradesh,Burhanpur,319674,304,101,0,2018,0
India,Madhya Pradesh,Chhatarpur,871307,9432,10557,37,2018,0
India,Madhya Pradesh,Chhindwara,1180484,47596,33573,19,2018,5
India,Madhya Pradesh,Damoh,735338,4141,3718,2,2018,0
India,Madhya Pradesh,Datia,252254,13,5,0,2018,0
India,Madhya Pradesh,Dewas,695694,683,550,0,2018,0
India,Madhya Pradesh,Dhar,813433,45,48,0,2018,0
India,Madhya Pradesh,Dindori,648866,165015,140518,13,2018,33
India,Madhya Pradesh,East Nimar,744494,2848,672,0,2018,0
India,Madhya Pradesh,Guna,629701,209,67,0,2018,0
India,Madhya Pradesh,Gwalior,458064,63,10,0,2018,0
India,Madhya Pradesh,Harda,331452,2518,1267,0,2018,0
India,Madhya Pradesh,Hoshangabad,670862,79045,47640,16,2018,11
India,Madhya Pradesh,Indore,390867,572,403,0,2018,0
India,Madhya Pradesh,Jabalpur,401166,8857,5026,2,2018,0
India,Madhya Pradesh,Jhabua,342698,9,2,0,2018,0
India,Madhya Pradesh,Katni,616355,20446,11180,17,2018,1
India,Madhya Pradesh,Mandla,677220,93818,90165,22,2018,1
India,Madhya Pradesh,Mandsaur,563118,66,10,0,2018,0
India,Madhya Pradesh,Morena,498479,60,23,2,2018,0
India,Madhya Pradesh,Narsimhapur,514459,17516,13262,4,2018,0
India,Madhya Pradesh,Neemuch,415427,39,11,0,2018,0
India,Madhya Pradesh,Panna,711358,11942,7857,13,2018,0
India,Madhya Pradesh,Raisen,849516,17063,21246,30,2018,0
India,Madhya Pradesh,Rajgarh,612022,44,39,0,2018,0
India,Madhya Pradesh,Ratlam,481618,33,6,0,2018,0
India,Madhya Pradesh,Rewa,631423,2701,3804,1,2018,0
India,Madhya Pradesh,Sagar,1025228,8268,4206,4,2018,0
India,Madhya Pradesh,Satna,750261,10327,5053,28,2018,0
India,Madhya Pradesh,Sehore,656297,4726,5166,6,2018,0
India,Madhya Pradesh,Seoni,875671,60198,52693,10,2018,36
India,Madhya Pradesh,Shahdol,831826,36032,26519,4,2018,2
India,Madhya Pradesh,Shajapur,352411,38,6,0,2018,0
India,Madhya Pradesh,Sheopur,652461,400,40,0,2018,0
India,Madhya Pradesh,Shivpuri,1046628,407,84,1,2018,0
India,Madhya Pradesh,Sidhi,478016,43220,33835,10,2018,0
India,Madhya Pradesh,Singrauli,578643,24183,22954,3,2018,1
India,Madhya Pradesh,Tikamgarh,506638,22,12,1,2018,0
India,Madhya Pradesh,Ujjain,608217,73,8,0,2018,0
India,Madhya Pradesh,Umaria,372591,32574,20399,10,2018,13
India,Madhya Pradesh,Vidisha,730295,2580,2838,0,2018,0
India,Madhya Pradesh,West Nimar,804393,504,174,0,2018,0
India,Maharashtra,Ahmadnagar,1613065,2155,685,0,2018,0
India,Maharashtra,Akola,551391,121,42,0,2018,0
India,Maharashtra,Amravati,1218596,37188,22756,1,2018,0
India,Maharashtra,Aurangabad,1009310,139,70,0,2018,0
India,Maharashtra,Bhandara,470048,29630,22796,10,2018,5
India,Maharashtra,Bid,1141360,18,8,0,2018,0
India,Maharashtra,Buldana,960383,562,217,0,2018,0
India,Maharashtra,Chandrapur,1130866,38431,26245,6,2018,48
India,Maharashtra,Dhule,716652,292,76,0,2018,0
India,Maharashtra,Garhchiroli,1446063,565777,532217,86,2018,294
India,Maharashtra,Gondiya,463678,77177,66986,14,2018,64
India,Maharashtra,Hingoli,468553,51,13,0,2018,0
India,Maharashtra,Jalgaon,1174820,1357,485,0,2018,0
India,Maharashtra,Jalna,777897,9,3,0,2018,0
India,Maharashtra,Kolhapur,765441,64263,50160,19,2018,35
India,Maharashtra,Latur,723325,84,9,0,2018,0
India,Maharashtra,Mumbai City,6798,2,0,0,2018,0
India,Maharashtra,Mumbai Suburban,41216,913,1816,0,2018,0
India,Maharashtra,Nagpur,992630,17895,13709,2,2018,5
India,Maharashtra,Nanded,1058842,2209,2191,0,2018,0
India,Maharashtra,Nandurbar,593190,1224,128,0,2018,0
India,Maharashtra,Nashik,1550954,2520,769,1,2018,0
India,Maharashtra,Osmanabad,755003,31,8,0,2018,0
India,Maharashtra,Palghar,532756,12058,9783,1,2018,0
India,Maharashtra,Parbhani,632812,56,11,0,2018,0
India,Maharashtra,Pune,1560120,20505,7436,2,2018,2
India,Maharashtra,Raigarh,701070,28536,9898,3,2018,1
India,Maharashtra,Ratnagiri,846264,33833,24447,9,2018,12
India,Maharashtra,Sangli,853492,4437,5233,0,2018,0
India,Maharashtra,Satara,1046855,27561,26313,2,2018,1
India,Maharashtra,Sindhudurg,517121,96181,50568,62,2018,338
India,Maharashtra,Solapur,1486719,67,13,0,2018,0
India,Maharashtra,Thane,423883,6043,3295,1,2018,0
India,Maharashtra,Wardha,630912,578,35,0,2018,0
India,Maharashtra,Washim,519150,104,20,0,2018,0
India,Maharashtra,Yavatmal,1352653,1395,760,0,2018,0
India,Manipur,Bishnupur,48080,1740,2108,41,2018,14
India,Manipur,Chandel,318641,269516,271928,8411,2018,1935
India,Manipur,Churachandpur,471866,405634,397101,9196,2018,5355
India,Manipur,Imphal East,59830,18726,19984,132,2018,136
India,Manipur,Imphal West,48793,4009,4525,57,2018,48
India,Manipur,Senapati,348452,241261,254278,1584,2018,1200
India,Manipur,Tamenglong,419673,386378,366470,6339,2018,3922
India,Manipur,Thoubal,71407,6569,8341,90,2018,53
India,Manipur,Ukhrul,445329,369843,383303,7931,2018,2262
India,Meghalaya,East Garo Hills,218567,179466,163589,2813,2018,1975
India,Meghalaya,East Khasi Hills,286198,179569,180921,716,2018,632
India,Meghalaya,Jaintia Hills,382407,272720,268991,1754,2018,2238
India,Meghalaya,North Garo Hills,61123,40202,33277,175,2018,159
India,Meghalaya,Ri Bhoi,238512,190725,179250,1685,2018,1919
India,Meghalaya,South Garo Hills,184901,162994,155050,2463,2018,1249
India,Meghalaya,South West Garo Hills,51848,24712,19344,485,2018,34
India,Meghalaya,South West Khasi Hills,142031,101167,99795,938,2018,610
India,Meghalaya,West Garo Hills,304369,219605,181181,3872,2018,2450
India,Meghalaya,West Khasi Hills,381666,312728,311386,4233,2018,3677
India,Mizoram,Aizawl,345326,318685,295653,4861,2018,4220
India,Mizoram,Champhai,343485,298619,288526,12121,2018,5505
India,Mizoram,Kolasib,134891,125638,118388,885,2018,609
India,Mizoram,Lawangtlai,204674,176551,164321,660,2018,2770
India,Mizoram,Lunglei,455319,422560,390114,2812,2018,5436
India,Mizoram,Mamit,307947,293143,271709,1490,2018,2537
India,Mizoram,Saiha,197696,179646,171250,965,2018,1793
India,Mizoram,Serchhip,135837,117116,110274,2492,2018,1881
India,NCT of Delhi,West,150220,263,122,2,2018,0
India,Nagaland,Dimapur,86683,48008,47284,567,2018,300
India,Nagaland,Kiphire,112226,76884,81496,2438,2018,940
India,Nagaland,Kohima,131049,113206,112344,1181,2018,613
India,Nagaland,Longleng,58857,46310,45195,3993,2018,683
India,Nagaland,Mokokchung,160570,135765,136223,9544,2018,810
India,Nagaland,Mon,216824,175757,171643,8986,2018,2988
India,Nagaland,Peren,168370,153322,150576,3445,2018,1391
India,Nagaland,Phek,191044,138636,151738,1311,2018,793
India,Nagaland,Tuensang,214332,163570,160823,6000,2018,2922
India,Nagaland,Wokha,162641,134385,131483,3190,2018,1374
India,Nagaland,Zunheboto,157366,124499,128062,3311,2018,1853
India,Odisha,Anugul,637420,147440,91636,6,2018,37
India,Odisha,Balangir,657722,21125,7843,4,2018,1
India,Odisha,Baleshwar,370526,8669,2339,6,2018,0
India,Odisha,Bargarh,580584,19856,11873,4,2018,0
India,Odisha,Bauda,312387,94961,69469,32,2018,10
India,Odisha,Bhadrak,245295,122,18,0,2018,0
India,Odisha,Cuttack,394435,20532,6500,0,2018,0
India,Odisha,Debagarh,281405,60859,46069,4,2018,7
India,Odisha,Dhenkanal,448128,34340,12465,2,2018,3
India,Odisha,Gajapati,406805,163314,117932,87,2018,2019
India,Odisha,Ganjam,838046,161507,109710,36,2018,498
India,Odisha,Jagatsinghapur,167105,77,12,0,2018,0
India,Odisha,Jajapur,290367,4074,2310,0,2018,0
India,Odisha,Jharsuguda,212024,2842,3758,3,2018,0
India,Odisha,Kalahandi,791570,160738,107293,624,2018,1243
India,Odisha,Kandhamal,806513,442907,364535,2967,2018,3115
India,Odisha,Kendrapara,248250,58,13,0,2018,0
India,Odisha,Kendujhar,832369,111738,67637,33,2018,440
India,Odisha,Khordha,275639,15903,4978,0,2018,23
India,Odisha,Koraput,858243,105476,88021,115,2018,615
India,Odisha,Malkangiri,583117,122556,79929,54,2018,263
India,Odisha,Mayurbhanj,1045106,220030,163423,8,2018,18
India,Odisha,Nabarangapur,530817,29098,20600,10,2018,43
India,Odisha,Nayagarh,389939,120024,62714,2,2018,24
India,Odisha,Nuapada,387082,32953,24937,1,2018,2
India,Odisha,Puri,350223,376,36,0,2018,0
India,Odisha,Rayagada,738185,215343,153190,295,2018,1184
India,Odisha,Sambalpur,674416,168907,136091,9,2018,3
India,Odisha,Subarnapur,236169,5721,2533,0,2018,0
India,Odisha,Sundargarh,973917,188647,158696,17,2018,242
India,Puducherry,Karaikal,19216,35,308,2,2018,0
India,Puducherry,Mahe,12834,6855,4980,6,2018,10
India,Puducherry,Puducherry,19529,19,264,2,2018,0
India,Puducherry,Yanam,3154,2,5,0,2018,0
India,Punjab,Amritsar,261222,377,432,6,2018,0
India,Punjab,Barnala,148257,320,4,0,2018,0
India,Punjab,Bathinda,336278,139,7,0,2018,0
India,Punjab,Faridkot,144767,75,0,0,2018,0
India,Punjab,Fatehgarh Sahib,117323,202,191,1,2018,0
India,Punjab,Fazilka,271964,87,3,0,2018,0
India,Punjab,Firozpur,250041,642,145,1,2018,0
India,Punjab,Gurdaspur,257822,347,502,8,2018,0
India,Punjab,Hoshiarpur,336023,36187,35452,102,2018,1
India,Punjab,Jalandhar,260276,36,24,0,2018,0
India,Punjab,Kapurthala,165789,563,284,4,2018,0
India,Punjab,Ludhiana,356965,1649,860,6,2018,0
India,Punjab,Mansa,220700,33,18,0,2018,0
India,Punjab,Moga,230248,779,15,0,2018,0
India,Punjab,Muktsar,259888,35,2,0,2018,0
India,Punjab,Pathankot,99880,11476,11764,118,2018,7
India,Punjab,Patiala,333599,1592,2279,9,2018,0
India,Punjab,Rupnagar,138152,10695,8336,44,2018,0
India,Punjab,Sahibzada Ajit Singh Nagar,108846,7882,7151,18,2018,0
India,Punjab,Sangrur,360325,296,209,2,2018,0
India,Punjab,Shahid Bhagat Singh Nagar,129603,1155,1502,10,2018,0
India,Punjab,Tarn Taran,234611,133,163,3,2018,0
India,Rajasthan,Ajmer,864832,2,0,0,2018,0
India,Rajasthan,Alwar,829131,4301,1955,46,2018,0
India,Rajasthan,Banswara,448765,44,12,0,2018,0
India,Rajasthan,Baran,682336,75,3,0,2018,0
India,Rajasthan,Barmer,2831742,0,0,0,2018,0
India,Rajasthan,Bharatpur,505079,543,402,7,2018,0
India,Rajasthan,Bhilwara,1044866,8,1,0,2018,0
India,Rajasthan,Bikaner,2692523,0,0,0,2018,0
India,Rajasthan,Bundi,557361,18,0,0,2018,0
India,Rajasthan,Chittaurgarh,757295,38,1,2,2018,0
India,Rajasthan,Churu,1705000,0,0,0,2018,0
India,Rajasthan,Dausa,358982,21,32,7,2018,0
India,Rajasthan,Dhaulpur,302532,43,20,0,2018,0
India,Rajasthan,Dungarpur,377631,12,2,0,2018,0
India,Rajasthan,Ganganagar,1166503,18,0,0,2018,0
India,Rajasthan,Hanumangarh,890122,1,0,0,2018,0
India,Rajasthan,Jaipur,1124440,250,114,5,2018,0
India,Rajasthan,Jaisalmer,3857174,0,0,0,2018,0
India,Rajasthan,Jalor,1070386,0,0,0,2018,0
India,Rajasthan,Jhalawar,624795,16,3,0,2018,0
India,Rajasthan,Jhunjhunun,591310,12,1,0,2018,0
India,Rajasthan,Jodhpur,2280202,0,0,0,2018,0
India,Rajasthan,Karauli,518220,40,116,12,2018,0
India,Rajasthan,Kota,550289,41,2,0,2018,0
India,Rajasthan,Nagaur,1764675,0,0,0,2018,0
India,Rajasthan,Pali,1232336,32,15,0,2018,0
India,Rajasthan,Pratapgarh,429766,62,16,0,2018,0
India,Rajasthan,Rajsamand,459177,100,85,0,2018,0
India,Rajasthan,Sawai Madhopur,467033,63,1,0,2018,0
India,Rajasthan,Sikar,768138,15,1,0,2018,0
India,Rajasthan,Sirohi,513533,1992,324,0,2018,0
India,Rajasthan,Tonk,723904,3,0,0,2018,0
India,Rajasthan,Udaipur,1200020,4288,1011,0,2018,0
India,Sikkim,East Sikkim,94656,54725,57243,28,2018,16
India,Sikkim,North Sikkim,424153,101793,94756,14,2018,23
India,Sikkim,South Sikkim,73171,39736,43238,6,2018,13
India,Sikkim,West Sikkim,116327,54197,58525,22,2018,10
India,Tamil Nadu,Ariyalur,195050,179,123,6,2018,0
India,Tamil Nadu,Chennai,19496,24,49,0,2018,0
India,Tamil Nadu,Coimbatore,381876,106394,99049,630,2018,124
India,Tamil Nadu,Cuddalore,381529,567,3119,30,2018,1
India,Tamil Nadu,Dharmapuri,451289,60229,40216,20,2018,7
India,Tamil Nadu,Dindigul,605693,131707,117953,1393,2018,123
India,Tamil Nadu,Erode,597195,110441,75879,31,2018,7
India,Tamil Nadu,Kancheepuram,465580,884,432,2,2018,2
India,Tamil Nadu,Kanniyakumari,159095,94368,73746,729,2018,903
India,Tamil Nadu,Karur,288912,2034,1747,16,2018,0
India,Tamil Nadu,Krishnagiri,513456,22659,9827,20,2018,1
India,Tamil Nadu,Madurai,368763,20142,12710,87,2018,2
India,Tamil Nadu,Nagappattinam,240430,2545,5577,43,2018,11
India,Tamil Nadu,Namakkal,340077,26491,18764,75,2018,23
India,Tamil Nadu,Perambalur,175214,6038,4306,0,2018,1
India,Tamil Nadu,Pudukkottai,469005,429,2027,35,2018,0
India,Tamil Nadu,Ramanathapuram,426072,1106,1433,4,2018,1
India,Tamil Nadu,Salem,521044,69377,48800,162,2018,51
India,Tamil Nadu,Sivaganga,406634,719,2896,40,2018,2
India,Tamil Nadu,Thanjavur,339136,6027,5306,127,2018,10
India,Tamil Nadu,The Nilgiris,254621,161439,142481,976,2018,532
India,Tamil Nadu,Theni,284519,68470,59469,295,2018,20
India,Tamil Nadu,Thiruvallur,330691,878,6890,14,2018,1
India,Tamil Nadu,Thiruvarur,251518,5829,11729,55,2018,1
India,Tamil Nadu,Thoothukkudi,471255,7328,2740,17,2018,1
India,Tamil Nadu,Tiruchirappalli,450426,19990,12920,64,2018,28
India,Tamil Nadu,Tirunelveli,677048,122641,101337,292,2018,24
India,Tamil Nadu,Tiruppur,579045,35152,29946,129,2018,15
India,Tamil Nadu,Tiruvannamalai,618357,53147,39589,7,2018,27
India,Tamil Nadu,Vellore,606757,52516,36387,13,2018,12
India,Tamil Nadu,Viluppuram,729374,26944,21438,82,2018,98
India,Tamil Nadu,Virudunagar,428927,13827,9721,44,2018,0
India,Telangana,Adilabad,1604386,43451,45576,1,2018,0
India,Telangana,Hyderabad,17802,7,0,0,2018,0
India,Telangana,Karimnagar,1190025,33293,27498,4,2018,9
India,Telangana,Khammam,1610018,420082,323300,263,2018,409
India,Telangana,Mahbubnagar,1837327,16103,10164,7,2018,0
India,Telangana,Medak,975732,310,48,0,2018,0
India,Telangana,Nalgonda,1409411,393,362,55,2018,0
India,Telangana,Nizamabad,790786,5468,3355,0,2018,0
India,Telangana,Ranga Reddy,754836,86,8,0,2018,0
India,Telangana,Warangal,1280889,144423,93032,23,2018,42
India,Tripura,Dhalai,243285,196775,179288,243,2018,3415
India,Tripura,Gomati,141064,92622,78803,92,2018,820
India,Tripura,Khowai,103448,64933,53587,77,2018,508
India,Tripura,North Tripura,131984,95513,85079,207,2018,1107
India,Tripura,Sipahijala,102396,44035,31352,173,2018,83
India,Tripura,South Tripura,152454,84216,68592,115,2018,841
India,Tripura,Unokoti,77444,50734,41125,90,2018,400
India,Tripura,West Tripura,101551,40464,31891,180,2018,86
India,Uttar Pradesh,Agra,352635,1111,433,9,2018,0
India,Uttar Pradesh,Aligarh,386530,269,234,2,2018,0
India,Uttar Pradesh,Allahabad,514803,109,1798,87,2018,0
India,Uttar Pradesh,Ambedkar Nagar,232472,190,2167,34,2018,0
India,Uttar Pradesh,Amethi,330740,180,3026,42,2018,0
India,Uttar Pradesh,Amroha,251713,225,224,9,2018,0
India,Uttar Pradesh,Auraiya,217850,52,54,2,2018,0
India,Uttar Pradesh,Azamgarh,389662,399,3073,53,2018,0
India,Uttar Pradesh,Baghpat,133245,118,759,29,2018,0
India,Uttar Pradesh,Bahraich,368710,29878,23583,83,2018,0
India,Uttar Pradesh,Ballia,300802,152,3476,22,2018,0
India,Uttar Pradesh,Balrampur,336719,42532,40338,194,2018,0
India,Uttar Pradesh,Banda,451968,158,1145,3,2018,0
India,Uttar Pradesh,Barabanki,443233,439,1197,33,2018,0
India,Uttar Pradesh,Bareilly,378328,72,251,10,2018,0
India,Uttar Pradesh,Basti,251766,171,697,7,2018,0
India,Uttar Pradesh,Bijnor,431434,15649,15499,108,2018,47
India,Uttar Pradesh,Budaun,420899,86,113,4,2018,0
India,Uttar Pradesh,Bulandshahr,357886,101,37,3,2018,0
India,Uttar Pradesh,Chandauli,253552,1556,7401,189,2018,0
India,Uttar Pradesh,Chitrakoot,308393,5790,5255,26,2018,0
India,Uttar Pradesh,Deoria,255677,321,1221,10,2018,0
India,Uttar Pradesh,Etah,250079,120,115,2,2018,0
India,Uttar Pradesh,Etawah,215276,531,454,13,2018,0
India,Uttar Pradesh,Faizabad,209951,186,856,18,2018,0
India,Uttar Pradesh,Farrukhabad,218442,353,417,3,2018,0
India,Uttar Pradesh,Fatehpur,417684,14,65,2,2018,0
India,Uttar Pradesh,Firozabad,284638,426,155,4,2018,0
India,Uttar Pradesh,Gautam Buddha Nagar,138611,8,7,0,2018,0
India,Uttar Pradesh,Ghaziabad,87238,15,36,0,2018,0
India,Uttar Pradesh,Ghazipur,338598,527,9953,117,2018,0
India,Uttar Pradesh,Gonda,400797,3583,5474,28,2018,0
India,Uttar Pradesh,Gorakhpur,306670,1170,2561,17,2018,0
India,Uttar Pradesh,Hamirpur,426283,251,26,1,2018,0
India,Uttar Pradesh,Hapur,110314,33,25,1,2018,0
India,Uttar Pradesh,Hardoi,601016,1430,532,44,2018,0
India,Uttar Pradesh,Hathras,162087,113,52,1,2018,0
India,Uttar Pradesh,Jalaun,456365,32,4,0,2018,0
India,Uttar Pradesh,Jaunpur,403582,104,1442,23,2018,0
India,Uttar Pradesh,Jhansi,506579,161,35,0,2018,0
India,Uttar Pradesh,Kannauj,207454,139,16,3,2018,0
India,Uttar Pradesh,Kanpur Dehat,316373,26,84,4,2018,0
India,Uttar Pradesh,Kanpur Nagar,292815,65,55,1,2018,0
India,Uttar Pradesh,Kasganj,197603,280,150,2,2018,0
India,Uttar Pradesh,Kaushambi,210356,11,338,8,2018,0
India,Uttar Pradesh,Kushinagar,288811,531,749,2,2018,0
India,Uttar Pradesh,Lakhimpur Kheri,770148,94748,78902,302,2018,0
India,Uttar Pradesh,Lalitpur,504678,2496,623,4,2018,0
India,Uttar Pradesh,Lucknow,253976,1160,1453,103,2018,0
India,Uttar Pradesh,Maharajganj,318731,31937,35386,72,2018,0
India,Uttar Pradesh,Mahoba,283604,111,116,1,2018,0
India,Uttar Pradesh,Mainpuri,275040,148,137,4,2018,0
India,Uttar Pradesh,Mathura,337399,304,568,2,2018,0
India,Uttar Pradesh,Mau,206654,176,2088,15,2018,0
India,Uttar Pradesh,Meerut,260507,729,710,4,2018,0
India,Uttar Pradesh,Mirzapur,451742,76,126,2,2018,0
India,Uttar Pradesh,Moradabad,210602,62,167,8,2018,0
India,Uttar Pradesh,Muzaffarnagar,273061,336,1206,27,2018,0
India,Uttar Pradesh,Pilibhit,359157,51081,50411,89,2018,15
India,Uttar Pradesh,Pratapgarh,371568,115,984,17,2018,0
India,Uttar Pradesh,Rae Bareli,327076,73,496,10,2018,0
India,Uttar Pradesh,Rampur,257084,3333,3481,26,2018,0
India,Uttar Pradesh,Saharanpur,372025,19899,17358,50,2018,0
India,Uttar Pradesh,Sambhal,213644,19,1,0,2018,0
India,Uttar Pradesh,Sant Kabir Nagar,132684,182,964,16,2018,0
India,Uttar Pradesh,Sant Ravi Das Nagar,100916,16,181,8,2018,0
India,Uttar Pradesh,Shahjahanpur,465191,5698,5281,29,2018,0
India,Uttar Pradesh,Shamli,131834,222,327,10,2018,0
India,Uttar Pradesh,Shravasti,315223,29554,26449,126,2018,4
India,Uttar Pradesh,Siddharth Nagar,347860,721,2477,9,2018,0
India,Uttar Pradesh,Sitapur,578044,1843,905,175,2018,0
India,Uttar Pradesh,Sonbhadra,678916,4879,1358,2,2018,0
India,Uttar Pradesh,Sultanpur,246165,90,1438,16,2018,0
India,Uttar Pradesh,Unnao,459854,243,709,46,2018,0
India,Uttar Pradesh,Varanasi,155118,54,47,2,2018,0
India,Uttarakhand,Almora,310201,112210,83294,188,2018,2
India,Uttarakhand,Bageshwar,228123,79668,58991,4,2018,1
India,Uttarakhand,Chamoli,792867,192909,152828,19,2018,20
India,Uttarakhand,Champawat,168452,118482,115597,521,2018,80
India,Uttarakhand,Dehradun,306702,156029,150809,52,2018,18
India,Uttarakhand,Garhwal,545564,291677,261345,120,2018,21
India,Uttarakhand,Hardwar,238572,25703,24158,211,2018,0
India,Uttarakhand,Nainital,406379,297778,287829,3809,2018,380
India,Uttarakhand,Pithoragarh,732913,124243,89944,33,2018,8
India,Uttarakhand,Rudraprayag,121405,46549,38960,6,2018,5
India,Uttarakhand,Tehri Garhwal,438890,216898,212079,72,2018,31
India,Uttarakhand,Udham Singh Nagar,286233,54957,57103,955,2018,46
India,Uttarakhand,Uttarkashi,804550,231737,198289,63,2018,11
India,West Bengal,Alipurduar,280176,118440,83490,660,2018,174
India,West Bengal,Bankura,696472,423,15,27,2018,0
India,West Bengal,Barddhaman,704144,190,172,4,2018,0
India,West Bengal,Birbhum,455570,7,96,1,2018,0
India,West Bengal,Dakshin Dinajpur,211766,122,160,1,2018,0
India,West Bengal,Darjiling,314436,152184,156762,399,2018,41
India,West Bengal,Haora,144036,1435,922,2,2018,0
India,West Bengal,Hugli,315210,1188,244,0,2018,0
India,West Bengal,Jalpaiguri,338376,67359,49856,480,2018,49
India,West Bengal,Koch Bihar,338718,14449,8297,172,2018,5
India,West Bengal,Kolkata,9162,35,3,0,2018,0
India,West Bengal,Maldah,361110,212,147,10,2018,0
India,West Bengal,Murshidabad,541121,357,173,3,2018,0
India,West Bengal,Nadia,392088,2000,790,1,2018,1
India,West Bengal,North 24 Parganas,581554,35148,26531,0,2018,1
India,West Bengal,Pashchim Medinipur,940038,1560,174,72,2018,2
India,West Bengal,Purba Medinipur,398147,850,253,1,2018,0
India,West Bengal,Puruliya,625675,3124,117,1,2018,0
India,West Bengal,South 24 Parganas,552715,4568,3307,0,2018,0
India,West Bengal,Uttar Dinajpur,336010,4269,375,208,2018,10
India,Andaman and Nicobar,Nicobar Islands,172679,147634,144925,1587,2019,39
India,Andaman and Nicobar,North and Middle Andaman,340652,310759,308793,2600,2019,63
India,Andaman and Nicobar,South Andaman,247753,226008,225722,1658,2019,61
India,Andhra Pradesh,Anantapur,1922649,517,111,14,2019,0
India,Andhra Pradesh,Chittoor,1516880,81831,56859,218,2019,16
India,Andhra Pradesh,East Godavari,1075476,310205,284237,537,2019,808
India,Andhra Pradesh,Guntur,1141089,23783,57053,211,2019,4
India,Andhra Pradesh,Krishna,861607,17233,32054,57,2019,6
India,Andhra Pradesh,Kurnool,1777836,59574,40932,15,2019,1
India,Andhra Pradesh,Nellore,1301782,20837,28123,480,2019,6
India,Andhra Pradesh,Prakasam,1779564,79027,62790,158,2019,1
India,Andhra Pradesh,Srikakulam,627635,32693,20281,49,2019,31
India,Andhra Pradesh,Visakhapatnam,1137192,300879,241668,501,2019,752
India,Andhra Pradesh,Vizianagaram,572603,49147,37843,36,2019,201
India,Andhra Pradesh,West Godavari,775702,60575,58435,159,2019,75
India,Andhra Pradesh,Y.S.R.,1514967,69611,78628,109,2019,4
India,Arunachal Pradesh,Anjaw,651942,398495,369756,869,2019,230
India,Arunachal Pradesh,Changlang,503616,438332,431075,2788,2019,1011
India,Arunachal Pradesh,Dibang Valley,751403,391182,373790,461,2019,83
India,Arunachal Pradesh,East Kameng,409167,390145,385591,1758,2019,698
India,Arunachal Pradesh,East Siang,361698,290410,288417,3988,2019,686
India,Arunachal Pradesh,Kurung Kumey,572190,445717,424968,1687,2019,310
India,Arunachal Pradesh,Lohit,344025,271516,266067,3990,2019,935
India,Arunachal Pradesh,Longding,93352,78346,76441,3641,2019,952
India,Arunachal Pradesh,Lower Dibang Valley,556430,415248,395777,2827,2019,633
India,Arunachal Pradesh,Lower Subansiri,378817,360577,353607,3121,2019,526
India,Arunachal Pradesh,Namsai,42486,17668,16789,468,2019,113
India,Arunachal Pradesh,Papum Pare,353251,332915,327083,1728,2019,479
India,Arunachal Pradesh,Tawang,215022,101851,91644,88,2019,13
India,Arunachal Pradesh,Tirap,109276,100278,97211,1525,2019,428
India,Arunachal Pradesh,Upper Siang,701634,542210,539323,2566,2019,347
India,Arunachal Pradesh,Upper Subansiri,641172,508012,470378,3444,2019,490
India,Arunachal Pradesh,West Kameng,734287,551070,545555,897,2019,346
India,Arunachal Pradesh,West Siang,779775,673340,659039,11997,2019,1319
India,Assam,Baksa,239364,50158,45466,75,2019,26
India,Assam,Barpeta,227857,10844,13386,12,2019,1
India,Assam,Bongaigaon,112362,15343,13976,40,2019,6
India,Assam,Cachar,378676,219197,215588,598,2019,539
India,Assam,Chirang,118891,44423,42350,24,2019,10
India,Assam,Darrang,159926,7656,4845,26,2019,1
India,Assam,Dhemaji,253740,39030,37503,185,2019,29
India,Assam,Dhubri,278096,35918,17751,73,2019,86
India,Assam,Dibrugarh,339191,84744,77617,1595,2019,177
India,Assam,Dima Hasao,490917,434941,406980,6766,2019,3752
India,Assam,Goalpara,190100,21348,19886,58,2019,11
India,Assam,Golaghat,352585,49848,45910,1026,2019,52
India,Assam,Hailakandi,133352,68651,62917,273,2019,325
India,Assam,Jorhat,283776,49292,45600,943,2019,147
India,Assam,Kamrup,330488,96479,91075,288,2019,264
India,Assam,Kamrup Metropolitan,79666,28785,22733,100,2019,21
India,Assam,Karbi Anglong,1042664,789948,763795,6958,2019,4262
India,Assam,Karimganj,183306,74681,67823,235,2019,202
India,Assam,Kokrajhar,328978,109051,92428,155,2019,530
India,Assam,Lakhimpur,295203,53192,50368,413,2019,79
India,Assam,Morigaon,155363,10518,9080,25,2019,2
India,Assam,Nagaon,399001,77488,72138,443,2019,84
India,Assam,Nalbari,107600,11154,12942,2,2019,0
India,Assam,Sivasagar,263352,66061,58876,1211,2019,116
India,Assam,Sonitpur,528686,98395,84143,2521,2019,148
India,Assam,Tinsukia,379304,170120,170440,5279,2019,403
India,Assam,Udalguri,196790,32871,19883,548,2019,41
India,Bihar,Araria,281932,561,922,4,2019,0
India,Bihar,Arwal,66615,392,1880,14,2019,0
India,Bihar,Aurangabad,328198,875,630,5,2019,0
India,Bihar,Banka,309145,51,10,0,2019,0
India,Bihar,Begusarai,193928,196,271,1,2019,0
India,Bihar,Bhagalpur,256033,66,498,6,2019,0
India,Bihar,Bhojpur,237388,5464,22320,279,2019,0
India,Bihar,Buxar,170992,2040,5315,96,2019,0
India,Bihar,Darbhanga,228940,969,2839,15,2019,0
India,Bihar,Gaya,496554,2110,2748,2,2019,0
India,Bihar,Gopalganj,204094,175,2320,12,2019,0
India,Bihar,Jamui,308302,8863,2972,0,2019,0
India,Bihar,Jehanabad,93892,169,297,3,2019,0
India,Bihar,Kaimur,335075,4156,7422,89,2019,0
India,Bihar,Katihar,306233,107,223,8,2019,0
India,Bihar,Khagaria,149147,67,103,1,2019,0
India,Bihar,Kishanganj,193427,624,158,27,2019,0
India,Bihar,Lakhisarai,133641,7420,2606,11,2019,2
India,Bihar,Madhepura,183827,64,219,3,2019,0
India,Bihar,Madhubani,344146,3316,7618,25,2019,0
India,Bihar,Munger,136969,13748,10808,56,2019,0
India,Bihar,Muzaffarpur,318646,437,5012,8,2019,0
India,Bihar,Nalanda,233710,439,1645,4,2019,0
India,Bihar,Nawada,248578,9253,10478,1,2019,0
India,Bihar,Pashchim Champaran,523188,80413,80361,123,2019,1
India,Bihar,Patna,320539,1515,8189,38,2019,0
India,Bihar,Purba Champaran,399105,710,4891,6,2019,0
India,Bihar,Purnia,324600,128,133,6,2019,0
India,Bihar,Rohtas,386837,6235,7191,116,2019,0
India,Bihar,Saharsa,168897,153,215,4,2019,0
India,Bihar,Samastipur,290579,137,388,1,2019,0
India,Bihar,Saran,264523,223,3009,6,2019,0
India,Bihar,Sheikhpura,60405,9,18,0,2019,0
India,Bihar,Sheohar,57459,302,1358,6,2019,0
India,Bihar,Sitamarhi,205458,584,3341,7,2019,0
India,Bihar,Siwan,222545,223,3506,14,2019,0
India,Bihar,Supaul,238732,1517,2457,18,2019,0
India,Bihar,Vaishali,200961,132,1190,3,2019,0
India,Chandigarh,Chandigarh,11812,702,935,10,2019,0
India,Chhattisgarh,Balod,275414,16919,25869,3,2019,3
India,Chhattisgarh,Baloda Bazar,468572,25143,46646,1,2019,1
India,Chhattisgarh,Balrampur,633124,115996,64274,6,2019,4
India,Chhattisgarh,Bastar,591945,130358,118812,8,2019,191
India,Chhattisgarh,Bemetara,286904,44,29,0,2019,0
India,Chhattisgarh,Bijapur,879329,540837,498772,158,2019,260
India,Chhattisgarh,Bilaspur,555476,52822,34569,2,2019,1
India,Chhattisgarh,Dantewada,298090,88405,78733,17,2019,406
India,Chhattisgarh,Dhamtari,406306,84698,87870,1,2019,18
India,Chhattisgarh,Durg,298982,30,22,0,2019,0
India,Chhattisgarh,Gariaband,422957,110487,99238,1,2019,34
India,Chhattisgarh,Janjgir-Champa,387475,812,532,0,2019,0
India,Chhattisgarh,Jashpur,582341,73535,52235,2,2019,4
India,Chhattisgarh,Kabeerdham,422230,68990,63598,13,2019,8
India,Chhattisgarh,Kondagaon,509911,101269,93982,6,2019,47
India,Chhattisgarh,Korba,660932,134282,84264,2,2019,25
India,Chhattisgarh,Koriya,663712,115888,79594,1,2019,0
India,Chhattisgarh,Mahasamund,475380,7215,13348,3,2019,0
India,Chhattisgarh,Mungeli,278450,74732,52071,3,2019,0
India,Chhattisgarh,Narayanpur,392992,271260,249478,446,2019,1164
India,Chhattisgarh,Raigarh,708412,55534,39766,4,2019,0
India,Chhattisgarh,Raipur,353390,370,888,0,2019,0
India,Chhattisgarh,Rajnandgaon,806554,113121,117362,50,2019,15
India,Chhattisgarh,Sukma,525060,150881,108640,44,2019,49
India,Chhattisgarh,Surajpur,544120,70867,40372,1,2019,0
India,Chhattisgarh,Surguja,399359,51150,32745,1,2019,2
India,Chhattisgarh,Uttar Bastar Kanker,715735,207926,200686,55,2019,128
India,Dadra and Nagar Haveli,Dadra and Nagar Haveli,49152,457,259,0,2019,0
India,Daman and Diu,Daman,5831,17,3,0,2019,0
India,Daman and Diu,Diu,2523,0,0,0,2019,0
India,Goa,North Goa,170604,41915,26028,1,2019,24
India,Goa,South Goa,198964,104551,90798,89,2019,18
India,Gujarat,Ahmadabad,773436,60,8,0,2019,0
India,Gujarat,Amreli,735510,5,1,0,2019,0
India,Gujarat,Anand,287832,46,7,0,2019,0
India,Gujarat,Aravalli,325245,10,2,1,2019,0
India,Gujarat,Banas Kantha,1061522,121,10,0,2019,0
India,Gujarat,Bharuch,543453,105,9,0,2019,0
India,Gujarat,Bhavnagar,677448,95,19,0,2019,0
India,Gujarat,Botad,162060,0,0,0,2019,0
India,Gujarat,Chhota Udaipur,368590,52,26,0,2019,0
India,Gujarat,Dahod,385651,310,44,0,2019,0
India,Gujarat,Devbhumi Dwarka,456016,17,0,0,2019,0
India,Gujarat,Gandhinagar,172338,1,0,0,2019,0
India,Gujarat,Gir Somnath,170164,15,1,6,2019,0
India,Gujarat,Jamnagar,670502,34,0,0,2019,0
India,Gujarat,Junagadh,702843,487,174,1,2019,0
India,Gujarat,Kachchh,4220838,33,2,0,2019,0
India,Gujarat,Kheda,398303,30,1,0,2019,0
India,Gujarat,Mahesana,438831,2,0,0,2019,0
India,Gujarat,Mahisagar,233539,11,4,0,2019,0
India,Gujarat,Morbi,481031,12,1,0,2019,0
India,Gujarat,Narmada,256838,2533,447,0,2019,0
India,Gujarat,Navsari,218334,1297,1294,0,2019,0
India,Gujarat,Panch Mahals,267704,27,16,0,2019,0
India,Gujarat,Patan,601243,0,0,0,2019,0
India,Gujarat,Porbandar,231056,39,0,0,2019,0
India,Gujarat,Rajkot,760630,17,2,0,2019,0
India,Gujarat,Sabar Kantha,418769,132,29,0,2019,0
India,Gujarat,Surat,439791,623,281,0,2019,0
India,Gujarat,Surendranagar,920266,180,26,0,2019,0
India,Gujarat,Tapi,314442,1563,620,0,2019,0
India,Gujarat,The Dangs,171142,8716,2274,0,2019,0
India,Gujarat,Vadodara,405249,9,1,0,2019,0
India,Gujarat,Valsad,301394,1346,1722,0,2019,0
India,Haryana,Ambala,175294,1380,1576,18,2019,0
India,Haryana,Bhiwani,463529,56,11,0,2019,0
India,Haryana,Faridabad,125761,80,174,8,2019,0
India,Haryana,Fatehabad,239977,13,54,0,2019,0
India,Haryana,Gurgaon,128536,169,111,1,2019,0
India,Haryana,Hisar,416939,68,6,0,2019,0
India,Haryana,Jhajjar,211225,135,91,4,2019,0
India,Haryana,Jind,273318,248,78,1,2019,0
India,Haryana,Kaithal,230046,1056,928,1,2019,0
India,Haryana,Karnal,258463,21,7,0,2019,0
India,Haryana,Kurukshetra,183593,445,241,1,2019,0
India,Haryana,Mahendragarh,193665,8,2,0,2019,0
India,Haryana,Mewat,146554,104,138,1,2019,0
India,Haryana,Palwal,90451,89,31,0,2019,0
India,Haryana,Panchkula,73780,27504,25438,39,2019,6
India,Haryana,Panipat,122468,60,365,19,2019,0
India,Haryana,Rewari,125324,47,23,0,2019,0
India,Haryana,Rohtak,168545,79,54,1,2019,0
India,Haryana,Sirsa,423119,4,3,0,2019,0
India,Haryana,Sonipat,221338,63,200,6,2019,0
India,Haryana,Yamunanagar,130521,11018,10477,22,2019,0
India,Himachal Pradesh,Bilaspur,116606,34773,31610,25,2019,8
India,Himachal Pradesh,Chamba,646061,170243,123366,144,2019,21
India,Himachal Pradesh,Hamirpur,112145,49052,45948,54,2019,7
India,Himachal Pradesh,Kangra,570651,231326,216284,499,2019,26
India,Himachal Pradesh,Kinnaur,645578,27943,15186,13,2019,0
India,Himachal Pradesh,Kullu,550194,151529,111321,40,2019,42
India,Himachal Pradesh,Lahul & Spiti,1380877,2610,1146,13,2019,0
India,Himachal Pradesh,Mandi,394812,172547,157589,136,2019,20
India,Himachal Pradesh,Shimla,513204,216911,160881,34,2019,9
India,Himachal Pradesh,Sirmaur,280863,163102,155136,103,2019,9
India,Himachal Pradesh,Solan,195597,92486,78371,65,2019,13
India,Himachal Pradesh,Una,153760,54587,51087,52,2019,7
India,Jammu and Kashmir,Anantnag,270262,74418,54946,33,2019,0
India,Jammu and Kashmir,Badgam,117282,15438,13073,7,2019,0
India,Jammu and Kashmir,Bandipore,252774,47946,34308,14,2019,0
India,Jammu and Kashmir,Baramulla,239201,61349,54085,60,2019,0
India,Jammu and Kashmir,Doda,262526,109809,74548,68,2019,8
India,Jammu and Kashmir,Ganderbal,126196,25483,18496,13,2019,0
India,Jammu and Kashmir,Jammu,214895,22392,18948,26,2019,1
India,Jammu and Kashmir,Kargil,1477323,225,38,11,2019,0
India,Jammu and Kashmir,Kathua,261794,62001,56822,106,2019,1
India,Jammu and Kashmir,Kishtwar,767032,113304,73885,40,2019,2
India,Jammu and Kashmir,Kulgam,134333,25547,24919,33,2019,1
India,Jammu and Kashmir,Kupwara,274748,117992,99047,63,2019,6
India,Jammu and Kashmir,Leh (Ladakh),4908732,62,19,15,2019,0
India,Jammu and Kashmir,Poonch,167356,60015,53733,22,2019,1
India,Jammu and Kashmir,Pulwama,73389,12895,12422,16,2019,0
India,Jammu and Kashmir,Rajouri,254200,83983,69907,19,2019,0
India,Jammu and Kashmir,Ramban,90221,27560,22655,4,2019,0
India,Jammu and Kashmir,Reasi,208383,84644,76285,23,2019,1
India,Jammu and Kashmir,Samba,84362,6928,6182,5,2019,0
India,Jammu and Kashmir,Shupiyan,72418,18029,20804,18,2019,1
India,Jammu and Kashmir,Srinagar,62771,11936,9782,12,2019,0
India,Jammu and Kashmir,Udhampur,245808,91063,77516,68,2019,3
India,Jharkhand,Bokaro,286989,10615,6059,0,2019,0
India,Jharkhand,Chatra,375718,35924,33133,28,2019,2
India,Jharkhand,Deoghar,244100,59,4,0,2019,0
India,Jharkhand,Dhanbad,208382,674,186,0,2019,0
India,Jharkhand,Dumka,377426,3146,665,133,2019,2
India,Jharkhand,Garhwa,407829,29720,12630,28,2019,0
India,Jharkhand,Giridih,499661,8970,5408,1,2019,2
India,Jharkhand,Godda,224195,4067,1254,67,2019,7
India,Jharkhand,Gumla,536525,58922,27871,1,2019,4
India,Jharkhand,Hazaribagh,481712,41777,39730,5,2019,9
India,Jharkhand,Jamtara,180473,8,0,0,2019,0
India,Jharkhand,Khunti,277225,15381,1120,1,2019,5
India,Jharkhand,Kodarma,132242,18562,19552,1,2019,4
India,Jharkhand,Latehar,426444,102907,50236,19,2019,2
India,Jharkhand,Lohardaga,149986,25424,13408,3,2019,4
India,Jharkhand,Pakur,181513,1630,958,66,2019,1
India,Jharkhand,Palamu,445541,18227,12788,29,2019,0
India,Jharkhand,Pashchimi Singhbhum,723098,133283,79138,10,2019,114
India,Jharkhand,Purbi Singhbhum,357770,9110,2382,3,2019,0
India,Jharkhand,Ramgarh,134403,5646,3524,0,2019,0
India,Jharkhand,Ranchi,488387,9234,1856,0,2019,7
India,Jharkhand,Sahibganj,219886,3225,589,93,2019,2
India,Jharkhand,Saraikela-kharsawan,265341,8165,1240,1,2019,3
India,Jharkhand,Simdega,379142,11654,3014,0,2019,0
India,Karnataka,Bagalkot,655258,105,42,0,2019,0
India,Karnataka,Bangalore,217903,162,26,2,2019,0
India,Karnataka,Bangalore Rural,230303,137,33,1,2019,0
India,Karnataka,Belgaum,1333488,49040,38050,38,2019,22
India,Karnataka,Bellary,842531,1836,226,2,2019,0
India,Karnataka,Bidar,543342,52,16,0,2019,0
India,Karnataka,Bijapur,1048432,53,15,0,2019,0
India,Karnataka,Chamrajnagar,565361,116045,83039,42,2019,13
India,Karnataka,Chikballapura,422931,1462,988,3,2019,1
India,Karnataka,Chikmagalur,718838,323326,298783,1150,2019,329
India,Karnataka,Chitradurga,842881,416,8,0,2019,0
India,Karnataka,Dakshina Kannada,456123,281111,231209,638,2019,582
India,Karnataka,Davanagere,660862,6521,346,6,2019,0
India,Karnataka,Dharwad,426092,464,1153,19,2019,0
India,Karnataka,Gadag,463089,15,1,0,2019,0
India,Karnataka,Gulbarga,1096303,48,10,0,2019,0
India,Karnataka,Hassan,679084,84418,62102,312,2019,269
India,Karnataka,Haveri,479411,587,321,15,2019,0
India,Karnataka,Kodagu,409587,308610,267919,818,2019,284
India,Karnataka,Kolar,397159,344,231,1,2019,0
India,Karnataka,Koppal,555591,14,7,7,2019,0
India,Karnataka,Mandya,492564,774,182,11,2019,0
India,Karnataka,Mysore,629741,70536,49242,92,2019,1
India,Karnataka,Raichur,843615,61,51,21,2019,0
India,Karnataka,Ramanagara,350745,2928,356,3,2019,0
India,Karnataka,Shimoga,773369,212771,134060,1093,2019,210
India,Karnataka,Tumkur,1059196,1426,314,7,2019,0
India,Karnataka,Udupi,390213,180568,137247,402,2019,482
India,Karnataka,Uttara Kannada,1027612,632365,575803,389,2019,218
India,Karnataka,Yadgir,526289,10,2,4,2019,0
India,Kerala,Alappuzha,124519,51188,46506,57,2019,24
India,Kerala,Ernakulam,225002,142323,115571,955,2019,487
India,Kerala,Idukki,499006,422964,413423,3789,2019,898
India,Kerala,Kannur,277392,220056,195713,302,2019,309
India,Kerala,Kasaragod,195107,107422,81572,231,2019,128
India,Kerala,Kollam,240436,193294,179738,2383,2019,970
India,Kerala,Kottayam,210255,158914,131488,431,2019,659
India,Kerala,Kozhikode,227197,161134,131968,156,2019,97
India,Kerala,Malappuram,349994,174081,128652,191,2019,1142
India,Kerala,Palakkad,447188,216046,180783,692,2019,771
India,Kerala,Pathanamthitta,263424,235819,214996,828,2019,884
India,Kerala,Thiruvananthapuram,204253,153498,127197,1845,2019,432
India,Kerala,Thrissur,294081,191936,170228,866,2019,404
India,Kerala,Wayanad,212196,169547,159045,655,2019,213
India,Lakshadweep,Lakshadweep,3482,0,0,0,2019,0
India,Madhya Pradesh,Agar Malwa,276772,11,3,0,2019,0
India,Madhya Pradesh,Alirajpur,333104,526,41,0,2019,0
India,Madhya Pradesh,Anuppur,202588,5151,2964,0,2019,0
India,Madhya Pradesh,Ashoknagar,472393,353,150,3,2019,0
India,Madhya Pradesh,Balaghat,924893,318150,284474,110,2019,19
India,Madhya Pradesh,Barwani,542445,191,26,0,2019,0
India,Madhya Pradesh,Betul,1006834,44619,12942,15,2019,1
India,Madhya Pradesh,Bhind,447252,37,29,5,2019,0
India,Madhya Pradesh,Bhopal,272180,411,388,1,2019,0
India,Madhya Pradesh,Burhanpur,319674,304,101,0,2019,0
India,Madhya Pradesh,Chhatarpur,871307,9432,10557,37,2019,0
India,Madhya Pradesh,Chhindwara,1180484,47596,33573,19,2019,3
India,Madhya Pradesh,Damoh,735338,4141,3718,2,2019,0
India,Madhya Pradesh,Datia,252254,13,5,0,2019,0
India,Madhya Pradesh,Dewas,695694,683,550,0,2019,0
India,Madhya Pradesh,Dhar,813433,45,48,0,2019,0
India,Madhya Pradesh,Dindori,648866,165015,140518,13,2019,37
India,Madhya Pradesh,East Nimar,744494,2848,672,0,2019,0
India,Madhya Pradesh,Guna,629701,209,67,0,2019,0
India,Madhya Pradesh,Gwalior,458064,63,10,0,2019,0
India,Madhya Pradesh,Harda,331452,2518,1267,0,2019,0
India,Madhya Pradesh,Hoshangabad,670862,79045,47640,16,2019,1
India,Madhya Pradesh,Indore,390867,572,403,0,2019,0
India,Madhya Pradesh,Jabalpur,401166,8857,5026,2,2019,0
India,Madhya Pradesh,Jhabua,342698,9,2,0,2019,0
India,Madhya Pradesh,Katni,616355,20446,11180,17,2019,1
India,Madhya Pradesh,Mandla,677220,93818,90165,22,2019,24
India,Madhya Pradesh,Mandsaur,563118,66,10,0,2019,0
India,Madhya Pradesh,Morena,498479,60,23,2,2019,0
India,Madhya Pradesh,Narsimhapur,514459,17516,13262,4,2019,0
India,Madhya Pradesh,Neemuch,415427,39,11,0,2019,0
India,Madhya Pradesh,Panna,711358,11942,7857,13,2019,0
India,Madhya Pradesh,Raisen,849516,17063,21246,30,2019,0
India,Madhya Pradesh,Rajgarh,612022,44,39,0,2019,0
India,Madhya Pradesh,Ratlam,481618,33,6,0,2019,0
India,Madhya Pradesh,Rewa,631423,2701,3804,1,2019,0
India,Madhya Pradesh,Sagar,1025228,8268,4206,4,2019,0
India,Madhya Pradesh,Satna,750261,10327,5053,28,2019,0
India,Madhya Pradesh,Sehore,656297,4726,5166,6,2019,0
India,Madhya Pradesh,Seoni,875671,60198,52693,10,2019,0
India,Madhya Pradesh,Shahdol,831826,36032,26519,4,2019,0
India,Madhya Pradesh,Shajapur,352411,38,6,0,2019,0
India,Madhya Pradesh,Sheopur,652461,400,40,0,2019,0
India,Madhya Pradesh,Shivpuri,1046628,407,84,1,2019,0
India,Madhya Pradesh,Sidhi,478016,43220,33835,10,2019,0
India,Madhya Pradesh,Singrauli,578643,24183,22954,3,2019,0
India,Madhya Pradesh,Tikamgarh,506638,22,12,1,2019,0
India,Madhya Pradesh,Ujjain,608217,73,8,0,2019,0
India,Madhya Pradesh,Umaria,372591,32574,20399,10,2019,0
India,Madhya Pradesh,Vidisha,730295,2580,2838,0,2019,0
India,Madhya Pradesh,West Nimar,804393,504,174,0,2019,0
India,Maharashtra,Ahmadnagar,1613065,2155,685,0,2019,0
India,Maharashtra,Akola,551391,121,42,0,2019,0
India,Maharashtra,Amravati,1218596,37188,22756,1,2019,0
India,Maharashtra,Aurangabad,1009310,139,70,0,2019,0
India,Maharashtra,Bhandara,470048,29630,22796,10,2019,12
India,Maharashtra,Bid,1141360,18,8,0,2019,0
India,Maharashtra,Buldana,960383,562,217,0,2019,0
India,Maharashtra,Chandrapur,1130866,38431,26245,6,2019,25
India,Maharashtra,Dhule,716652,292,76,0,2019,0
India,Maharashtra,Garhchiroli,1446063,565777,532217,86,2019,567
India,Maharashtra,Gondiya,463678,77177,66986,14,2019,89
India,Maharashtra,Hingoli,468553,51,13,0,2019,0
India,Maharashtra,Jalgaon,1174820,1357,485,0,2019,0
India,Maharashtra,Jalna,777897,9,3,0,2019,0
India,Maharashtra,Kolhapur,765441,64263,50160,19,2019,7
India,Maharashtra,Latur,723325,84,9,0,2019,0
India,Maharashtra,Mumbai City,6798,2,0,0,2019,0
India,Maharashtra,Mumbai Suburban,41216,913,1816,0,2019,0
India,Maharashtra,Nagpur,992630,17895,13709,2,2019,17
India,Maharashtra,Nanded,1058842,2209,2191,0,2019,0
India,Maharashtra,Nandurbar,593190,1224,128,0,2019,0
India,Maharashtra,Nashik,1550954,2520,769,1,2019,0
India,Maharashtra,Osmanabad,755003,31,8,0,2019,0
India,Maharashtra,Palghar,532756,12058,9783,1,2019,1
India,Maharashtra,Parbhani,632812,56,11,0,2019,0
India,Maharashtra,Pune,1560120,20505,7436,2,2019,7
India,Maharashtra,Raigarh,701070,28536,9898,3,2019,4
India,Maharashtra,Ratnagiri,846264,33833,24447,9,2019,21
India,Maharashtra,Sangli,853492,4437,5233,0,2019,0
India,Maharashtra,Satara,1046855,27561,26313,2,2019,2
India,Maharashtra,Sindhudurg,517121,96181,50568,62,2019,274
India,Maharashtra,Solapur,1486719,67,13,0,2019,0
India,Maharashtra,Thane,423883,6043,3295,1,2019,0
India,Maharashtra,Wardha,630912,578,35,0,2019,0
India,Maharashtra,Washim,519150,104,20,0,2019,0
India,Maharashtra,Yavatmal,1352653,1395,760,0,2019,0
India,Manipur,Bishnupur,48080,1740,2108,41,2019,9
India,Manipur,Chandel,318641,269516,271928,8411,2019,2037
India,Manipur,Churachandpur,471866,405634,397101,9196,2019,4730
India,Manipur,Imphal East,59830,18726,19984,132,2019,128
India,Manipur,Imphal West,48793,4009,4525,57,2019,47
India,Manipur,Senapati,348452,241261,254278,1584,2019,1606
India,Manipur,Tamenglong,419673,386378,366470,6339,2019,3119
India,Manipur,Thoubal,71407,6569,8341,90,2019,74
India,Manipur,Ukhrul,445329,369843,383303,7931,2019,2527
India,Meghalaya,East Garo Hills,218567,179466,163589,2813,2019,1757
India,Meghalaya,East Khasi Hills,286198,179569,180921,716,2019,633
India,Meghalaya,Jaintia Hills,382407,272720,268991,1754,2019,2048
India,Meghalaya,North Garo Hills,61123,40202,33277,175,2019,120
India,Meghalaya,Ri Bhoi,238512,190725,179250,1685,2019,1590
India,Meghalaya,South Garo Hills,184901,162994,155050,2463,2019,1209
India,Meghalaya,South West Garo Hills,51848,24712,19344,485,2019,47
India,Meghalaya,South West Khasi Hills,142031,101167,99795,938,2019,581
India,Meghalaya,West Garo Hills,304369,219605,181181,3872,2019,1995
India,Meghalaya,West Khasi Hills,381666,312728,311386,4233,2019,3420
India,Mizoram,Aizawl,345326,318685,295653,4861,2019,3445
India,Mizoram,Champhai,343485,298619,288526,12121,2019,4121
India,Mizoram,Kolasib,134891,125638,118388,885,2019,579
India,Mizoram,Lawangtlai,204674,176551,164321,660,2019,3498
India,Mizoram,Lunglei,455319,422560,390114,2812,2019,5517
India,Mizoram,Mamit,307947,293143,271709,1490,2019,3282
India,Mizoram,Saiha,197696,179646,171250,965,2019,1178
India,Mizoram,Serchhip,135837,117116,110274,2492,2019,1475
India,NCT of Delhi,West,150220,263,122,2,2019,0
India,Nagaland,Dimapur,86683,48008,47284,567,2019,155
India,Nagaland,Kiphire,112226,76884,81496,2438,2019,1078
India,Nagaland,Kohima,131049,113206,112344,1181,2019,516
India,Nagaland,Longleng,58857,46310,45195,3993,2019,409
India,Nagaland,Mokokchung,160570,135765,136223,9544,2019,525
India,Nagaland,Mon,216824,175757,171643,8986,2019,2173
India,Nagaland,Peren,168370,153322,150576,3445,2019,1190
India,Nagaland,Phek,191044,138636,151738,1311,2019,802
India,Nagaland,Tuensang,214332,163570,160823,6000,2019,2162
India,Nagaland,Wokha,162641,134385,131483,3190,2019,982
India,Nagaland,Zunheboto,157366,124499,128062,3311,2019,1287
India,Odisha,Anugul,637420,147440,91636,6,2019,34
India,Odisha,Balangir,657722,21125,7843,4,2019,0
India,Odisha,Baleshwar,370526,8669,2339,6,2019,0
India,Odisha,Bargarh,580584,19856,11873,4,2019,0
India,Odisha,Bauda,312387,94961,69469,32,2019,3
India,Odisha,Bhadrak,245295,122,18,0,2019,0
India,Odisha,Cuttack,394435,20532,6500,0,2019,0
India,Odisha,Debagarh,281405,60859,46069,4,2019,13
India,Odisha,Dhenkanal,448128,34340,12465,2,2019,1
India,Odisha,Gajapati,406805,163314,117932,87,2019,840
India,Odisha,Ganjam,838046,161507,109710,36,2019,315
India,Odisha,Jagatsinghapur,167105,77,12,0,2019,0
India,Odisha,Jajapur,290367,4074,2310,0,2019,1
India,Odisha,Jharsuguda,212024,2842,3758,3,2019,0
India,Odisha,Kalahandi,791570,160738,107293,624,2019,716
India,Odisha,Kandhamal,806513,442907,364535,2967,2019,2926
India,Odisha,Kendrapara,248250,58,13,0,2019,0
India,Odisha,Kendujhar,832369,111738,67637,33,2019,419
India,Odisha,Khordha,275639,15903,4978,0,2019,10
India,Odisha,Koraput,858243,105476,88021,115,2019,683
India,Odisha,Malkangiri,583117,122556,79929,54,2019,257
India,Odisha,Mayurbhanj,1045106,220030,163423,8,2019,13
India,Odisha,Nabarangapur,530817,29098,20600,10,2019,61
India,Odisha,Nayagarh,389939,120024,62714,2,2019,19
India,Odisha,Nuapada,387082,32953,24937,1,2019,1
India,Odisha,Puri,350223,376,36,0,2019,0
India,Odisha,Rayagada,738185,215343,153190,295,2019,1255
India,Odisha,Sambalpur,674416,168907,136091,9,2019,3
India,Odisha,Subarnapur,236169,5721,2533,0,2019,0
India,Odisha,Sundargarh,973917,188647,158696,17,2019,190
India,Puducherry,Karaikal,19216,35,308,2,2019,0
India,Puducherry,Mahe,12834,6855,4980,6,2019,9
India,Puducherry,Puducherry,19529,19,264,2,2019,0
India,Puducherry,Yanam,3154,2,5,0,2019,0
India,Punjab,Amritsar,261222,377,432,6,2019,0
India,Punjab,Barnala,148257,320,4,0,2019,0
India,Punjab,Bathinda,336278,139,7,0,2019,0
India,Punjab,Faridkot,144767,75,0,0,2019,0
India,Punjab,Fatehgarh Sahib,117323,202,191,1,2019,0
India,Punjab,Fazilka,271964,87,3,0,2019,0
India,Punjab,Firozpur,250041,642,145,1,2019,0
India,Punjab,Gurdaspur,257822,347,502,8,2019,0
India,Punjab,Hoshiarpur,336023,36187,35452,102,2019,5
India,Punjab,Jalandhar,260276,36,24,0,2019,0
India,Punjab,Kapurthala,165789,563,284,4,2019,0
India,Punjab,Ludhiana,356965,1649,860,6,2019,0
India,Punjab,Mansa,220700,33,18,0,2019,0
India,Punjab,Moga,230248,779,15,0,2019,0
India,Punjab,Muktsar,259888,35,2,0,2019,0
India,Punjab,Pathankot,99880,11476,11764,118,2019,2
India,Punjab,Patiala,333599,1592,2279,9,2019,0
India,Punjab,Rupnagar,138152,10695,8336,44,2019,0
India,Punjab,Sahibzada Ajit Singh Nagar,108846,7882,7151,18,2019,0
India,Punjab,Sangrur,360325,296,209,2,2019,0
India,Punjab,Shahid Bhagat Singh Nagar,129603,1155,1502,10,2019,0
India,Punjab,Tarn Taran,234611,133,163,3,2019,0
India,Rajasthan,Ajmer,864832,2,0,0,2019,0
India,Rajasthan,Alwar,829131,4301,1955,46,2019,0
India,Rajasthan,Banswara,448765,44,12,0,2019,0
India,Rajasthan,Baran,682336,75,3,0,2019,0
India,Rajasthan,Barmer,2831742,0,0,0,2019,0
India,Rajasthan,Bharatpur,505079,543,402,7,2019,0
India,Rajasthan,Bhilwara,1044866,8,1,0,2019,0
India,Rajasthan,Bikaner,2692523,0,0,0,2019,0
India,Rajasthan,Bundi,557361,18,0,0,2019,0
India,Rajasthan,Chittaurgarh,757295,38,1,2,2019,0
India,Rajasthan,Churu,1705000,0,0,0,2019,0
India,Rajasthan,Dausa,358982,21,32,7,2019,0
India,Rajasthan,Dhaulpur,302532,43,20,0,2019,0
India,Rajasthan,Dungarpur,377631,12,2,0,2019,0
India,Rajasthan,Ganganagar,1166503,18,0,0,2019,0
India,Rajasthan,Hanumangarh,890122,1,0,0,2019,0
India,Rajasthan,Jaipur,1124440,250,114,5,2019,0
India,Rajasthan,Jaisalmer,3857174,0,0,0,2019,0
India,Rajasthan,Jalor,1070386,0,0,0,2019,0
India,Rajasthan,Jhalawar,624795,16,3,0,2019,0
India,Rajasthan,Jhunjhunun,591310,12,1,0,2019,0
India,Rajasthan,Jodhpur,2280202,0,0,0,2019,0
India,Rajasthan,Karauli,518220,40,116,12,2019,0
India,Rajasthan,Kota,550289,41,2,0,2019,0
India,Rajasthan,Nagaur,1764675,0,0,0,2019,0
India,Rajasthan,Pali,1232336,32,15,0,2019,0
India,Rajasthan,Pratapgarh,429766,62,16,0,2019,0
India,Rajasthan,Rajsamand,459177,100,85,0,2019,0
India,Rajasthan,Sawai Madhopur,467033,63,1,0,2019,0
India,Rajasthan,Sikar,768138,15,1,0,2019,0
India,Rajasthan,Sirohi,513533,1992,324,0,2019,0
India,Rajasthan,Tonk,723904,3,0,0,2019,0
India,Rajasthan,Udaipur,1200020,4288,1011,0,2019,0
India,Sikkim,East Sikkim,94656,54725,57243,28,2019,45
India,Sikkim,North Sikkim,424153,101793,94756,14,2019,77
India,Sikkim,South Sikkim,73171,39736,43238,6,2019,13
India,Sikkim,West Sikkim,116327,54197,58525,22,2019,19
India,Tamil Nadu,Ariyalur,195050,179,123,6,2019,0
India,Tamil Nadu,Chennai,19496,24,49,0,2019,0
India,Tamil Nadu,Coimbatore,381876,106394,99049,630,2019,90
India,Tamil Nadu,Cuddalore,381529,567,3119,30,2019,2
India,Tamil Nadu,Dharmapuri,451289,60229,40216,20,2019,39
India,Tamil Nadu,Dindigul,605693,131707,117953,1393,2019,192
India,Tamil Nadu,Erode,597195,110441,75879,31,2019,19
India,Tamil Nadu,Kancheepuram,465580,884,432,2,2019,5
India,Tamil Nadu,Kanniyakumari,159095,94368,73746,729,2019,593
India,Tamil Nadu,Karur,288912,2034,1747,16,2019,0
India,Tamil Nadu,Krishnagiri,513456,22659,9827,20,2019,22
India,Tamil Nadu,Madurai,368763,20142,12710,87,2019,1
India,Tamil Nadu,Nagappattinam,240430,2545,5577,43,2019,7
India,Tamil Nadu,Namakkal,340077,26491,18764,75,2019,30
India,Tamil Nadu,Perambalur,175214,6038,4306,0,2019,24
India,Tamil Nadu,Pudukkottai,469005,429,2027,35,2019,12
India,Tamil Nadu,Ramanathapuram,426072,1106,1433,4,2019,0
India,Tamil Nadu,Salem,521044,69377,48800,162,2019,128
India,Tamil Nadu,Sivaganga,406634,719,2896,40,2019,1
India,Tamil Nadu,Thanjavur,339136,6027,5306,127,2019,139
India,Tamil Nadu,The Nilgiris,254621,161439,142481,976,2019,514
India,Tamil Nadu,Theni,284519,68470,59469,295,2019,25
India,Tamil Nadu,Thiruvallur,330691,878,6890,14,2019,1
India,Tamil Nadu,Thiruvarur,251518,5829,11729,55,2019,7
India,Tamil Nadu,Thoothukkudi,471255,7328,2740,17,2019,3
India,Tamil Nadu,Tiruchirappalli,450426,19990,12920,64,2019,114
India,Tamil Nadu,Tirunelveli,677048,122641,101337,292,2019,7
India,Tamil Nadu,Tiruppur,579045,35152,29946,129,2019,13
India,Tamil Nadu,Tiruvannamalai,618357,53147,39589,7,2019,5
India,Tamil Nadu,Vellore,606757,52516,36387,13,2019,32
India,Tamil Nadu,Viluppuram,729374,26944,21438,82,2019,39
India,Tamil Nadu,Virudunagar,428927,13827,9721,44,2019,0
India,Telangana,Adilabad,1604386,43451,45576,1,2019,0
India,Telangana,Hyderabad,17802,7,0,0,2019,0
India,Telangana,Karimnagar,1190025,33293,27498,4,2019,0
India,Telangana,Khammam,1610018,420082,323300,263,2019,678
India,Telangana,Mahbubnagar,1837327,16103,10164,7,2019,0
India,Telangana,Medak,975732,310,48,0,2019,0
India,Telangana,Nalgonda,1409411,393,362,55,2019,0
India,Telangana,Nizamabad,790786,5468,3355,0,2019,0
India,Telangana,Ranga Reddy,754836,86,8,0,2019,0
India,Telangana,Warangal,1280889,144423,93032,23,2019,21
India,Tripura,Dhalai,243285,196775,179288,243,2019,5371
India,Tripura,Gomati,141064,92622,78803,92,2019,937
India,Tripura,Khowai,103448,64933,53587,77,2019,574
India,Tripura,North Tripura,131984,95513,85079,207,2019,2007
India,Tripura,Sipahijala,102396,44035,31352,173,2019,122
India,Tripura,South Tripura,152454,84216,68592,115,2019,722
India,Tripura,Unokoti,77444,50734,41125,90,2019,741
India,Tripura,West Tripura,101551,40464,31891,180,2019,94
India,Uttar Pradesh,Agra,352635,1111,433,9,2019,0
India,Uttar Pradesh,Aligarh,386530,269,234,2,2019,0
India,Uttar Pradesh,Allahabad,514803,109,1798,87,2019,0
India,Uttar Pradesh,Ambedkar Nagar,232472,190,2167,34,2019,0
India,Uttar Pradesh,Amethi,330740,180,3026,42,2019,0
India,Uttar Pradesh,Amroha,251713,225,224,9,2019,0
India,Uttar Pradesh,Auraiya,217850,52,54,2,2019,0
India,Uttar Pradesh,Azamgarh,389662,399,3073,53,2019,0
India,Uttar Pradesh,Baghpat,133245,118,759,29,2019,0
India,Uttar Pradesh,Bahraich,368710,29878,23583,83,2019,0
India,Uttar Pradesh,Ballia,300802,152,3476,22,2019,0
India,Uttar Pradesh,Balrampur,336719,42532,40338,194,2019,0
India,Uttar Pradesh,Banda,451968,158,1145,3,2019,0
India,Uttar Pradesh,Barabanki,443233,439,1197,33,2019,0
India,Uttar Pradesh,Bareilly,378328,72,251,10,2019,0
India,Uttar Pradesh,Basti,251766,171,697,7,2019,0
India,Uttar Pradesh,Bijnor,431434,15649,15499,108,2019,7
India,Uttar Pradesh,Budaun,420899,86,113,4,2019,0
India,Uttar Pradesh,Bulandshahr,357886,101,37,3,2019,0
India,Uttar Pradesh,Chandauli,253552,1556,7401,189,2019,0
India,Uttar Pradesh,Chitrakoot,308393,5790,5255,26,2019,0
India,Uttar Pradesh,Deoria,255677,321,1221,10,2019,0
India,Uttar Pradesh,Etah,250079,120,115,2,2019,0
India,Uttar Pradesh,Etawah,215276,531,454,13,2019,0
India,Uttar Pradesh,Faizabad,209951,186,856,18,2019,0
India,Uttar Pradesh,Farrukhabad,218442,353,417,3,2019,0
India,Uttar Pradesh,Fatehpur,417684,14,65,2,2019,0
India,Uttar Pradesh,Firozabad,284638,426,155,4,2019,0
India,Uttar Pradesh,Gautam Buddha Nagar,138611,8,7,0,2019,0
India,Uttar Pradesh,Ghaziabad,87238,15,36,0,2019,0
India,Uttar Pradesh,Ghazipur,338598,527,9953,117,2019,0
India,Uttar Pradesh,Gonda,400797,3583,5474,28,2019,0
India,Uttar Pradesh,Gorakhpur,306670,1170,2561,17,2019,0
India,Uttar Pradesh,Hamirpur,426283,251,26,1,2019,0
India,Uttar Pradesh,Hapur,110314,33,25,1,2019,0
India,Uttar Pradesh,Hardoi,601016,1430,532,44,2019,0
India,Uttar Pradesh,Hathras,162087,113,52,1,2019,0
India,Uttar Pradesh,Jalaun,456365,32,4,0,2019,0
India,Uttar Pradesh,Jaunpur,403582,104,1442,23,2019,0
India,Uttar Pradesh,Jhansi,506579,161,35,0,2019,0
India,Uttar Pradesh,Kannauj,207454,139,16,3,2019,0
India,Uttar Pradesh,Kanpur Dehat,316373,26,84,4,2019,0
India,Uttar Pradesh,Kanpur Nagar,292815,65,55,1,2019,0
India,Uttar Pradesh,Kasganj,197603,280,150,2,2019,0
India,Uttar Pradesh,Kaushambi,210356,11,338,8,2019,0
India,Uttar Pradesh,Kushinagar,288811,531,749,2,2019,0
India,Uttar Pradesh,Lakhimpur Kheri,770148,94748,78902,302,2019,0
India,Uttar Pradesh,Lalitpur,504678,2496,623,4,2019,0
India,Uttar Pradesh,Lucknow,253976,1160,1453,103,2019,0
India,Uttar Pradesh,Maharajganj,318731,31937,35386,72,2019,0
India,Uttar Pradesh,Mahoba,283604,111,116,1,2019,0
India,Uttar Pradesh,Mainpuri,275040,148,137,4,2019,0
India,Uttar Pradesh,Mathura,337399,304,568,2,2019,0
India,Uttar Pradesh,Mau,206654,176,2088,15,2019,0
India,Uttar Pradesh,Meerut,260507,729,710,4,2019,0
India,Uttar Pradesh,Mirzapur,451742,76,126,2,2019,0
India,Uttar Pradesh,Moradabad,210602,62,167,8,2019,0
India,Uttar Pradesh,Muzaffarnagar,273061,336,1206,27,2019,0
India,Uttar Pradesh,Pilibhit,359157,51081,50411,89,2019,0
India,Uttar Pradesh,Pratapgarh,371568,115,984,17,2019,0
India,Uttar Pradesh,Rae Bareli,327076,73,496,10,2019,0
India,Uttar Pradesh,Rampur,257084,3333,3481,26,2019,0
India,Uttar Pradesh,Saharanpur,372025,19899,17358,50,2019,0
India,Uttar Pradesh,Sambhal,213644,19,1,0,2019,0
India,Uttar Pradesh,Sant Kabir Nagar,132684,182,964,16,2019,0
India,Uttar Pradesh,Sant Ravi Das Nagar,100916,16,181,8,2019,0
India,Uttar Pradesh,Shahjahanpur,465191,5698,5281,29,2019,0
India,Uttar Pradesh,Shamli,131834,222,327,10,2019,1
India,Uttar Pradesh,Shravasti,315223,29554,26449,126,2019,3
India,Uttar Pradesh,Siddharth Nagar,347860,721,2477,9,2019,0
India,Uttar Pradesh,Sitapur,578044,1843,905,175,2019,0
India,Uttar Pradesh,Sonbhadra,678916,4879,1358,2,2019,0
India,Uttar Pradesh,Sultanpur,246165,90,1438,16,2019,0
India,Uttar Pradesh,Unnao,459854,243,709,46,2019,0
India,Uttar Pradesh,Varanasi,155118,54,47,2,2019,0
India,Uttarakhand,Almora,310201,112210,83294,188,2019,8
India,Uttarakhand,Bageshwar,228123,79668,58991,4,2019,6
India,Uttarakhand,Chamoli,792867,192909,152828,19,2019,28
India,Uttarakhand,Champawat,168452,118482,115597,521,2019,76
India,Uttarakhand,Dehradun,306702,156029,150809,52,2019,7
India,Uttarakhand,Garhwal,545564,291677,261345,120,2019,16
India,Uttarakhand,Hardwar,238572,25703,24158,211,2019,14
India,Uttarakhand,Nainital,406379,297778,287829,3809,2019,358
India,Uttarakhand,Pithoragarh,732913,124243,89944,33,2019,10
India,Uttarakhand,Rudraprayag,121405,46549,38960,6,2019,3
India,Uttarakhand,Tehri Garhwal,438890,216898,212079,72,2019,29
India,Uttarakhand,Udham Singh Nagar,286233,54957,57103,955,2019,218
India,Uttarakhand,Uttarkashi,804550,231737,198289,63,2019,15
India,West Bengal,Alipurduar,280176,118440,83490,660,2019,171
India,West Bengal,Bankura,696472,423,15,27,2019,0
India,West Bengal,Barddhaman,704144,190,172,4,2019,0
India,West Bengal,Birbhum,455570,7,96,1,2019,0
India,West Bengal,Dakshin Dinajpur,211766,122,160,1,2019,0
India,West Bengal,Darjiling,314436,152184,156762,399,2019,31
India,West Bengal,Haora,144036,1435,922,2,2019,0
India,West Bengal,Hugli,315210,1188,244,0,2019,0
India,West Bengal,Jalpaiguri,338376,67359,49856,480,2019,124
India,West Bengal,Koch Bihar,338718,14449,8297,172,2019,8
India,West Bengal,Kolkata,9162,35,3,0,2019,0
India,West Bengal,Maldah,361110,212,147,10,2019,0
India,West Bengal,Murshidabad,541121,357,173,3,2019,0
India,West Bengal,Nadia,392088,2000,790,1,2019,0
India,West Bengal,North 24 Parganas,581554,35148,26531,0,2019,1
India,West Bengal,Pashchim Medinipur,940038,1560,174,72,2019,4
India,West Bengal,Purba Medinipur,398147,850,253,1,2019,0
India,West Bengal,Puruliya,625675,3124,117,1,2019,0
India,West Bengal,South 24 Parganas,552715,4568,3307,0,2019,0
India,West Bengal,Uttar Dinajpur,336010,4269,375,208,2019,4
India,Andaman and Nicobar,Nicobar Islands,172679,147634,144925,1587,2020,44
India,Andaman and Nicobar,North and Middle Andaman,340652,310759,308793,2600,2020,400
India,Andaman and Nicobar,South Andaman,247753,226008,225722,1658,2020,521
India,Andhra Pradesh,Anantapur,1922649,517,111,14,2020,0
India,Andhra Pradesh,Chittoor,1516880,81831,56859,218,2020,13
India,Andhra Pradesh,East Godavari,1075476,310205,284237,537,2020,622
India,Andhra Pradesh,Guntur,1141089,23783,57053,211,2020,0
India,Andhra Pradesh,Krishna,861607,17233,32054,57,2020,3
India,Andhra Pradesh,Kurnool,1777836,59574,40932,15,2020,0
India,Andhra Pradesh,Nellore,1301782,20837,28123,480,2020,5
India,Andhra Pradesh,Prakasam,1779564,79027,62790,158,2020,0
India,Andhra Pradesh,Srikakulam,627635,32693,20281,49,2020,85
India,Andhra Pradesh,Visakhapatnam,1137192,300879,241668,501,2020,445
India,Andhra Pradesh,Vizianagaram,572603,49147,37843,36,2020,182
India,Andhra Pradesh,West Godavari,775702,60575,58435,159,2020,46
India,Andhra Pradesh,Y.S.R.,1514967,69611,78628,109,2020,3
India,Arunachal Pradesh,Anjaw,651942,398495,369756,869,2020,227
India,Arunachal Pradesh,Changlang,503616,438332,431075,2788,2020,1334
India,Arunachal Pradesh,Dibang Valley,751403,391182,373790,461,2020,70
India,Arunachal Pradesh,East Kameng,409167,390145,385591,1758,2020,934
India,Arunachal Pradesh,East Siang,361698,290410,288417,3988,2020,600
India,Arunachal Pradesh,Kurung Kumey,572190,445717,424968,1687,2020,470
India,Arunachal Pradesh,Lohit,344025,271516,266067,3990,2020,1814
India,Arunachal Pradesh,Longding,93352,78346,76441,3641,2020,948
India,Arunachal Pradesh,Lower Dibang Valley,556430,415248,395777,2827,2020,748
India,Arunachal Pradesh,Lower Subansiri,378817,360577,353607,3121,2020,1055
India,Arunachal Pradesh,Namsai,42486,17668,16789,468,2020,217
India,Arunachal Pradesh,Papum Pare,353251,332915,327083,1728,2020,1002
India,Arunachal Pradesh,Tawang,215022,101851,91644,88,2020,34
India,Arunachal Pradesh,Tirap,109276,100278,97211,1525,2020,561
India,Arunachal Pradesh,Upper Siang,701634,542210,539323,2566,2020,303
India,Arunachal Pradesh,Upper Subansiri,641172,508012,470378,3444,2020,547
India,Arunachal Pradesh,West Kameng,734287,551070,545555,897,2020,595
India,Arunachal Pradesh,West Siang,779775,673340,659039,11997,2020,1214
India,Assam,Baksa,239364,50158,45466,75,2020,26
India,Assam,Barpeta,227857,10844,13386,12,2020,6
India,Assam,Bongaigaon,112362,15343,13976,40,2020,10
India,Assam,Cachar,378676,219197,215588,598,2020,878
India,Assam,Chirang,118891,44423,42350,24,2020,13
India,Assam,Darrang,159926,7656,4845,26,2020,10
India,Assam,Dhemaji,253740,39030,37503,185,2020,96
India,Assam,Dhubri,278096,35918,17751,73,2020,84
India,Assam,Dibrugarh,339191,84744,77617,1595,2020,337
India,Assam,Dima Hasao,490917,434941,406980,6766,2020,6018
India,Assam,Goalpara,190100,21348,19886,58,2020,17
India,Assam,Golaghat,352585,49848,45910,1026,2020,74
India,Assam,Hailakandi,133352,68651,62917,273,2020,459
India,Assam,Jorhat,283776,49292,45600,943,2020,148
India,Assam,Kamrup,330488,96479,91075,288,2020,380
India,Assam,Kamrup Metropolitan,79666,28785,22733,100,2020,67
India,Assam,Karbi Anglong,1042664,789948,763795,6958,2020,7591
India,Assam,Karimganj,183306,74681,67823,235,2020,297
India,Assam,Kokrajhar,328978,109051,92428,155,2020,556
India,Assam,Lakhimpur,295203,53192,50368,413,2020,145
India,Assam,Morigaon,155363,10518,9080,25,2020,4
India,Assam,Nagaon,399001,77488,72138,443,2020,117
India,Assam,Nalbari,107600,11154,12942,2,2020,1
India,Assam,Sivasagar,263352,66061,58876,1211,2020,157
India,Assam,Sonitpur,528686,98395,84143,2521,2020,218
India,Assam,Tinsukia,379304,170120,170440,5279,2020,578
India,Assam,Udalguri,196790,32871,19883,548,2020,55
India,Bihar,Araria,281932,561,922,4,2020,0
India,Bihar,Arwal,66615,392,1880,14,2020,0
India,Bihar,Aurangabad,328198,875,630,5,2020,0
India,Bihar,Banka,309145,51,10,0,2020,0
India,Bihar,Begusarai,193928,196,271,1,2020,0
India,Bihar,Bhagalpur,256033,66,498,6,2020,0
India,Bihar,Bhojpur,237388,5464,22320,279,2020,0
India,Bihar,Buxar,170992,2040,5315,96,2020,0
India,Bihar,Darbhanga,228940,969,2839,15,2020,0
India,Bihar,Gaya,496554,2110,2748,2,2020,0
India,Bihar,Gopalganj,204094,175,2320,12,2020,0
India,Bihar,Jamui,308302,8863,2972,0,2020,0
India,Bihar,Jehanabad,93892,169,297,3,2020,0
India,Bihar,Kaimur,335075,4156,7422,89,2020,0
India,Bihar,Katihar,306233,107,223,8,2020,0
India,Bihar,Khagaria,149147,67,103,1,2020,0
India,Bihar,Kishanganj,193427,624,158,27,2020,0
India,Bihar,Lakhisarai,133641,7420,2606,11,2020,0
India,Bihar,Madhepura,183827,64,219,3,2020,0
India,Bihar,Madhubani,344146,3316,7618,25,2020,0
India,Bihar,Munger,136969,13748,10808,56,2020,1
India,Bihar,Muzaffarpur,318646,437,5012,8,2020,0
India,Bihar,Nalanda,233710,439,1645,4,2020,0
India,Bihar,Nawada,248578,9253,10478,1,2020,10
India,Bihar,Pashchim Champaran,523188,80413,80361,123,2020,3
India,Bihar,Patna,320539,1515,8189,38,2020,0
India,Bihar,Purba Champaran,399105,710,4891,6,2020,0
India,Bihar,Purnia,324600,128,133,6,2020,0
India,Bihar,Rohtas,386837,6235,7191,116,2020,0
India,Bihar,Saharsa,168897,153,215,4,2020,0
India,Bihar,Samastipur,290579,137,388,1,2020,0
India,Bihar,Saran,264523,223,3009,6,2020,0
India,Bihar,Sheikhpura,60405,9,18,0,2020,0
India,Bihar,Sheohar,57459,302,1358,6,2020,0
India,Bihar,Sitamarhi,205458,584,3341,7,2020,0
India,Bihar,Siwan,222545,223,3506,14,2020,0
India,Bihar,Supaul,238732,1517,2457,18,2020,0
India,Bihar,Vaishali,200961,132,1190,3,2020,0
India,Chandigarh,Chandigarh,11812,702,935,10,2020,0
India,Chhattisgarh,Balod,275414,16919,25869,3,2020,3
India,Chhattisgarh,Baloda Bazar,468572,25143,46646,1,2020,1
India,Chhattisgarh,Balrampur,633124,115996,64274,6,2020,1
India,Chhattisgarh,Bastar,591945,130358,118812,8,2020,158
India,Chhattisgarh,Bemetara,286904,44,29,0,2020,0
India,Chhattisgarh,Bijapur,879329,540837,498772,158,2020,177
India,Chhattisgarh,Bilaspur,555476,52822,34569,2,2020,2
India,Chhattisgarh,Dantewada,298090,88405,78733,17,2020,153
India,Chhattisgarh,Dhamtari,406306,84698,87870,1,2020,8
India,Chhattisgarh,Durg,298982,30,22,0,2020,0
India,Chhattisgarh,Gariaband,422957,110487,99238,1,2020,23
India,Chhattisgarh,Janjgir-Champa,387475,812,532,0,2020,0
India,Chhattisgarh,Jashpur,582341,73535,52235,2,2020,6
India,Chhattisgarh,Kabeerdham,422230,68990,63598,13,2020,8
India,Chhattisgarh,Kondagaon,509911,101269,93982,6,2020,62
India,Chhattisgarh,Korba,660932,134282,84264,2,2020,13
India,Chhattisgarh,Koriya,663712,115888,79594,1,2020,0
India,Chhattisgarh,Mahasamund,475380,7215,13348,3,2020,0
India,Chhattisgarh,Mungeli,278450,74732,52071,3,2020,2
India,Chhattisgarh,Narayanpur,392992,271260,249478,446,2020,402
India,Chhattisgarh,Raigarh,708412,55534,39766,4,2020,1
India,Chhattisgarh,Raipur,353390,370,888,0,2020,0
India,Chhattisgarh,Rajnandgaon,806554,113121,117362,50,2020,33
India,Chhattisgarh,Sukma,525060,150881,108640,44,2020,44
India,Chhattisgarh,Surajpur,544120,70867,40372,1,2020,0
India,Chhattisgarh,Surguja,399359,51150,32745,1,2020,5
India,Chhattisgarh,Uttar Bastar Kanker,715735,207926,200686,55,2020,87
India,Dadra and Nagar Haveli,Dadra and Nagar Haveli,49152,457,259,0,2020,0
India,Daman and Diu,Daman,5831,17,3,0,2020,0
India,Daman and Diu,Diu,2523,0,0,0,2020,0
India,Goa,North Goa,170604,41915,26028,1,2020,35
India,Goa,South Goa,198964,104551,90798,89,2020,25
India,Gujarat,Ahmadabad,773436,60,8,0,2020,0
India,Gujarat,Amreli,735510,5,1,0,2020,0
India,Gujarat,Anand,287832,46,7,0,2020,0
India,Gujarat,Aravalli,325245,10,2,1,2020,0
India,Gujarat,Banas Kantha,1061522,121,10,0,2020,0
India,Gujarat,Bharuch,543453,105,9,0,2020,0
India,Gujarat,Bhavnagar,677448,95,19,0,2020,0
India,Gujarat,Botad,162060,0,0,0,2020,0
India,Gujarat,Chhota Udaipur,368590,52,26,0,2020,0
India,Gujarat,Dahod,385651,310,44,0,2020,0
India,Gujarat,Devbhumi Dwarka,456016,17,0,0,2020,0
India,Gujarat,Gandhinagar,172338,1,0,0,2020,0
India,Gujarat,Gir Somnath,170164,15,1,6,2020,0
India,Gujarat,Jamnagar,670502,34,0,0,2020,0
India,Gujarat,Junagadh,702843,487,174,1,2020,0
India,Gujarat,Kachchh,4220838,33,2,0,2020,0
India,Gujarat,Kheda,398303,30,1,0,2020,0
India,Gujarat,Mahesana,438831,2,0,0,2020,0
India,Gujarat,Mahisagar,233539,11,4,0,2020,0
India,Gujarat,Morbi,481031,12,1,0,2020,0
India,Gujarat,Narmada,256838,2533,447,0,2020,0
India,Gujarat,Navsari,218334,1297,1294,0,2020,0
India,Gujarat,Panch Mahals,267704,27,16,0,2020,0
India,Gujarat,Patan,601243,0,0,0,2020,0
India,Gujarat,Porbandar,231056,39,0,0,2020,0
India,Gujarat,Rajkot,760630,17,2,0,2020,0
India,Gujarat,Sabar Kantha,418769,132,29,0,2020,0
India,Gujarat,Surat,439791,623,281,0,2020,0
India,Gujarat,Surendranagar,920266,180,26,0,2020,0
India,Gujarat,Tapi,314442,1563,620,0,2020,0
India,Gujarat,The Dangs,171142,8716,2274,0,2020,0
India,Gujarat,Vadodara,405249,9,1,0,2020,0
India,Gujarat,Valsad,301394,1346,1722,0,2020,0
India,Haryana,Ambala,175294,1380,1576,18,2020,0
India,Haryana,Bhiwani,463529,56,11,0,2020,0
India,Haryana,Faridabad,125761,80,174,8,2020,0
India,Haryana,Fatehabad,239977,13,54,0,2020,0
India,Haryana,Gurgaon,128536,169,111,1,2020,0
India,Haryana,Hisar,416939,68,6,0,2020,0
India,Haryana,Jhajjar,211225,135,91,4,2020,0
India,Haryana,Jind,273318,248,78,1,2020,0
India,Haryana,Kaithal,230046,1056,928,1,2020,0
India,Haryana,Karnal,258463,21,7,0,2020,0
India,Haryana,Kurukshetra,183593,445,241,1,2020,0
India,Haryana,Mahendragarh,193665,8,2,0,2020,0
India,Haryana,Mewat,146554,104,138,1,2020,0
India,Haryana,Palwal,90451,89,31,0,2020,0
India,Haryana,Panchkula,73780,27504,25438,39,2020,1
India,Haryana,Panipat,122468,60,365,19,2020,0
India,Haryana,Rewari,125324,47,23,0,2020,0
India,Haryana,Rohtak,168545,79,54,1,2020,0
India,Haryana,Sirsa,423119,4,3,0,2020,0
India,Haryana,Sonipat,221338,63,200,6,2020,0
India,Haryana,Yamunanagar,130521,11018,10477,22,2020,1
India,Himachal Pradesh,Bilaspur,116606,34773,31610,25,2020,2
India,Himachal Pradesh,Chamba,646061,170243,123366,144,2020,3
India,Himachal Pradesh,Hamirpur,112145,49052,45948,54,2020,0
India,Himachal Pradesh,Kangra,570651,231326,216284,499,2020,23
India,Himachal Pradesh,Kinnaur,645578,27943,15186,13,2020,0
India,Himachal Pradesh,Kullu,550194,151529,111321,40,2020,5
India,Himachal Pradesh,Lahul & Spiti,1380877,2610,1146,13,2020,0
India,Himachal Pradesh,Mandi,394812,172547,157589,136,2020,8
India,Himachal Pradesh,Shimla,513204,216911,160881,34,2020,4
India,Himachal Pradesh,Sirmaur,280863,163102,155136,103,2020,16
India,Himachal Pradesh,Solan,195597,92486,78371,65,2020,6
India,Himachal Pradesh,Una,153760,54587,51087,52,2020,4
India,Jammu and Kashmir,Anantnag,270262,74418,54946,33,2020,1
India,Jammu and Kashmir,Badgam,117282,15438,13073,7,2020,0
India,Jammu and Kashmir,Bandipore,252774,47946,34308,14,2020,0
India,Jammu and Kashmir,Baramulla,239201,61349,54085,60,2020,0
India,Jammu and Kashmir,Doda,262526,109809,74548,68,2020,15
India,Jammu and Kashmir,Ganderbal,126196,25483,18496,13,2020,0
India,Jammu and Kashmir,Jammu,214895,22392,18948,26,2020,3
India,Jammu and Kashmir,Kargil,1477323,225,38,11,2020,0
India,Jammu and Kashmir,Kathua,261794,62001,56822,106,2020,1
India,Jammu and Kashmir,Kishtwar,767032,113304,73885,40,2020,0
India,Jammu and Kashmir,Kulgam,134333,25547,24919,33,2020,3
India,Jammu and Kashmir,Kupwara,274748,117992,99047,63,2020,1
India,Jammu and Kashmir,Leh (Ladakh),4908732,62,19,15,2020,0
India,Jammu and Kashmir,Poonch,167356,60015,53733,22,2020,8
India,Jammu and Kashmir,Pulwama,73389,12895,12422,16,2020,0
India,Jammu and Kashmir,Rajouri,254200,83983,69907,19,2020,0
India,Jammu and Kashmir,Ramban,90221,27560,22655,4,2020,0
India,Jammu and Kashmir,Reasi,208383,84644,76285,23,2020,0
India,Jammu and Kashmir,Samba,84362,6928,6182,5,2020,0
India,Jammu and Kashmir,Shupiyan,72418,18029,20804,18,2020,3
India,Jammu and Kashmir,Srinagar,62771,11936,9782,12,2020,0
India,Jammu and Kashmir,Udhampur,245808,91063,77516,68,2020,6
India,Jharkhand,Bokaro,286989,10615,6059,0,2020,0
India,Jharkhand,Chatra,375718,35924,33133,28,2020,3
India,Jharkhand,Deoghar,244100,59,4,0,2020,0
India,Jharkhand,Dhanbad,208382,674,186,0,2020,0
India,Jharkhand,Dumka,377426,3146,665,133,2020,2
India,Jharkhand,Garhwa,407829,29720,12630,28,2020,0
India,Jharkhand,Giridih,499661,8970,5408,1,2020,0
India,Jharkhand,Godda,224195,4067,1254,67,2020,8
India,Jharkhand,Gumla,536525,58922,27871,1,2020,2
India,Jharkhand,Hazaribagh,481712,41777,39730,5,2020,4
India,Jharkhand,Jamtara,180473,8,0,0,2020,0
India,Jharkhand,Khunti,277225,15381,1120,1,2020,2
India,Jharkhand,Kodarma,132242,18562,19552,1,2020,2
India,Jharkhand,Latehar,426444,102907,50236,19,2020,3
India,Jharkhand,Lohardaga,149986,25424,13408,3,2020,9
India,Jharkhand,Pakur,181513,1630,958,66,2020,2
India,Jharkhand,Palamu,445541,18227,12788,29,2020,0
India,Jharkhand,Pashchimi Singhbhum,723098,133283,79138,10,2020,156
India,Jharkhand,Purbi Singhbhum,357770,9110,2382,3,2020,0
India,Jharkhand,Ramgarh,134403,5646,3524,0,2020,0
India,Jharkhand,Ranchi,488387,9234,1856,0,2020,4
India,Jharkhand,Sahibganj,219886,3225,589,93,2020,2
India,Jharkhand,Saraikela-kharsawan,265341,8165,1240,1,2020,2
India,Jharkhand,Simdega,379142,11654,3014,0,2020,0
India,Karnataka,Bagalkot,655258,105,42,0,2020,0
India,Karnataka,Bangalore,217903,162,26,2,2020,0
India,Karnataka,Bangalore Rural,230303,137,33,1,2020,0
India,Karnataka,Belgaum,1333488,49040,38050,38,2020,27
India,Karnataka,Bellary,842531,1836,226,2,2020,0
India,Karnataka,Bidar,543342,52,16,0,2020,0
India,Karnataka,Bijapur,1048432,53,15,0,2020,0
India,Karnataka,Chamrajnagar,565361,116045,83039,42,2020,3
India,Karnataka,Chikballapura,422931,1462,988,3,2020,0
India,Karnataka,Chikmagalur,718838,323326,298783,1150,2020,401
India,Karnataka,Chitradurga,842881,416,8,0,2020,0
India,Karnataka,Dakshina Kannada,456123,281111,231209,638,2020,642
India,Karnataka,Davanagere,660862,6521,346,6,2020,0
India,Karnataka,Dharwad,426092,464,1153,19,2020,0
India,Karnataka,Gadag,463089,15,1,0,2020,0
India,Karnataka,Gulbarga,1096303,48,10,0,2020,0
India,Karnataka,Hassan,679084,84418,62102,312,2020,331
India,Karnataka,Haveri,479411,587,321,15,2020,0
India,Karnataka,Kodagu,409587,308610,267919,818,2020,252
India,Karnataka,Kolar,397159,344,231,1,2020,0
India,Karnataka,Koppal,555591,14,7,7,2020,0
India,Karnataka,Mandya,492564,774,182,11,2020,0
India,Karnataka,Mysore,629741,70536,49242,92,2020,0
India,Karnataka,Raichur,843615,61,51,21,2020,0
India,Karnataka,Ramanagara,350745,2928,356,3,2020,0
India,Karnataka,Shimoga,773369,212771,134060,1093,2020,267
India,Karnataka,Tumkur,1059196,1426,314,7,2020,0
India,Karnataka,Udupi,390213,180568,137247,402,2020,373
India,Karnataka,Uttara Kannada,1027612,632365,575803,389,2020,322
India,Karnataka,Yadgir,526289,10,2,4,2020,0
India,Kerala,Alappuzha,124519,51188,46506,57,2020,26
India,Kerala,Ernakulam,225002,142323,115571,955,2020,617
India,Kerala,Idukki,499006,422964,413423,3789,2020,763
India,Kerala,Kannur,277392,220056,195713,302,2020,323
India,Kerala,Kasaragod,195107,107422,81572,231,2020,176
India,Kerala,Kollam,240436,193294,179738,2383,2020,918
India,Kerala,Kottayam,210255,158914,131488,431,2020,750
India,Kerala,Kozhikode,227197,161134,131968,156,2020,140
India,Kerala,Malappuram,349994,174081,128652,191,2020,687
India,Kerala,Palakkad,447188,216046,180783,692,2020,678
India,Kerala,Pathanamthitta,263424,235819,214996,828,2020,763
India,Kerala,Thiruvananthapuram,204253,153498,127197,1845,2020,369
India,Kerala,Thrissur,294081,191936,170228,866,2020,451
India,Kerala,Wayanad,212196,169547,159045,655,2020,189
India,Lakshadweep,Lakshadweep,3482,0,0,0,2020,0
India,Madhya Pradesh,Agar Malwa,276772,11,3,0,2020,0
India,Madhya Pradesh,Alirajpur,333104,526,41,0,2020,0
India,Madhya Pradesh,Anuppur,202588,5151,2964,0,2020,0
India,Madhya Pradesh,Ashoknagar,472393,353,150,3,2020,0
India,Madhya Pradesh,Balaghat,924893,318150,284474,110,2020,82
India,Madhya Pradesh,Barwani,542445,191,26,0,2020,0
India,Madhya Pradesh,Betul,1006834,44619,12942,15,2020,0
India,Madhya Pradesh,Bhind,447252,37,29,5,2020,0
India,Madhya Pradesh,Bhopal,272180,411,388,1,2020,0
India,Madhya Pradesh,Burhanpur,319674,304,101,0,2020,0
India,Madhya Pradesh,Chhatarpur,871307,9432,10557,37,2020,0
India,Madhya Pradesh,Chhindwara,1180484,47596,33573,19,2020,3
India,Madhya Pradesh,Damoh,735338,4141,3718,2,2020,0
India,Madhya Pradesh,Datia,252254,13,5,0,2020,0
India,Madhya Pradesh,Dewas,695694,683,550,0,2020,0
India,Madhya Pradesh,Dhar,813433,45,48,0,2020,0
India,Madhya Pradesh,Dindori,648866,165015,140518,13,2020,158
India,Madhya Pradesh,East Nimar,744494,2848,672,0,2020,0
India,Madhya Pradesh,Guna,629701,209,67,0,2020,0
India,Madhya Pradesh,Gwalior,458064,63,10,0,2020,0
India,Madhya Pradesh,Harda,331452,2518,1267,0,2020,0
India,Madhya Pradesh,Hoshangabad,670862,79045,47640,16,2020,0
India,Madhya Pradesh,Indore,390867,572,403,0,2020,0
India,Madhya Pradesh,Jabalpur,401166,8857,5026,2,2020,0
India,Madhya Pradesh,Jhabua,342698,9,2,0,2020,0
India,Madhya Pradesh,Katni,616355,20446,11180,17,2020,4
India,Madhya Pradesh,Mandla,677220,93818,90165,22,2020,32
India,Madhya Pradesh,Mandsaur,563118,66,10,0,2020,0
India,Madhya Pradesh,Morena,498479,60,23,2,2020,0
India,Madhya Pradesh,Narsimhapur,514459,17516,13262,4,2020,0
India,Madhya Pradesh,Neemuch,415427,39,11,0,2020,0
India,Madhya Pradesh,Panna,711358,11942,7857,13,2020,0
India,Madhya Pradesh,Raisen,849516,17063,21246,30,2020,0
India,Madhya Pradesh,Rajgarh,612022,44,39,0,2020,0
India,Madhya Pradesh,Ratlam,481618,33,6,0,2020,0
India,Madhya Pradesh,Rewa,631423,2701,3804,1,2020,0
India,Madhya Pradesh,Sagar,1025228,8268,4206,4,2020,0
India,Madhya Pradesh,Satna,750261,10327,5053,28,2020,0
India,Madhya Pradesh,Sehore,656297,4726,5166,6,2020,0
India,Madhya Pradesh,Seoni,875671,60198,52693,10,2020,7
India,Madhya Pradesh,Shahdol,831826,36032,26519,4,2020,0
India,Madhya Pradesh,Shajapur,352411,38,6,0,2020,0
India,Madhya Pradesh,Sheopur,652461,400,40,0,2020,0
India,Madhya Pradesh,Shivpuri,1046628,407,84,1,2020,0
India,Madhya Pradesh,Sidhi,478016,43220,33835,10,2020,0
India,Madhya Pradesh,Singrauli,578643,24183,22954,3,2020,0
India,Madhya Pradesh,Tikamgarh,506638,22,12,1,2020,0
India,Madhya Pradesh,Ujjain,608217,73,8,0,2020,0
India,Madhya Pradesh,Umaria,372591,32574,20399,10,2020,1
India,Madhya Pradesh,Vidisha,730295,2580,2838,0,2020,0
India,Madhya Pradesh,West Nimar,804393,504,174,0,2020,0
India,Maharashtra,Ahmadnagar,1613065,2155,685,0,2020,0
India,Maharashtra,Akola,551391,121,42,0,2020,0
India,Maharashtra,Amravati,1218596,37188,22756,1,2020,0
India,Maharashtra,Aurangabad,1009310,139,70,0,2020,0
India,Maharashtra,Bhandara,470048,29630,22796,10,2020,5
India,Maharashtra,Bid,1141360,18,8,0,2020,0
India,Maharashtra,Buldana,960383,562,217,0,2020,0
India,Maharashtra,Chandrapur,1130866,38431,26245,6,2020,15
India,Maharashtra,Dhule,716652,292,76,0,2020,0
India,Maharashtra,Garhchiroli,1446063,565777,532217,86,2020,397
India,Maharashtra,Gondiya,463678,77177,66986,14,2020,33
India,Maharashtra,Hingoli,468553,51,13,0,2020,0
India,Maharashtra,Jalgaon,1174820,1357,485,0,2020,0
India,Maharashtra,Jalna,777897,9,3,0,2020,0
India,Maharashtra,Kolhapur,765441,64263,50160,19,2020,12
India,Maharashtra,Latur,723325,84,9,0,2020,0
India,Maharashtra,Mumbai City,6798,2,0,0,2020,0
India,Maharashtra,Mumbai Suburban,41216,913,1816,0,2020,0
India,Maharashtra,Nagpur,992630,17895,13709,2,2020,2
India,Maharashtra,Nanded,1058842,2209,2191,0,2020,0
India,Maharashtra,Nandurbar,593190,1224,128,0,2020,0
India,Maharashtra,Nashik,1550954,2520,769,1,2020,0
India,Maharashtra,Osmanabad,755003,31,8,0,2020,0
India,Maharashtra,Palghar,532756,12058,9783,1,2020,2
India,Maharashtra,Parbhani,632812,56,11,0,2020,0
India,Maharashtra,Pune,1560120,20505,7436,2,2020,10
India,Maharashtra,Raigarh,701070,28536,9898,3,2020,5
India,Maharashtra,Ratnagiri,846264,33833,24447,9,2020,9
India,Maharashtra,Sangli,853492,4437,5233,0,2020,0
India,Maharashtra,Satara,1046855,27561,26313,2,2020,2
India,Maharashtra,Sindhudurg,517121,96181,50568,62,2020,184
India,Maharashtra,Solapur,1486719,67,13,0,2020,0
India,Maharashtra,Thane,423883,6043,3295,1,2020,0
India,Maharashtra,Wardha,630912,578,35,0,2020,0
India,Maharashtra,Washim,519150,104,20,0,2020,0
India,Maharashtra,Yavatmal,1352653,1395,760,0,2020,0
India,Manipur,Bishnupur,48080,1740,2108,41,2020,5
India,Manipur,Chandel,318641,269516,271928,8411,2020,2074
India,Manipur,Churachandpur,471866,405634,397101,9196,2020,4935
India,Manipur,Imphal East,59830,18726,19984,132,2020,140
India,Manipur,Imphal West,48793,4009,4525,57,2020,25
India,Manipur,Senapati,348452,241261,254278,1584,2020,1711
India,Manipur,Tamenglong,419673,386378,366470,6339,2020,4178
India,Manipur,Thoubal,71407,6569,8341,90,2020,57
India,Manipur,Ukhrul,445329,369843,383303,7931,2020,2900
India,Meghalaya,East Garo Hills,218567,179466,163589,2813,2020,1486
India,Meghalaya,East Khasi Hills,286198,179569,180921,716,2020,599
India,Meghalaya,Jaintia Hills,382407,272720,268991,1754,2020,2498
India,Meghalaya,North Garo Hills,61123,40202,33277,175,2020,120
India,Meghalaya,Ri Bhoi,238512,190725,179250,1685,2020,2040
India,Meghalaya,South Garo Hills,184901,162994,155050,2463,2020,1039
India,Meghalaya,South West Garo Hills,51848,24712,19344,485,2020,34
India,Meghalaya,South West Khasi Hills,142031,101167,99795,938,2020,516
India,Meghalaya,West Garo Hills,304369,219605,181181,3872,2020,1455
India,Meghalaya,West Khasi Hills,381666,312728,311386,4233,2020,3922
India,Mizoram,Aizawl,345326,318685,295653,4861,2020,4088
India,Mizoram,Champhai,343485,298619,288526,12121,2020,5072
India,Mizoram,Kolasib,134891,125638,118388,885,2020,800
India,Mizoram,Lawangtlai,204674,176551,164321,660,2020,3091
India,Mizoram,Lunglei,455319,422560,390114,2812,2020,5454
India,Mizoram,Mamit,307947,293143,271709,1490,2020,2552
India,Mizoram,Saiha,197696,179646,171250,965,2020,1348
India,Mizoram,Serchhip,135837,117116,110274,2492,2020,1655
India,NCT of Delhi,West,150220,263,122,2,2020,0
India,Nagaland,Dimapur,86683,48008,47284,567,2020,369
India,Nagaland,Kiphire,112226,76884,81496,2438,2020,1016
India,Nagaland,Kohima,131049,113206,112344,1181,2020,691
India,Nagaland,Longleng,58857,46310,45195,3993,2020,888
India,Nagaland,Mokokchung,160570,135765,136223,9544,2020,905
India,Nagaland,Mon,216824,175757,171643,8986,2020,3354
India,Nagaland,Peren,168370,153322,150576,3445,2020,1406
India,Nagaland,Phek,191044,138636,151738,1311,2020,1029
India,Nagaland,Tuensang,214332,163570,160823,6000,2020,2829
India,Nagaland,Wokha,162641,134385,131483,3190,2020,1043
India,Nagaland,Zunheboto,157366,124499,128062,3311,2020,1754
India,Odisha,Anugul,637420,147440,91636,6,2020,51
India,Odisha,Balangir,657722,21125,7843,4,2020,0
India,Odisha,Baleshwar,370526,8669,2339,6,2020,0
India,Odisha,Bargarh,580584,19856,11873,4,2020,0
India,Odisha,Bauda,312387,94961,69469,32,2020,4
India,Odisha,Bhadrak,245295,122,18,0,2020,0
India,Odisha,Cuttack,394435,20532,6500,0,2020,0
India,Odisha,Debagarh,281405,60859,46069,4,2020,11
India,Odisha,Dhenkanal,448128,34340,12465,2,2020,6
India,Odisha,Gajapati,406805,163314,117932,87,2020,1458
India,Odisha,Ganjam,838046,161507,109710,36,2020,469
India,Odisha,Jagatsinghapur,167105,77,12,0,2020,0
India,Odisha,Jajapur,290367,4074,2310,0,2020,2
India,Odisha,Jharsuguda,212024,2842,3758,3,2020,0
India,Odisha,Kalahandi,791570,160738,107293,624,2020,977
India,Odisha,Kandhamal,806513,442907,364535,2967,2020,3064
India,Odisha,Kendrapara,248250,58,13,0,2020,0
India,Odisha,Kendujhar,832369,111738,67637,33,2020,370
India,Odisha,Khordha,275639,15903,4978,0,2020,12
India,Odisha,Koraput,858243,105476,88021,115,2020,526
India,Odisha,Malkangiri,583117,122556,79929,54,2020,214
India,Odisha,Mayurbhanj,1045106,220030,163423,8,2020,2
India,Odisha,Nabarangapur,530817,29098,20600,10,2020,56
India,Odisha,Nayagarh,389939,120024,62714,2,2020,24
India,Odisha,Nuapada,387082,32953,24937,1,2020,2
India,Odisha,Puri,350223,376,36,0,2020,0
India,Odisha,Rayagada,738185,215343,153190,295,2020,1413
India,Odisha,Sambalpur,674416,168907,136091,9,2020,2
India,Odisha,Subarnapur,236169,5721,2533,0,2020,0
India,Odisha,Sundargarh,973917,188647,158696,17,2020,211
India,Puducherry,Karaikal,19216,35,308,2,2020,0
India,Puducherry,Mahe,12834,6855,4980,6,2020,16
India,Puducherry,Puducherry,19529,19,264,2,2020,1
India,Puducherry,Yanam,3154,2,5,0,2020,0
India,Punjab,Amritsar,261222,377,432,6,2020,0
India,Punjab,Barnala,148257,320,4,0,2020,0
India,Punjab,Bathinda,336278,139,7,0,2020,0
India,Punjab,Faridkot,144767,75,0,0,2020,0
India,Punjab,Fatehgarh Sahib,117323,202,191,1,2020,0
India,Punjab,Fazilka,271964,87,3,0,2020,0
India,Punjab,Firozpur,250041,642,145,1,2020,0
India,Punjab,Gurdaspur,257822,347,502,8,2020,0
India,Punjab,Hoshiarpur,336023,36187,35452,102,2020,5
India,Punjab,Jalandhar,260276,36,24,0,2020,0
India,Punjab,Kapurthala,165789,563,284,4,2020,0
India,Punjab,Ludhiana,356965,1649,860,6,2020,0
India,Punjab,Mansa,220700,33,18,0,2020,0
India,Punjab,Moga,230248,779,15,0,2020,0
India,Punjab,Muktsar,259888,35,2,0,2020,0
India,Punjab,Pathankot,99880,11476,11764,118,2020,2
India,Punjab,Patiala,333599,1592,2279,9,2020,0
India,Punjab,Rupnagar,138152,10695,8336,44,2020,0
India,Punjab,Sahibzada Ajit Singh Nagar,108846,7882,7151,18,2020,1
India,Punjab,Sangrur,360325,296,209,2,2020,0
India,Punjab,Shahid Bhagat Singh Nagar,129603,1155,1502,10,2020,0
India,Punjab,Tarn Taran,234611,133,163,3,2020,0
India,Rajasthan,Ajmer,864832,2,0,0,2020,0
India,Rajasthan,Alwar,829131,4301,1955,46,2020,0
India,Rajasthan,Banswara,448765,44,12,0,2020,0
India,Rajasthan,Baran,682336,75,3,0,2020,0
India,Rajasthan,Barmer,2831742,0,0,0,2020,0
India,Rajasthan,Bharatpur,505079,543,402,7,2020,0
India,Rajasthan,Bhilwara,1044866,8,1,0,2020,0
India,Rajasthan,Bikaner,2692523,0,0,0,2020,0
India,Rajasthan,Bundi,557361,18,0,0,2020,0
India,Rajasthan,Chittaurgarh,757295,38,1,2,2020,0
India,Rajasthan,Churu,1705000,0,0,0,2020,0
India,Rajasthan,Dausa,358982,21,32,7,2020,0
India,Rajasthan,Dhaulpur,302532,43,20,0,2020,0
India,Rajasthan,Dungarpur,377631,12,2,0,2020,0
India,Rajasthan,Ganganagar,1166503,18,0,0,2020,0
India,Rajasthan,Hanumangarh,890122,1,0,0,2020,0
India,Rajasthan,Jaipur,1124440,250,114,5,2020,0
India,Rajasthan,Jaisalmer,3857174,0,0,0,2020,0
India,Rajasthan,Jalor,1070386,0,0,0,2020,0
India,Rajasthan,Jhalawar,624795,16,3,0,2020,0
India,Rajasthan,Jhunjhunun,591310,12,1,0,2020,0
India,Rajasthan,Jodhpur,2280202,0,0,0,2020,0
India,Rajasthan,Karauli,518220,40,116,12,2020,0
India,Rajasthan,Kota,550289,41,2,0,2020,0
India,Rajasthan,Nagaur,1764675,0,0,0,2020,0
India,Rajasthan,Pali,1232336,32,15,0,2020,0
India,Rajasthan,Pratapgarh,429766,62,16,0,2020,0
India,Rajasthan,Rajsamand,459177,100,85,0,2020,0
India,Rajasthan,Sawai Madhopur,467033,63,1,0,2020,0
India,Rajasthan,Sikar,768138,15,1,0,2020,0
India,Rajasthan,Sirohi,513533,1992,324,0,2020,0
India,Rajasthan,Tonk,723904,3,0,0,2020,0
India,Rajasthan,Udaipur,1200020,4288,1011,0,2020,0
India,Sikkim,East Sikkim,94656,54725,57243,28,2020,22
India,Sikkim,North Sikkim,424153,101793,94756,14,2020,46
India,Sikkim,South Sikkim,73171,39736,43238,6,2020,18
India,Sikkim,West Sikkim,116327,54197,58525,22,2020,46
India,Tamil Nadu,Ariyalur,195050,179,123,6,2020,1
India,Tamil Nadu,Chennai,19496,24,49,0,2020,0
India,Tamil Nadu,Coimbatore,381876,106394,99049,630,2020,89
India,Tamil Nadu,Cuddalore,381529,567,3119,30,2020,5
India,Tamil Nadu,Dharmapuri,451289,60229,40216,20,2020,2
India,Tamil Nadu,Dindigul,605693,131707,117953,1393,2020,177
India,Tamil Nadu,Erode,597195,110441,75879,31,2020,4
India,Tamil Nadu,Kancheepuram,465580,884,432,2,2020,8
India,Tamil Nadu,Kanniyakumari,159095,94368,73746,729,2020,389
India,Tamil Nadu,Karur,288912,2034,1747,16,2020,0
India,Tamil Nadu,Krishnagiri,513456,22659,9827,20,2020,0
India,Tamil Nadu,Madurai,368763,20142,12710,87,2020,1
India,Tamil Nadu,Nagappattinam,240430,2545,5577,43,2020,2
India,Tamil Nadu,Namakkal,340077,26491,18764,75,2020,37
India,Tamil Nadu,Perambalur,175214,6038,4306,0,2020,5
India,Tamil Nadu,Pudukkottai,469005,429,2027,35,2020,1
India,Tamil Nadu,Ramanathapuram,426072,1106,1433,4,2020,0
India,Tamil Nadu,Salem,521044,69377,48800,162,2020,106
India,Tamil Nadu,Sivaganga,406634,719,2896,40,2020,0
India,Tamil Nadu,Thanjavur,339136,6027,5306,127,2020,9
India,Tamil Nadu,The Nilgiris,254621,161439,142481,976,2020,262
India,Tamil Nadu,Theni,284519,68470,59469,295,2020,38
India,Tamil Nadu,Thiruvallur,330691,878,6890,14,2020,0
India,Tamil Nadu,Thiruvarur,251518,5829,11729,55,2020,1
India,Tamil Nadu,Thoothukkudi,471255,7328,2740,17,2020,8
India,Tamil Nadu,Tiruchirappalli,450426,19990,12920,64,2020,65
India,Tamil Nadu,Tirunelveli,677048,122641,101337,292,2020,6
India,Tamil Nadu,Tiruppur,579045,35152,29946,129,2020,4
India,Tamil Nadu,Tiruvannamalai,618357,53147,39589,7,2020,4
India,Tamil Nadu,Vellore,606757,52516,36387,13,2020,17
India,Tamil Nadu,Viluppuram,729374,26944,21438,82,2020,51
India,Tamil Nadu,Virudunagar,428927,13827,9721,44,2020,0
India,Telangana,Adilabad,1604386,43451,45576,1,2020,0
India,Telangana,Hyderabad,17802,7,0,0,2020,0
India,Telangana,Karimnagar,1190025,33293,27498,4,2020,1
India,Telangana,Khammam,1610018,420082,323300,263,2020,267
India,Telangana,Mahbubnagar,1837327,16103,10164,7,2020,0
India,Telangana,Medak,975732,310,48,0,2020,0
India,Telangana,Nalgonda,1409411,393,362,55,2020,0
India,Telangana,Nizamabad,790786,5468,3355,0,2020,0
India,Telangana,Ranga Reddy,754836,86,8,0,2020,0
India,Telangana,Warangal,1280889,144423,93032,23,2020,5
India,Tripura,Dhalai,243285,196775,179288,243,2020,6220
India,Tripura,Gomati,141064,92622,78803,92,2020,1139
India,Tripura,Khowai,103448,64933,53587,77,2020,775
India,Tripura,North Tripura,131984,95513,85079,207,2020,1602
India,Tripura,Sipahijala,102396,44035,31352,173,2020,184
India,Tripura,South Tripura,152454,84216,68592,115,2020,737
India,Tripura,Unokoti,77444,50734,41125,90,2020,589
India,Tripura,West Tripura,101551,40464,31891,180,2020,130
India,Uttar Pradesh,Agra,352635,1111,433,9,2020,0
India,Uttar Pradesh,Aligarh,386530,269,234,2,2020,0
India,Uttar Pradesh,Allahabad,514803,109,1798,87,2020,0
India,Uttar Pradesh,Ambedkar Nagar,232472,190,2167,34,2020,0
India,Uttar Pradesh,Amethi,330740,180,3026,42,2020,0
India,Uttar Pradesh,Amroha,251713,225,224,9,2020,0
India,Uttar Pradesh,Auraiya,217850,52,54,2,2020,0
India,Uttar Pradesh,Azamgarh,389662,399,3073,53,2020,0
India,Uttar Pradesh,Baghpat,133245,118,759,29,2020,0
India,Uttar Pradesh,Bahraich,368710,29878,23583,83,2020,0
India,Uttar Pradesh,Ballia,300802,152,3476,22,2020,0
India,Uttar Pradesh,Balrampur,336719,42532,40338,194,2020,4
India,Uttar Pradesh,Banda,451968,158,1145,3,2020,0
India,Uttar Pradesh,Barabanki,443233,439,1197,33,2020,0
India,Uttar Pradesh,Bareilly,378328,72,251,10,2020,0
India,Uttar Pradesh,Basti,251766,171,697,7,2020,0
India,Uttar Pradesh,Bijnor,431434,15649,15499,108,2020,2
India,Uttar Pradesh,Budaun,420899,86,113,4,2020,0
India,Uttar Pradesh,Bulandshahr,357886,101,37,3,2020,0
India,Uttar Pradesh,Chandauli,253552,1556,7401,189,2020,0
India,Uttar Pradesh,Chitrakoot,308393,5790,5255,26,2020,0
India,Uttar Pradesh,Deoria,255677,321,1221,10,2020,0
India,Uttar Pradesh,Etah,250079,120,115,2,2020,0
India,Uttar Pradesh,Etawah,215276,531,454,13,2020,0
India,Uttar Pradesh,Faizabad,209951,186,856,18,2020,0
India,Uttar Pradesh,Farrukhabad,218442,353,417,3,2020,0
India,Uttar Pradesh,Fatehpur,417684,14,65,2,2020,0
India,Uttar Pradesh,Firozabad,284638,426,155,4,2020,0
India,Uttar Pradesh,Gautam Buddha Nagar,138611,8,7,0,2020,0
India,Uttar Pradesh,Ghaziabad,87238,15,36,0,2020,0
India,Uttar Pradesh,Ghazipur,338598,527,9953,117,2020,0
India,Uttar Pradesh,Gonda,400797,3583,5474,28,2020,0
India,Uttar Pradesh,Gorakhpur,306670,1170,2561,17,2020,0
India,Uttar Pradesh,Hamirpur,426283,251,26,1,2020,0
India,Uttar Pradesh,Hapur,110314,33,25,1,2020,0
India,Uttar Pradesh,Hardoi,601016,1430,532,44,2020,0
India,Uttar Pradesh,Hathras,162087,113,52,1,2020,0
India,Uttar Pradesh,Jalaun,456365,32,4,0,2020,0
India,Uttar Pradesh,Jaunpur,403582,104,1442,23,2020,0
India,Uttar Pradesh,Jhansi,506579,161,35,0,2020,0
India,Uttar Pradesh,Kannauj,207454,139,16,3,2020,0
India,Uttar Pradesh,Kanpur Dehat,316373,26,84,4,2020,0
India,Uttar Pradesh,Kanpur Nagar,292815,65,55,1,2020,0
India,Uttar Pradesh,Kasganj,197603,280,150,2,2020,0
India,Uttar Pradesh,Kaushambi,210356,11,338,8,2020,0
India,Uttar Pradesh,Kushinagar,288811,531,749,2,2020,0
India,Uttar Pradesh,Lakhimpur Kheri,770148,94748,78902,302,2020,0
India,Uttar Pradesh,Lalitpur,504678,2496,623,4,2020,0
India,Uttar Pradesh,Lucknow,253976,1160,1453,103,2020,0
India,Uttar Pradesh,Maharajganj,318731,31937,35386,72,2020,0
India,Uttar Pradesh,Mahoba,283604,111,116,1,2020,0
India,Uttar Pradesh,Mainpuri,275040,148,137,4,2020,0
India,Uttar Pradesh,Mathura,337399,304,568,2,2020,0
India,Uttar Pradesh,Mau,206654,176,2088,15,2020,0
India,Uttar Pradesh,Meerut,260507,729,710,4,2020,0
India,Uttar Pradesh,Mirzapur,451742,76,126,2,2020,0
India,Uttar Pradesh,Moradabad,210602,62,167,8,2020,0
India,Uttar Pradesh,Muzaffarnagar,273061,336,1206,27,2020,0
India,Uttar Pradesh,Pilibhit,359157,51081,50411,89,2020,0
India,Uttar Pradesh,Pratapgarh,371568,115,984,17,2020,0
India,Uttar Pradesh,Rae Bareli,327076,73,496,10,2020,0
India,Uttar Pradesh,Rampur,257084,3333,3481,26,2020,0
India,Uttar Pradesh,Saharanpur,372025,19899,17358,50,2020,0
India,Uttar Pradesh,Sambhal,213644,19,1,0,2020,0
India,Uttar Pradesh,Sant Kabir Nagar,132684,182,964,16,2020,0
India,Uttar Pradesh,Sant Ravi Das Nagar,100916,16,181,8,2020,0
India,Uttar Pradesh,Shahjahanpur,465191,5698,5281,29,2020,0
India,Uttar Pradesh,Shamli,131834,222,327,10,2020,0
India,Uttar Pradesh,Shravasti,315223,29554,26449,126,2020,0
India,Uttar Pradesh,Siddharth Nagar,347860,721,2477,9,2020,0
India,Uttar Pradesh,Sitapur,578044,1843,905,175,2020,0
India,Uttar Pradesh,Sonbhadra,678916,4879,1358,2,2020,0
India,Uttar Pradesh,Sultanpur,246165,90,1438,16,2020,0
India,Uttar Pradesh,Unnao,459854,243,709,46,2020,0
India,Uttar Pradesh,Varanasi,155118,54,47,2,2020,0
India,Uttarakhand,Almora,310201,112210,83294,188,2020,4
India,Uttarakhand,Bageshwar,228123,79668,58991,4,2020,1
India,Uttarakhand,Chamoli,792867,192909,152828,19,2020,14
India,Uttarakhand,Champawat,168452,118482,115597,521,2020,23
India,Uttarakhand,Dehradun,306702,156029,150809,52,2020,6
India,Uttarakhand,Garhwal,545564,291677,261345,120,2020,21
India,Uttarakhand,Hardwar,238572,25703,24158,211,2020,1
India,Uttarakhand,Nainital,406379,297778,287829,3809,2020,366
India,Uttarakhand,Pithoragarh,732913,124243,89944,33,2020,34
India,Uttarakhand,Rudraprayag,121405,46549,38960,6,2020,10
India,Uttarakhand,Tehri Garhwal,438890,216898,212079,72,2020,24
India,Uttarakhand,Udham Singh Nagar,286233,54957,57103,955,2020,474
India,Uttarakhand,Uttarkashi,804550,231737,198289,63,2020,12
India,West Bengal,Alipurduar,280176,118440,83490,660,2020,86
India,West Bengal,Bankura,696472,423,15,27,2020,0
India,West Bengal,Barddhaman,704144,190,172,4,2020,0
India,West Bengal,Birbhum,455570,7,96,1,2020,0
India,West Bengal,Dakshin Dinajpur,211766,122,160,1,2020,0
India,West Bengal,Darjiling,314436,152184,156762,399,2020,107
India,West Bengal,Haora,144036,1435,922,2,2020,0
India,West Bengal,Hugli,315210,1188,244,0,2020,0
India,West Bengal,Jalpaiguri,338376,67359,49856,480,2020,61
India,West Bengal,Koch Bihar,338718,14449,8297,172,2020,11
India,West Bengal,Kolkata,9162,35,3,0,2020,0
India,West Bengal,Maldah,361110,212,147,10,2020,0
India,West Bengal,Murshidabad,541121,357,173,3,2020,0
India,West Bengal,Nadia,392088,2000,790,1,2020,2
India,West Bengal,North 24 Parganas,581554,35148,26531,0,2020,2
India,West Bengal,Pashchim Medinipur,940038,1560,174,72,2020,5
India,West Bengal,Purba Medinipur,398147,850,253,1,2020,0
India,West Bengal,Puruliya,625675,3124,117,1,2020,0
India,West Bengal,South 24 Parganas,552715,4568,3307,0,2020,1
India,West Bengal,Uttar Dinajpur,336010,4269,375,208,2020,7
